<?xml version="1.0" encoding="utf-8"?>
<COLLADA xmlns="http://www.collada.org/2005/11/COLLADASchema" version="1.4.1" xmlns:xsi="http://www.w3.org/2001/XMLSchema-instance">
  <asset>
    <contributor>
      <author>Blender User</author>
      <authoring_tool>Blender 2.93.6 commit date:2021-11-16, commit time:14:54, hash:c842a90e2fa1</authoring_tool>
    </contributor>
    <created>2025-07-02T16:44:08</created>
    <modified>2025-07-02T16:44:08</modified>
    <unit name="meter" meter="1"/>
    <up_axis>Z_UP</up_axis>
  </asset>
  <library_effects>
    <effect id="Part__Feature017_002-effect">
      <profile_COMMON>
        <technique sid="common">
          <lambert>
            <emission>
              <color sid="emission">0 0 0 1</color>
            </emission>
            <diffuse>
              <color sid="diffuse">0.8823529 0.8823529 0.8823529 1</color>
            </diffuse>
            <index_of_refraction>
              <float sid="ior">1.45</float>
            </index_of_refraction>
          </lambert>
        </technique>
      </profile_COMMON>
    </effect>
  </library_effects>
  <library_images/>
  <library_materials>
    <material id="Part__Feature017_002-material" name="Part__Feature017.002">
      <instance_effect url="#Part__Feature017_002-effect"/>
    </material>
  </library_materials>
  <library_geometries>
    <geometry id="Part__Feature017_001-mesh" name="Part__Feature017.001">
      <mesh>
        <source id="Part__Feature017_001-mesh-positions">
          <float_array id="Part__Feature017_001-mesh-positions-array" count="4452">-0.03784626 0.121593 -0.00744158 -0.03760629 0.1210976 -0.007496595 -0.03904825 0.1210555 -0.007104516 -0.03970134 0.1215209 -0.006713151 -0.04024606 0.1209792 -0.00626409 -0.04087597 0.1214036 -0.005360245 -0.04104894 0.1208723 -0.005006253 -0.04137277 0.1212618 -0.003641545 -0.04137319 0.1207421 -0.003415644 -0.04104351 0.1211228 -0.001882016 -0.0409671 0.1206132 -0.001775205 -0.04018777 0.1210276 -6.20059e-4 -0.04009222 0.1205222 -5.65001e-4 -0.03877484 0.1209627 3.14722e-4 -0.03855103 0.1204595 3.54064e-4 -0.03712844 0.1209553 5.55871e-4 -0.03867691 0.1249474 6.75683e-4 -0.0382542 0.1254407 8.17437e-4 -0.03925162 0.1254636 4.41546e-4 -0.03996849 0.1249988 -8.03031e-5 -0.04014492 0.1255082 -1.93564e-4 -0.04081058 0.1250716 -0.001062452 -0.04102659 0.1255987 -0.001398742 -0.04133522 0.1251801 -0.002458512 -0.04136604 0.1257048 -0.002749264 -0.0412842 0.1253082 -0.004047989 -0.04125344 0.1258198 -0.004169046 -0.04072177 0.1254148 -0.005322575 -0.04063045 0.1259242 -0.005412459 -0.03999608 0.1254861 -0.006143391 -0.03975033 0.1260036 -0.006319701 -0.03890317 0.1255496 -0.006834805 -0.03849518 0.1260617 -0.006928265 -0.03723692 0.1255865 -0.007142961 -0.0373789 0.1260821 -0.007081925 -0.03966891 0.1206208 0.00526309 -0.03959739 0.1200591 0.005239486 -0.0381394 0.1206163 0.005540668 -0.03766947 0.1200497 0.005531251 -0.03919947 0.1250364 0.00576055 -0.03969627 0.1244684 0.005572617 -0.0380814 0.12445 0.005858957 -0.03776204 0.1214989 -0.01250332 -0.036394 0.1264885 -0.012048 -0.03762406 0.1238279 -0.0123105 -0.0380209 0.1264795 -0.01208299 -0.03790563 0.1242219 -0.01226514 -0.03899705 0.1233894 -0.01219588 -0.03730022 0.1240147 -0.0122931 -0.04620504 0.1253422 0.001324117 -0.04611724 0.1203591 9.18732e-4 -0.03731739 0.1253836 -0.00462687 -0.03794461 0.1253705 -0.00452131 -0.03792506 0.1213824 -0.004829347 -0.03842127 0.1213521 -0.004496932 -0.03843563 0.1253396 -0.004181325 -0.03875511 0.1253003 -0.003721237 -0.03881239 0.1212947 -0.003818333 -0.03887307 0.1252524 -0.003136813 -0.03879904 0.1212348 -0.003072381 -0.0387634 0.1252061 -0.002550125 -0.03841954 0.1211813 -0.002372562 -0.03840035 0.1251669 -0.002029836 -0.03786861 0.1251446 -0.001704633 -0.03775548 0.1211564 -0.002002477 -0.03720027 0.1251431 -0.001625597 -0.03694385 0.1211595 -0.001968264 -0.05666303 0.1248849 -2.39532e-4 -0.05652236 0.1253848 -1.39247e-4 -0.05752128 0.1254312 -8.07091e-4 -0.05779904 0.1249426 -0.001104891 -0.0585016 0.1255105 -0.001881062 -0.05867803 0.1250262 -0.002222239 -0.05913668 0.1256245 -0.003357589 -0.05921208 0.1251459 -0.003746211 -0.05930471 0.1257517 -0.004954099 -0.05926144 0.1252756 -0.005361974 -0.05883568 0.125899 -0.00674355 -0.05871295 0.1254119 -0.007009446 -0.0580796 0.1259953 -0.007873475 -0.05773395 0.125523 -0.008293092 -0.05699414 0.1260811 -0.008841335 -0.05657845 0.1255915 -0.009096205 -0.05554717 0.1261404 -0.009449779 -0.05551767 0.1256104 -0.00949639 -0.07150208 0.1215327 0.01512801 -0.07082849 0.1216318 0.01496458 -0.07080554 0.1214678 0.01494079 -0.3515623 0.125272 -0.03173834 -0.3514791 0.1212884 -0.0321021 -0.3520514 0.1212124 -0.0312106 -0.3520967 0.1251947 -0.03082495 -0.3536918 0.1209941 -0.01338875 -0.3534669 0.1232506 -0.01590704 -0.3534566 0.1207293 -0.0160216 -0.3537003 0.1225482 -0.01327919 -0.3529239 0.120541 -0.02191793 -0.3528885 0.124439 -0.02231144 -0.2472724 0.1236984 -0.03121137 -0.2437013 0.1237351 -0.03090149 -0.245548 0.1234523 -0.03090155 -0.2442271 0.1231871 -0.03055882 -0.2438359 0.1229063 -0.03020304 -0.2428402 0.1233021 -0.03054684 -0.242458 0.123743 -0.03080052 -0.2427033 0.1239247 -0.03086417 -0.2406861 0.122905 -0.02992743 -0.2401221 0.1234086 -0.03038954 -0.2374963 0.1232221 -0.02999693 -0.2352527 0.1237836 -0.03015685 -0.2361932 0.1227763 -0.02933835 -0.2349404 0.1231789 -0.02970683 -0.2340649 0.1227282 -0.02907109 -0.2335254 0.1235857 -0.02990573 -0.2326802 0.1225179 -0.02857029 -0.2320951 0.1231343 -0.02941697 -0.230947 0.1235 -0.02961313 -0.2303014 0.1229395 -0.02902251 -0.2290416 0.1224595 -0.02813988 -0.2277294 0.1233835 -0.02924185 -0.2269972 0.1228657 -0.02862322 -0.2257447 0.1224527 -0.02783858 -0.227429 0.1221658 -0.0272566 -0.2266009 0.1236271 -0.02930486 -0.2229529 0.1238033 -0.02905398 -0.225215 0.1231135 -0.02877521 -0.2243553 0.1235848 -0.02907466 -0.2228739 0.1231619 -0.02861523 -0.223257 0.1225982 -0.02787595 -0.2203254 0.122951 -0.02813327 -0.2052841 0.1236597 -0.02739125 -0.2208278 0.1234571 -0.02867126 -0.218328 0.1226476 -0.02751034 -0.2209363 0.1224678 -0.02742606 -0.2177752 0.1222879 -0.0266965 -0.2178193 0.1230773 -0.0280742 -0.2177621 0.1218826 -0.02546614 -0.2131704 0.1230348 -0.0275982 -0.2151286 0.1225895 -0.02713173 -0.213519 0.1219095 -0.02520698 -0.2122617 0.1223644 -0.02641201 -0.2094693 0.1227331 -0.02683961 -0.2091452 0.1232277 -0.02743786 -0.2054735 0.1232805 -0.02715009 -0.206341 0.1230291 -0.02696949 -0.2024898 0.1231877 -0.02679884 -0.2020275 0.1227334 -0.02617043 -0.203319 0.1225178 -0.02591228 -0.2006398 0.1230925 -0.02653467 -0.2005689 0.1236344 -0.02695387 -0.199501 0.1234624 -0.02674645 -0.1988162 0.1230372 -0.02630114 -0.1963214 0.1236974 -0.02660363 -0.1975406 0.122704 -0.02573484 -0.1952598 0.1229239 -0.02584993 -0.1972475 0.1232951 -0.02641773 -0.1951284 0.12386 -0.02655583 -0.1947239 0.1234705 -0.02632296 -0.1889035 0.1237246 -0.02594423 -0.1930916 0.1235065 -0.02620548 -0.1920936 0.123039 -0.0256924 -0.1901053 0.1228619 -0.02530598 -0.190653 0.123377 -0.02588534 -0.1884251 0.1234214 -0.02571469 -0.1888732 0.1226778 -0.02491009 -0.1877931 0.1229596 -0.02520012 -0.1857089 0.1233804 -0.02543932 -0.1835829 0.1233292 -0.02520823 -0.1814419 0.1234496 -0.02511334 -0.1809011 0.1229124 -0.02452749 -0.1783252 0.1231421 -0.02455717 -0.1783519 0.1224922 -0.0236001 -0.1773465 0.1234906 -0.0247659 -0.176567 0.1227531 -0.02390927 -0.1749121 0.1231226 -0.02422893 -0.1759945 0.1236688 -0.02475094 -0.1742466 0.1228365 -0.02381938 -0.1723441 0.1224969 -0.0230754 -0.1736368 0.1233216 -0.0242958 -0.1747794 0.1222709 -0.02277672 -0.1723812 0.1236817 -0.02443081 -0.1713912 0.1232208 -0.02402144 -0.1713034 0.1226949 -0.02333569 -0.1700197 0.1230509 -0.02371215 -0.04983305 0.1205871 0.00637263 -0.1679109 0.1239101 -0.02410215 -0.1682878 0.1234343 -0.02390527 -0.1676947 0.1237876 -0.02405655 -0.1678972 0.1230357 -0.02350717 -0.1654213 0.1233446 -0.02358669 -0.1655939 0.1228225 -0.02301299 -0.04575616 0.1205909 0.005840539 -0.1584223 0.1238447 -0.02323353 -0.1633961 0.1235842 -0.02356857 -0.1642154 0.1231721 -0.02331489 -0.1607796 0.1232725 -0.02310508 -0.1594158 0.1229865 -0.0226857 -0.1589643 0.1236049 -0.02317214 -0.1579817 0.1233732 -0.02293312 -0.156429 0.123519 -0.0229035 -0.155229 0.1231635 -0.02250009 -0.1549742 0.1225323 -0.02158933 -0.1547137 0.1238346 -0.02289509 -0.1533986 0.1233806 -0.0225256 -0.1535592 0.1229838 -0.0221427 -0.1495512 0.1238256 -0.02242815 -0.1514617 0.1234856 -0.02242094 -0.1514309 0.1230692 -0.02205651 -0.1500108 0.1233711 -0.02221196 -0.1488133 0.1229662 -0.02169257 -0.1492214 0.1237424 -0.02236294 -0.1398889 0.1239091 -0.0215702 -0.1446918 0.1237801 -0.02197295 -0.1484361 0.1233983 -0.0220884 -0.1462693 0.1231573 -0.02167838 -0.1451212 0.1227926 -0.02112722 -0.1433098 0.1235046 -0.02169793 -0.1423171 0.1227446 -0.02079677 -0.1429747 0.1230897 -0.02130872 -0.1429241 0.12224 -0.01984137 -0.1410324 0.1238328 -0.02165955 -0.1402606 0.1229929 -0.02095508 -0.1396299 0.1232576 -0.02117025 -0.1400022 0.1236864 -0.02150839 -0.344473 0.1207661 -0.0146777 -0.3457758 0.1213127 -0.01067227 -0.1395877 0.1226644 -0.02041923 -0.1384561 0.1223011 -0.01958525 -0.3479496 0.1206481 -0.01696884 -0.1383172 0.123463 -0.02121543 -0.1378001 0.1238102 -0.02136087 -0.1380577 0.1228749 -0.02061021 -0.137377 0.1231393 -0.02085524 -0.3443132 0.1206479 -0.02293092 -0.1351765 0.1233462 -0.02085483 -0.1347193 0.1237537 -0.02105987 -0.3355468 0.1205852 -0.01742178 -0.1333993 0.123375 -0.02071791 -0.1322001 0.1231389 -0.0203889 -0.1320071 0.1235971 -0.02074217 -0.1329098 0.1227722 -0.01999294 -0.1306052 0.1238312 -0.02071595 -0.1307887 0.1234862 -0.02055561 -0.3356757 0.1207227 -0.0235899 -0.3428216 0.1217572 -0.03631794 -0.1283645 0.1238071 -0.02050435 -0.1285911 0.1230766 -0.01999562 -0.1278572 0.1234956 -0.02028912 -0.1269726 0.1231162 -0.0198878 -0.1257095 0.1236629 -0.02020299 -0.1252929 0.1232501 -0.01987665 -0.1225944 0.1232965 -0.01967447 -0.12333 0.1229364 -0.01935875 -0.1210867 0.1236408 -0.01977497 -0.1206631 0.123829 -0.01981908 -0.1199959 0.1233505 -0.01948064 -0.1181434 0.123547 -0.01946103 -0.1191704 0.1229656 -0.0190109 -0.1155399 0.1234496 -0.01915037 -0.115516 0.1230366 -0.01876944 -0.1130888 0.1237711 -0.01911294 -0.1123867 0.1223306 -0.01731336 -0.1135054 0.1226928 -0.01810127 -0.110869 0.123093 -0.01841175 -0.113768 0.1232854 -0.01885855 -0.1117066 0.1235848 -0.01889508 -0.1102106 0.1234541 -0.01866996 -0.105113 0.1237583 -0.01838457 -0.1087369 0.1230787 -0.01820462 -0.1069473 0.1230774 -0.01804333 -0.1060513 0.1233674 -0.01823443 -0.1029617 0.1231694 -0.01777684 -0.1024322 0.1237877 -0.01815479 -0.1024101 0.1234866 -0.01799172 -0.1022192 0.1228369 -0.01731121 -0.1004152 0.123129 -0.017502 -0.09798377 0.1238319 -0.01776605 -0.09897851 0.1233203 -0.01755803 -0.09919691 0.1227539 -0.01691395 -0.09682607 0.1230678 -0.01711082 -0.09785085 0.1235621 -0.01762968 -0.09647029 0.1225006 -0.01624953 -0.0948652 0.1236149 -0.01739257 -0.09329473 0.1235261 -0.0171917 -0.09313088 0.1237865 -0.01731556 -0.09318995 0.1239069 -0.01734805 -0.09181505 0.1233938 -0.01696562 -0.09321081 0.1230305 -0.01674872 -0.09049785 0.1232384 -0.01671785 -0.09054118 0.1237505 -0.01706653 -0.08374643 0.1238529 -0.01648509 -0.09058731 0.1227992 -0.01621061 -0.08924317 0.1236355 -0.01688271 -0.08879512 0.1230282 -0.01635104 -0.08701628 0.1234712 -0.01659214 -0.08810508 0.1225684 -0.01560378 -0.08558332 0.1236671 -0.01657444 -0.085141 0.1232038 -0.01620221 -0.08315527 0.1232762 -0.01608794 -0.3330882 0.1214851 -0.0329129 -0.08349031 0.1236435 -0.01637727 -0.07957929 0.1226495 -0.01497131 -0.08078581 0.123117 -0.01571494 -0.08039498 0.1236135 -0.01607716 -0.07777744 0.1238377 -0.01594185 -0.07753777 0.1234285 -0.01569956 -0.07872676 0.1230785 -0.01548957 -0.07457852 0.1238531 -0.01565855 -0.07550811 0.1237405 -0.01570194 -0.07535445 0.1230586 -0.01516824 -0.07473558 0.1235131 -0.01550489 -0.07355165 0.1238249 -0.01555448 -0.07310867 0.1234303 -0.01530367 -0.06994795 0.1237873 -0.01522004 -0.07098805 0.123413 -0.01510846 -0.0692979 0.1233139 -0.01485896 -0.06767165 0.1231706 -0.01458472 -0.06741076 0.1235859 -0.01488494 -0.06627899 0.1226341 -0.01374864 -0.06803572 0.122932 -0.01434522 -0.06617122 0.1238398 -0.0148949 -0.06557321 0.1231226 -0.01434415 -0.06592381 0.1234596 -0.01467293 -0.06519633 0.1239218 -0.01481801 -0.06391924 0.1234237 -0.01446777 -0.06499165 0.1237365 -0.01474803 -0.06384551 0.1238492 -0.01468878 -0.06357032 0.1228811 -0.01387679 -0.06173568 0.1226875 -0.01341801 -0.06344163 0.1232166 -0.01424807 -0.05582112 0.1238273 -0.0139572 -0.06215876 0.1237573 -0.01450324 -0.06001615 0.1224359 -0.01278799 -0.06066334 0.1230973 -0.01387012 -0.06117761 0.123525 -0.01428657 -0.05864566 0.1230666 -0.01366454 -0.05732721 0.1236505 -0.01401436 -0.0587635 0.1234435 -0.01401573 -0.05626952 0.123615 -0.01390027 -0.06420743 0.1207846 0.01090282 -0.04965287 0.1237232 -0.01335877 -0.05474227 0.1237552 -0.0138337 -0.06187862 0.1205728 0.005980432 -0.06029176 0.120655 0.009151995 -0.05261033 0.1236607 -0.01359158 -0.05423492 0.1233323 -0.01351815 -0.05060911 0.1233124 -0.01317495 -0.05279219 0.1229243 -0.01296776 -0.04803901 0.1237941 -0.01324385 -0.04725337 0.1238199 -0.01318055 -0.04697418 0.1233391 -0.01286894 -0.04631984 0.1238523 -0.01310646 -0.04510426 0.1237902 -0.01297408 -0.04583406 0.1236552 -0.01298093 -0.0441305 0.1235203 -0.01274502 -0.04203546 0.1238265 -0.01271158 -0.04249739 0.123287 -0.01242643 -0.04043859 0.1237548 -0.01254153 -0.03957968 0.1238819 -0.01250082 -0.03864759 0.1238469 -0.01241111 -0.06559479 0.1205825 0.004425168 -0.05685323 0.1206392 0.003084063 -0.06335097 0.1207118 0.00121963 -0.05854773 0.1210298 -0.002386391 -0.05908453 0.1211267 -0.003653049 -0.05426412 0.1205831 0.007363736 -0.05774921 0.1209565 -0.001404285 -0.05663257 0.1208934 -5.61757e-4 -0.04725462 0.1221846 -0.01103782 -0.04269981 0.1226742 -0.01168268 -0.342068 0.1209599 -0.01252204 -0.3398547 0.1214722 -0.009355247 -0.3348157 0.1208857 -0.01244032 -0.3351252 0.1215302 -0.008679986 -0.3385197 0.1216354 -0.03519576 -0.3358904 0.1216214 -0.03477936 -0.3369572 0.1217682 -0.03578674 -0.3360319 0.1219648 -0.03644543 -0.2177513 0.1209325 -0.001517355 -0.2907099 0.1207668 -0.009852647 -0.2473669 0.1205785 -0.01117771 -0.1596016 0.1207668 0.00199902 -0.1744092 0.1205973 -0.002833545 -0.1379303 0.1206229 0.001338183 -0.1506199 0.1205981 -0.003484249 -0.07023882 0.1210073 0.01243031 -0.0672183 0.1209874 0.01260727 -0.06797629 0.1206562 0.008664309 -0.3348686 0.1205922 -0.02036273 -0.3388811 0.1219087 -0.03651273 -0.3392952 0.1224051 -0.03797966 -0.3374872 0.1222844 -0.03753525 -0.3223507 0.120693 -0.02191781 -0.3362414 0.1225687 -0.0380302 -0.31238 0.1210444 -0.009205281 -0.3232435 0.1208097 -0.01203149 -0.3362248 0.1228821 -0.03852444 -0.3136191 0.1206193 -0.01418292 -0.3193798 0.1216422 -0.03346741 -0.3143826 0.1206449 -0.02015352 -0.3063614 0.1212025 -0.02695655 -0.3133182 0.1216546 -0.03307563 -0.2854585 0.1207435 -0.01938104 -0.2856004 0.1205704 -0.01445007 -0.2974477 0.1216751 -0.03172296 -0.3031705 0.1218883 -0.0331999 -0.2752709 0.1206087 -0.01540219 -0.2704588 0.1216677 -0.02923822 -0.2577534 0.1207554 -0.01686328 -0.2434028 0.1209063 -0.01763087 -0.2266172 0.1205927 -0.0108484 -0.2324446 0.121549 -0.02465373 -0.2084582 0.1205939 -0.006652057 -0.1626659 0.1206734 -0.007051408 -0.1163958 0.1209482 0.007811069 -0.1078698 0.1208205 0.007459104 -0.1045574 0.1207364 -0.002882957 -0.1174071 0.1206889 -0.00342983 -0.08251833 0.1207883 0.009340226 -0.09097057 0.120612 0.005441129 -0.09540945 0.1205779 0.002170085 -0.0965107 0.1209334 -0.004701495 -0.09884947 0.1215847 -0.0129134 -0.08392238 0.1206477 5.97522e-4 -0.08243471 0.1216365 -0.01194244 -0.07304251 0.1206771 7.8657e-4 -0.3293861 0.121025 -0.01088106 -0.3251202 0.1205706 -0.01774466 -0.3199931 0.1205788 -0.01633822 -0.3376141 0.1229599 -0.03874993 -0.336072 0.1222589 -0.03732019 -0.3369066 0.1233354 -0.03906643 -0.3363393 0.1231479 -0.03885006 -0.3361392 0.1234628 -0.03909891 -0.3308489 0.1222678 -0.03689706 -0.334037 0.1223164 -0.03729337 -0.2907931 0.1216725 -0.03109544 -0.2853496 0.1216877 -0.03066021 -0.2638329 0.1216883 -0.02876764 -0.2536062 0.1216316 -0.02747255 -0.2503575 0.1216283 -0.02709358 -0.2449184 0.1216938 -0.02708268 -0.2204684 0.1205904 -0.006549119 -0.1868766 0.120628 -0.008424222 -0.1936427 0.1213556 -0.01867008 -0.1744488 0.1206621 -0.008144855 -0.1824008 0.1216516 -0.02120667 -0.1763502 0.1217806 -0.0212965 -0.1463945 0.1216405 -0.01774436 -0.1202398 0.1205746 0.001231193 -0.1351768 0.1206864 -0.004757225 -0.1046355 0.120573 0.002918422 -0.1119245 0.1216487 -0.0148161 -0.1078631 0.1216281 -0.01424324 -0.1005274 0.1217854 -0.01448565 -0.08325552 0.1205883 0.0052284 -0.07559251 0.1210444 0.0121991 -0.07682603 0.1205604 0.004673182 -0.09534651 0.1217092 -0.01362466 -0.06302219 0.1212559 -0.005622565 -0.05927824 0.1212474 -0.005180537 -0.05897289 0.1213682 -0.006651401 -0.05978196 0.1216396 -0.01001638 -0.06288033 0.1219242 -0.01160919 -0.05841034 0.1214625 -0.007775664 -0.05717128 0.1215717 -0.009070456 -0.05736184 0.1217486 -0.01042419 -0.05559569 0.121667 -0.009791016 -0.05507987 0.1220774 -0.01142179 -0.33374 0.1218231 -0.03571593 -0.3363769 0.1237524 -0.03928941 -0.32976 0.1217292 -0.03498429 -0.3341966 0.1228247 -0.03826963 -0.3338412 0.1233439 -0.03881436 -0.3317864 0.1228067 -0.0380342 -0.3197226 0.1220185 -0.03519648 -0.3153267 0.1219968 -0.03467649 -0.3151153 0.1223647 -0.03568929 -0.3089623 0.1219851 -0.03408461 -0.3113783 0.1223176 -0.03523999 -0.2955549 0.122242 -0.03362798 -0.2916803 0.122 -0.03255617 -0.2594082 0.1217383 -0.02860957 -0.2571223 0.1219223 -0.02919906 -0.261373 0.1223121 -0.03073358 -0.230495 0.1217191 -0.02586936 -0.2196542 0.121684 -0.0247429 -0.2165806 0.1216022 -0.02383708 -0.2092341 0.1207921 -0.01311534 -0.2034215 0.1215938 -0.02251112 -0.1874011 0.1216779 -0.02186465 -0.1844588 0.1217831 -0.02204078 -0.1851963 0.1221659 -0.02343744 -0.1816655 0.1219089 -0.02231705 -0.1784272 0.1221693 -0.02282804 -0.1326603 0.1216489 -0.01669943 -0.1380229 0.1217315 -0.01764911 -0.1177729 0.1217697 -0.0159986 -0.1092261 0.1220874 -0.01637911 -0.1082479 0.1218495 -0.01545393 -0.1038776 0.1221181 -0.01597243 -0.09865134 0.1222503 -0.01586949 -0.06634765 0.121762 -0.01137274 -0.0690062 0.122412 -0.01355725 -0.070454 0.1217613 -0.01168686 -0.04730683 0.1227226 -0.01218974 -0.04893243 0.1229848 -0.0126841 -0.04459285 0.1230524 -0.01238149 -0.3362761 0.1239061 -0.03932493 -0.3269675 0.1221272 -0.0361557 -0.329819 0.1227748 -0.0377984 -0.3280817 0.1225386 -0.03723436 -0.327311 0.1229946 -0.03786981 -0.3247705 0.1226277 -0.03710168 -0.3200447 0.1224631 -0.03635185 -0.3168746 0.1227943 -0.03665709 -0.3131571 0.1228221 -0.03636705 -0.2982234 0.1219685 -0.0330367 -0.298665 0.1224057 -0.03431051 -0.2965632 0.1226281 -0.03455168 -0.2852436 0.1221113 -0.03232401 -0.2841929 0.1224461 -0.03308004 -0.278005 0.1217029 -0.03017121 -0.2784027 0.1223962 -0.03245538 -0.2639218 0.1220932 -0.03032946 -0.2617391 0.1228259 -0.03171592 -0.2584022 0.1223276 -0.03048968 -0.258435 0.1227907 -0.03137326 -0.2504732 0.1220326 -0.02895408 -0.2398266 0.1218321 -0.02724218 -0.2223777 0.1220801 -0.02652144 -0.2059512 0.1217949 -0.02403056 -0.1843988 0.1227521 -0.02460318 -0.1830239 0.1223714 -0.02378374 -0.1713079 0.12173 -0.02071756 -0.1666227 0.1215674 -0.0188893 -0.1535161 0.1216727 -0.0187385 -0.1452163 0.1217747 -0.01845991 -0.1111092 0.12263 -0.01779508 -0.1065961 0.1225922 -0.01731574 -0.1013007 0.1225004 -0.01666343 -0.09305983 0.1219323 -0.01439648 -0.0849868 0.1217706 -0.01302379 -0.07900387 0.1220181 -0.01338875 -0.07603073 0.1216605 -0.01168197 -0.07237017 0.1216211 -0.01095664 -0.07345217 0.1229181 -0.01482468 -0.07439118 0.1225165 -0.01426821 -0.07079952 0.1228021 -0.01442319 -0.0628187 0.1223265 -0.01280474 -0.3311124 0.1232025 -0.0384292 -0.3245843 0.1229231 -0.0375241 -0.3169327 0.1232751 -0.03722083 -0.3142544 0.1232852 -0.03698235 -0.3110637 0.1228449 -0.03621095 -0.3094449 0.1230528 -0.0363152 -0.3043599 0.1224653 -0.03494489 -0.3013256 0.1227648 -0.03520601 -0.2915015 0.1223171 -0.03343474 -0.2898955 0.1225745 -0.03384894 -0.2736822 0.1223368 -0.0318818 -0.2687559 0.1223885 -0.03154402 -0.2701528 0.121999 -0.03060448 -0.2677302 0.1226972 -0.03206044 -0.2643026 0.1224465 -0.03127932 -0.2613511 0.123227 -0.03214454 -0.2609348 0.1235721 -0.03237223 -0.2595058 0.1231192 -0.03188067 -0.2537866 0.1225321 -0.03053075 -0.2493564 0.1224148 -0.02986049 -0.2463627 0.1221089 -0.02884072 -0.2405697 0.1223395 -0.02890783 -0.2444424 0.1225751 -0.02973496 -0.2084442 0.122002 -0.02507245 -0.2028728 0.122101 -0.02485173 -0.2013919 0.1218193 -0.02374547 -0.1938561 0.1219955 -0.02371597 -0.1956055 0.1216863 -0.02255362 -0.192754 0.1224219 -0.02477216 -0.1861433 0.1226878 -0.0246793 -0.1853724 0.1230202 -0.02506524 -0.1685919 0.1217544 -0.02048486 -0.165765 0.1221047 -0.02149635 -0.1631062 0.1218777 -0.02052122 -0.1610706 0.1216483 -0.01918274 -0.1518667 0.122029 -0.02002537 -0.1260256 0.1216325 -0.01592296 -0.1280686 0.1218895 -0.01737302 -0.1291132 0.1224144 -0.01898705 -0.1260462 0.1221167 -0.01792985 -0.1292384 0.1226612 -0.01948201 -0.1199181 0.1218331 -0.01644754 -0.1222439 0.1225069 -0.01856166 -0.1180672 0.1223237 -0.0177865 -0.1143143 0.1220384 -0.01665794 -0.1154701 0.1225844 -0.01811492 -0.09274107 0.1223268 -0.01550406 -0.08583331 0.1222396 -0.01467001 -0.08375996 0.1223474 -0.01474493 -0.08264333 0.1227456 -0.01540637 -0.07883244 0.12233 -0.01426088 -0.07551825 0.1222258 -0.0137133 -0.07325673 0.1220358 -0.01292985 -0.05530166 0.1225325 -0.01256024 -0.05572336 0.1229179 -0.01321327 -0.0500133 0.1227595 -0.01248329 -0.33629 0.1239854 -0.03931647 -0.3341344 0.1238411 -0.03912329 -0.3295846 0.1235104 -0.03854262 -0.3267524 0.1233565 -0.03817325 -0.3270655 0.123841 -0.03848016 -0.3259621 0.1237772 -0.03835707 -0.3238123 0.1232912 -0.03785514 -0.3219703 0.1231452 -0.03754842 -0.3197589 0.1231048 -0.03731054 -0.3198233 0.1228192 -0.03695935 -0.3071361 0.1226394 -0.03554171 -0.3034299 0.1230609 -0.03579616 -0.2994609 0.1230267 -0.03538447 -0.2981708 0.1233607 -0.03559273 -0.2970264 0.1230052 -0.0351336 -0.2986562 0.1237723 -0.03589111 -0.2935181 0.1227732 -0.03451383 -0.2914419 0.1230291 -0.03466379 -0.2894964 0.1239549 -0.03509235 -0.3276048 0.123911 -0.03853732 -0.2870455 0.1228775 -0.03407365 -0.279833 0.1228439 -0.03337812 -0.2775813 0.1233642 -0.03374028 -0.2762352 0.1227545 -0.03291302 -0.2736583 0.1226987 -0.03259629 -0.2711425 0.1227191 -0.03241056 -0.2661659 0.1230674 -0.03242158 -0.2643214 0.122963 -0.032139 -0.2549443 0.1228562 -0.03113985 -0.2502162 0.1226792 -0.03044271 -0.2327713 0.1222805 -0.02804994 -0.2075491 0.1226594 -0.02656692 -0.1891034 0.1221667 -0.02381664 -0.1700566 0.1222382 -0.02224296 -0.1659926 0.1225652 -0.02261608 -0.161522 0.1225066 -0.02212923 -0.1626107 0.1229159 -0.02288413 -0.1597691 0.1221212 -0.02099812 -0.1578856 0.1224851 -0.02174687 -0.1500368 0.1224108 -0.02089208 -0.1475017 0.1220569 -0.0197131 -0.1474743 0.122681 -0.02117115 -0.135016 0.122829 -0.02026277 -0.134266 0.1224166 -0.01946121 -0.1353437 0.1219355 -0.01819986 -0.1260017 0.1226836 -0.01923739 -0.12145 0.1221029 -0.01748073 -0.05632245 0.1232754 -0.01365673 -0.04970997 0.1223765 -0.01172876 -0.3353226 0.1238689 -0.0392329 -0.3317159 0.1235614 -0.03876465 -0.3314679 0.1238523 -0.03888154 -0.3281751 0.1237564 -0.03855025 -0.3187498 0.1234979 -0.03755241 -0.3176494 0.1238273 -0.03762549 -0.3166497 0.1235783 -0.03741645 -0.3009708 0.1233116 -0.03580731 -0.2997499 0.1238318 -0.03600937 -0.3082465 0.1237717 -0.03675359 -0.2956115 0.1232838 -0.03529751 -0.2969484 0.1237294 -0.03571861 -0.2947922 0.1235019 -0.03538781 -0.2934002 0.1232016 -0.03502035 -0.2941238 0.1238194 -0.03549396 -0.288341 0.1236286 -0.03488427 -0.2878966 0.1232786 -0.03459441 -0.283859 0.1228576 -0.03375238 -0.2807861 0.1231622 -0.0338447 -0.280081 0.1238307 -0.03422892 -0.2697864 0.123811 -0.03328943 -0.2731195 0.1231044 -0.03308826 -0.2733649 0.1234926 -0.03345209 -0.2652374 0.1234654 -0.03269016 -0.2578508 0.1233417 -0.03193396 -0.255878 0.1232545 -0.03168183 -0.2538099 0.1231643 -0.0314005 -0.2515241 0.1231286 -0.03116822 -0.2528329 0.123483 -0.03158396 -0.2489997 0.122932 -0.03070372 -0.2485455 0.1233441 -0.03109264 -0.2472742 0.1231454 -0.03079396 -0.1572994 0.122918 -0.02239745 -0.1523402 0.1226378 -0.02151727 -0.1306693 0.1230704 -0.0201714 -0.09367257 0.1226444 -0.01623445 -0.08601242 0.1229098 -0.01596242 -0.3329244 0.1238015 -0.03899502 -0.3234553 0.1237625 -0.03813058 -0.3206658 0.1234385 -0.03768819 -0.3208104 0.123771 -0.03788828 -0.3140522 0.1237366 -0.03726738 -0.3123941 0.123265 -0.03679394 -0.3113701 0.1235716 -0.03693926 -0.3087972 0.1234634 -0.03662925 -0.30717 0.1230651 -0.03613013 -0.3051242 0.1233176 -0.03619211 -0.3021742 0.1236957 -0.03616821 -0.2900696 0.1232429 -0.03475946 -0.2894885 0.1237589 -0.035057 -0.2872451 0.1238677 -0.03488469 -0.2847694 0.1237826 -0.034635 -0.2845454 0.1232522 -0.03427243 -0.2832871 0.1231726 -0.03407853 -0.2814528 0.1234545 -0.0341525 -0.2793769 0.123411 -0.03394335 -0.2772006 0.1238192 -0.0339626 -0.2754873 0.1231032 -0.03330385 -0.2752985 0.1235443 -0.03365355 -0.2711783 0.1231976 -0.03300821 -0.2687309 0.1230689 -0.03264641 -0.2696554 0.1234093 -0.03305226 -0.267522 0.1234428 -0.03288304 -0.2619681 0.1236984 -0.0325405 -0.2551518 0.1235605 -0.03184694 -0.2524403 0.1237989 -0.0317192 -0.2495805 0.1236112 -0.03137087 -0.306596 0.1234867 -0.03644698 -0.2930665 0.1235736 -0.03528523 -0.2911576 0.1236505 -0.03515529 -0.2902925 0.1237715 -0.03513765 -0.2861649 0.1235151 -0.03462737 -0.2837319 0.1235682 -0.03443503 -0.2706306 0.1236444 -0.03329354 -0.05773264 0.1210428 -0.008634865 -0.0564987 0.1209384 -0.00722444 -0.05596584 0.1211445 -0.009741008 -0.05539309 0.1210061 -0.007967352 -0.05722486 0.120844 -0.006116509 -0.05868726 0.1209318 -0.007341325 -0.05921441 0.120806 -0.005824208 -0.05739933 0.1207374 -0.004805684 -0.05917036 0.1206608 -0.004013061 -0.05708068 0.1206429 -0.003601193 -0.05870229 0.1205613 -0.002732336 -0.05784833 0.1204695 -0.001513361 -0.05630379 0.1205701 -0.002626538 -0.05648761 0.1204012 -5.41534e-4 -0.05553519 0.1205375 -0.002151012 -0.04484164 0.1211709 -0.009062945 -0.04520857 0.1211953 -0.009399831 -0.04475384 0.1211342 -0.008599162 -0.0460056 0.1209113 -0.005939722 -0.04632872 0.1206842 -0.003142714 -0.03503233 0.1214962 -0.01222312 -0.0359295 0.1210896 -0.007246077 -0.04598164 0.1205201 -0.001071095 -0.0326873 0.1214336 -0.01123219 -0.0455603 0.1204259 1.37923e-4 -0.03480947 0.121045 -0.006590187 -0.03120952 0.1213541 -0.01010882 -0.0339958 0.1209807 -0.005717098 -0.03003722 0.1212589 -0.008819758 -0.02896434 0.1211143 -0.006923198 -0.0333662 0.120865 -0.004220962 -0.02841335 0.1209616 -0.00497508 -0.04566133 0.1203897 5.79899e-4 -0.02829474 0.1208006 -0.00296235 -0.03340744 0.1207368 -0.002630829 -0.03666067 0.1204633 4.78368e-4 -0.02864611 0.1206378 -9.69558e-4 -0.03516107 0.1200875 0.005286931 -0.02931755 0.1204991 6.96104e-4 -0.03391838 0.1206318 -0.001369893 -0.03292649 0.1201754 0.004396736 -0.03500199 0.1205301 -2.04012e-4 -0.03030687 0.1203714 0.002195954 -0.0314542 0.1202691 0.003363251 -0.03658765 0.1251644 -0.001835048 -0.03609627 0.1212131 -0.002559065 -0.03601604 0.1252147 -0.002408802 -0.03582847 0.1212775 -0.00333482 -0.03585791 0.1252836 -0.003251791 -0.03592252 0.1213281 -0.003973722 -0.03614306 0.1253445 -0.004034459 -0.03629839 0.1213714 -0.004545092 -0.0367695 0.1253779 -0.004507303 -0.03712326 0.1213986 -0.004958808 -0.05614101 0.1259522 -0.007161498 -0.05685275 0.125889 -0.006440222 -0.05519741 0.1259963 -0.00762546 -0.05725735 0.1258232 -0.005658328 -0.05743867 0.1257482 -0.004742324 -0.05733656 0.1256762 -0.003837525 -0.05690354 0.125599 -0.002838492 -0.05588495 0.1255303 -0.001890659 -0.04528909 0.1261797 -0.009010791 -0.04488921 0.1261568 -0.008690118 -0.04479169 0.1261168 -0.008183181 -0.04572111 0.1259683 -0.006421327 -0.04623365 0.1258134 -0.00453937 -0.0463413 0.1256266 -0.002226054 -0.03609448 0.1260761 -0.006890773 -0.0342071 0.1264644 -0.01155018 -0.04558759 0.1254041 6.09593e-4 -0.03487324 0.1260308 -0.00621742 -0.03184396 0.1263765 -0.01024353 -0.03388047 0.1259481 -0.005099356 -0.02997165 0.1262339 -0.008300721 -0.02875679 0.1260493 -0.005894541 -0.03333401 0.1258067 -0.003290593 -0.04576218 0.1253662 0.001065909 -0.0283184 0.1258515 -0.003393948 -0.02849876 0.1256833 -0.001318156 -0.03708183 0.1250386 0.005925178 -0.03696119 0.1254433 9.01253e-4 -0.03362464 0.1256708 -0.001626431 -0.02900248 0.1255464 3.38873e-4 -0.03482747 0.1250817 0.005592405 -0.03543418 0.1254913 4.42979e-4 -0.02996432 0.1253965 0.002116441 -0.0342887 0.1255769 -5.17816e-4 -0.03271496 0.125173 0.004648327 -0.03131937 0.1252659 0.003617644 -0.03942394 0.124625 -0.01202797 -0.04137259 0.1249512 -0.01170438 -0.04653948 0.1253839 -0.01089137 -0.348093 0.1220931 -0.01130586 -0.3418985 0.1217042 -0.009709298 -0.06691712 0.1226036 0.01254093 -0.06320655 0.1231915 0.01058787 -0.05831956 0.1236901 0.008722722 -0.05094653 0.1241459 0.006866872 -0.04597795 0.124318 0.006133258 -0.3369367 0.1246024 -0.03895473 -0.3386483 0.1251796 -0.03807932 -0.3400558 0.1253799 -0.03738147 -0.3435334 0.1256285 -0.03567588 -0.3260443 0.1241477 -0.03835868 -0.3297377 0.123997 -0.03872877 -0.3242141 0.1241542 -0.03818523 -0.3233331 0.1241462 -0.03810995 -0.3234013 0.1244302 -0.03790372 -0.321715 0.1242012 -0.03793311 -0.3172221 0.1242431 -0.03750306 -0.3157357 0.1241233 -0.03743451 -0.3157114 0.1244198 -0.03721833 -0.3112787 0.1241638 -0.03700816 -0.3123186 0.1244314 -0.03690439 -0.3099957 0.1245033 -0.03662216 -0.3083262 0.1244426 -0.03653854 -0.3048893 0.1243132 -0.03632879 -0.2972937 0.124134 -0.03576225 -0.2981392 0.1244716 -0.0355888 -0.2960904 0.1241996 -0.03561729 -0.2924006 0.1241283 -0.03532159 -0.2951892 0.1245142 -0.03527259 -0.2888777 0.1241361 -0.03500121 -0.2886539 0.1240195 -0.03501105 -0.2873541 0.1241569 -0.03485059 -0.2873608 0.124479 -0.03460627 -0.2851522 0.1241972 -0.03463011 -0.2851725 0.1245519 -0.0343244 -0.282193 0.1243713 -0.03423422 -0.2826021 0.1246836 -0.03393173 -0.2798097 0.1241794 -0.03415751 -0.279871 0.1245028 -0.03390395 -0.2782046 0.1241255 -0.03403908 -0.2777345 0.124291 -0.03389096 -0.2794119 0.1251866 -0.03266596 -0.2801129 0.1248087 -0.03353041 -0.2759899 0.1241968 -0.03380167 -0.2746651 0.1246451 -0.03326773 -0.2714712 0.12465 -0.03297144 -0.2681504 0.1242091 -0.03308409 -0.2696359 0.1244431 -0.03303635 -0.265792 0.1242854 -0.03281831 -0.2658509 0.1241414 -0.03291356 -0.2561538 0.1244501 -0.03180426 -0.256105 0.1249747 -0.03105437 -0.2528482 0.1242262 -0.03168874 -0.2611679 0.1244621 -0.03226089 -0.2540924 0.1244747 -0.03159302 -0.2532244 0.1246818 -0.03128772 -0.2516435 0.124307 -0.03151679 -0.2482433 0.1244048 -0.03114134 -0.2513754 0.1248748 -0.0308206 -0.2514441 0.1246079 -0.03121268 -0.2496031 0.12453 -0.031134 -0.2414743 0.1241556 -0.03070771 -0.2418442 0.1245558 -0.03040826 -0.2406321 0.1249553 -0.02971202 -0.2396463 0.1241769 -0.03052717 -0.2342016 0.1243817 -0.02988523 -0.2359465 0.1247725 -0.02960026 -0.2353553 0.1241809 -0.03013747 -0.2316995 0.1245267 -0.02952051 -0.2273107 0.1242104 -0.02938997 -0.2257378 0.1248092 -0.0286197 -0.2234538 0.1246019 -0.0286948 -0.2212343 0.1248406 -0.02815926 -0.2229217 0.125168 -0.02762854 -0.2098932 0.1246305 -0.02743685 -0.2073106 0.1246002 -0.02724367 -0.209471 0.1250299 -0.02674078 -0.2033176 0.1243666 -0.02711081 -0.2035745 0.1247289 -0.02672618 -0.2010721 0.1249148 -0.02620333 -0.1972256 0.1244894 -0.02644872 -0.1940822 0.1244372 -0.02621471 -0.1935194 0.1241467 -0.02637344 -0.190654 0.1243305 -0.02599233 -0.1753698 0.1244975 -0.02446055 -0.1764272 0.1248962 -0.02401989 -0.1731792 0.1242272 -0.02448904 -0.1733421 0.1248437 -0.02383679 -0.1731284 0.1252625 -0.02282005 -0.1710284 0.1243614 -0.02419304 -0.1728316 0.1244505 -0.02427214 -0.1713396 0.1250966 -0.02314513 -0.1688799 0.1242712 -0.02406829 -0.1674164 0.1242887 -0.02393293 -0.1663188 0.1241344 -0.02392238 -0.1652092 0.1241737 -0.0238018 -0.163822 0.124461 -0.02344757 -0.1612876 0.1243878 -0.02329832 -0.1612534 0.1247966 -0.02280873 -0.1589916 0.1242266 -0.02320879 -0.1591677 0.1245297 -0.02296209 -0.1575217 0.12481 -0.0224384 -0.1509772 0.1241128 -0.02254337 -0.1507262 0.124457 -0.02228158 -0.1492293 0.1241579 -0.02236247 -0.1481204 0.1241578 -0.02226412 -0.1488018 0.1244676 -0.0220853 -0.1469036 0.124396 -0.02198302 -0.1459196 0.1241803 -0.02205443 -0.1475181 0.1247254 -0.02166444 -0.1447223 0.1244687 -0.02171391 -0.1436277 0.1241877 -0.02184146 -0.1423773 0.1241563 -0.02174907 -0.1419085 0.1244719 -0.02145832 -0.1402103 0.124168 -0.02154439 -0.1391556 0.1240195 -0.02149695 -0.1393097 0.1241178 -0.02148878 -0.137822 0.1241528 -0.02133685 -0.1378503 0.1244359 -0.02113282 -0.1379452 0.1249203 -0.02049177 -0.1356421 0.1241368 -0.02114772 -0.1361195 0.1243892 -0.02101367 -0.1345646 0.1244982 -0.02077168 -0.1304174 0.1241917 -0.02064466 -0.1349536 0.1247634 -0.02047657 -0.1289074 0.1241296 -0.02054256 -0.1289596 0.1244939 -0.02027374 -0.1278237 0.1241949 -0.02040886 -0.1264143 0.1243526 -0.02016896 -0.1260923 0.1247964 -0.01963144 -0.1248801 0.1241392 -0.02017271 -0.1254015 0.1244938 -0.01995497 -0.1231706 0.124695 -0.01950186 -0.1233413 0.1244627 -0.01978427 -0.1217182 0.1243394 -0.01975834 -0.1230751 0.1249139 -0.0191462 -0.1222181 0.1251353 -0.01858741 -0.1150492 0.1243447 -0.01915073 -0.1120172 0.124424 -0.01881086 -0.1111897 0.1248108 -0.01825833 -0.1066696 0.1244744 -0.01827144 -0.1065984 0.1248107 -0.01784521 -0.1043882 0.1243534 -0.01817303 -0.1035692 0.1242516 -0.01818293 -0.1035453 0.1247047 -0.01772004 -0.09807467 0.1243342 -0.01762139 -0.1014741 0.1244531 -0.0178225 -0.1020345 0.1248087 -0.01743507 -0.09311026 0.1248293 -0.01659697 -0.09345459 0.1245008 -0.01705086 -0.09178954 0.1241603 -0.01717191 -0.08803552 0.1242232 -0.01679623 -0.07614469 0.1242123 -0.01572662 -0.07397931 0.1244902 -0.015302 -0.07312369 0.1241576 -0.01548588 -0.07089328 0.1246396 -0.01485389 -0.07097893 0.1248653 -0.01453542 -0.06818097 0.1250436 -0.01393532 -0.06774336 0.1241713 -0.0149942 -0.06439691 0.1241334 -0.01470839 -0.0643593 0.1240572 -0.01473098 -0.3358388 0.1246883 -0.02312529 -0.06078451 0.1241855 -0.01435798 -0.05889683 0.124485 -0.01394015 -0.05983763 0.1248164 -0.01361131 -0.05923146 0.1251658 -0.01281678 -0.04901647 0.1241351 -0.01331728 -0.3440634 0.1245175 -0.02233642 -0.04587715 0.1241112 -0.01304644 -0.03880357 0.1241113 -0.0124067 -0.3468059 0.1232087 -0.01499849 -0.3331263 0.1254743 -0.03255641 -0.3358231 0.1238442 -0.01711177 -0.06333565 0.1246825 0.00154078 -0.06547451 0.1242989 0.004513919 -0.06800681 0.1234765 0.008910477 -0.05643433 0.1245292 0.003609418 -0.06343853 0.1239964 0.006620526 -0.3380495 0.1256057 -0.03473669 -0.3370695 0.1256005 -0.0354197 -0.3359189 0.1255998 -0.03446286 -0.33607 0.1255319 -0.03610497 -0.3418796 0.1230787 -0.01410925 -0.3363034 0.1227546 -0.01232659 -0.2224781 0.125034 -0.01712626 -0.213591 0.1253182 -0.01984047 -0.2030794 0.1247866 -0.01225113 -0.2173793 0.1245415 -0.01092541 -0.2177639 0.1226723 -0.001377463 -0.2473928 0.1241372 -0.01089161 -0.290727 0.1231138 -0.009663939 -0.1596187 0.1231138 0.002187728 -0.1744328 0.1238394 -0.002572894 -0.1379525 0.1236743 0.001583516 -0.1493449 0.1242806 -0.003049731 -0.1038525 0.1252464 -0.008984088 -0.07025229 0.1225023 0.01254558 -0.3399484 0.1256031 -0.03565436 -0.3377857 0.1254561 -0.03679734 -0.3363125 0.1251906 -0.03779238 -0.3363914 0.1248374 -0.0385726 -0.3368968 0.1250272 -0.0382539 -0.3348953 0.1243276 -0.02006304 -0.3202615 0.1256092 -0.03320908 -0.3262165 0.1256057 -0.03422486 -0.3224255 0.1246601 -0.02162784 -0.3138961 0.1245304 -0.01974922 -0.305974 0.1255514 -0.0311352 -0.3136417 0.1236204 -0.01394194 -0.2821662 0.1247226 -0.01868051 -0.2918201 0.1251916 -0.02533888 -0.3123899 0.1224234 -0.009094417 -0.3232612 0.1229499 -0.01185989 -0.2789513 0.1255495 -0.02865421 -0.2851816 0.1241115 -0.01412004 -0.2588269 0.125567 -0.02881485 -0.2593824 0.1255174 -0.02663815 -0.2685139 0.1256138 -0.02871859 -0.2660481 0.124502 -0.01516366 -0.245333 0.1247771 -0.01589673 -0.2235008 0.1254988 -0.02297967 -0.2326438 0.1255879 -0.02624893 -0.2310004 0.1255002 -0.02367585 -0.22109 0.1254722 -0.02247208 -0.2188571 0.125619 -0.02447044 -0.2173212 0.1255226 -0.02271997 -0.2219046 0.1241851 -0.008921563 -0.2052658 0.1255471 -0.02193373 -0.1980119 0.1256282 -0.02252918 -0.2025619 0.1256095 -0.0225932 -0.2103462 0.1239708 -0.006583273 -0.1939494 0.125613 -0.02218288 -0.177499 0.125611 -0.02033102 -0.185108 0.1251965 -0.0157538 -0.1899954 0.1256061 -0.02158093 -0.1678385 0.1255462 -0.02078896 -0.1738249 0.125537 -0.0214104 -0.1671039 0.1256115 -0.01967138 -0.1799389 0.1247172 -0.009356796 -0.1702338 0.1245118 -0.006565272 -0.1435924 0.1255425 -0.01598078 -0.1492737 0.1256175 -0.01808214 -0.1500316 0.1255279 -0.01933044 -0.1513289 0.1256115 -0.01821625 -0.1466765 0.1255646 -0.0187872 -0.1440321 0.1253343 -0.01990514 -0.1366161 0.1245088 -0.003518581 -0.1336508 0.1253205 -0.0125516 -0.1165102 0.124756 -0.004127204 -0.1204182 0.1229986 0.0062114 -0.09336066 0.1255427 -0.01181977 -0.08958137 0.1246854 -7.61616e-4 -0.1157276 0.1224234 0.008683204 -0.0926702 0.125572 -0.01370573 -0.08798784 0.1256147 -0.01293349 -0.08692985 0.1254345 -0.0142222 -0.08827155 0.1254145 -0.01448577 -0.08616137 0.1256198 -0.01239138 -0.08760374 0.1252102 -0.01524829 -0.08502656 0.1255766 -0.01301711 -0.08292794 0.1253733 -0.01422625 -0.08540225 0.1250277 -0.0155304 -0.1053876 0.1229522 0.00772196 -0.1137444 0.1239154 0.002496898 -0.07900279 0.1245562 0.001371741 -0.08060914 0.1243104 0.003125846 -0.07184183 0.1253098 -0.006871402 -0.06259429 0.1255641 -0.0111249 -0.06171774 0.1252286 -0.01284259 -0.0641725 0.1256024 -0.009889483 -0.07847958 0.1237145 0.006855607 -0.05977529 0.1254521 -0.01167082 -0.3362436 0.1246257 -0.03885978 -0.3360956 0.1253744 -0.037068 -0.3340421 0.1253426 -0.03704857 -0.3311684 0.1253691 -0.03670209 -0.3251451 0.1240713 -0.0174629 -0.3293966 0.1224647 -0.01076531 -0.3200166 0.1239129 -0.01607155 -0.2977199 0.1256154 -0.0312274 -0.3029692 0.1255579 -0.03287053 -0.2941405 0.1255595 -0.03208369 -0.2883616 0.125568 -0.02987521 -0.2879359 0.1255856 -0.0312696 -0.287841 0.1253117 -0.03301352 -0.2668417 0.1255683 -0.02949839 -0.2514994 0.1256083 -0.02731537 -0.2435072 0.1256137 -0.02636611 -0.2415866 0.1255885 -0.02714723 -0.2396448 0.1254959 -0.02764475 -0.2355939 0.1256103 -0.0257343 -0.2243844 0.1255807 -0.02555143 -0.2251067 0.1254274 -0.02678453 -0.2239221 0.125612 -0.02483534 -0.2215288 0.1254161 -0.02653145 -0.2211284 0.1255529 -0.02552139 -0.2136815 0.1255959 -0.02437722 -0.2160704 0.125317 -0.02652806 -0.2112047 0.1254613 -0.02534246 -0.2063869 0.1255909 -0.02367013 -0.2075129 0.1255651 -0.02422374 -0.2183576 0.1235127 -0.004871547 -0.1978002 0.1252206 -0.02520096 -0.1968793 0.1255104 -0.02374231 -0.2001476 0.1254464 -0.0244109 -0.1960718 0.1252968 -0.02476286 -0.1869086 0.1255651 -0.02230936 -0.1825714 0.1255646 -0.02199524 -0.1865127 0.1253823 -0.02350091 -0.1781038 0.1255518 -0.02163827 -0.1581881 0.1251437 -0.02184176 -0.1572833 0.1253456 -0.02105349 -0.1574649 0.1250845 -0.02190899 -0.1589413 0.1256136 -0.01899808 -0.1536371 0.1255431 -0.0196141 -0.1345664 0.1256091 -0.01641744 -0.1322304 0.1252099 -0.01929026 -0.1271193 0.1255661 -0.01510959 -0.1213602 0.1256166 -0.01579761 -0.1174957 0.1255738 -0.01597189 -0.1212568 0.1253198 -0.01790571 -0.1115629 0.1256141 -0.01446247 -0.1213548 0.1240324 0.00112617 -0.1071225 0.1256175 -0.01400446 -0.1083735 0.1255392 -0.01549524 -0.1018981 0.1254087 -0.01577073 -0.101821 0.1250997 -0.01682889 -0.1025369 0.1252603 -0.01643842 -0.1010417 0.1252661 -0.01626604 -0.1004195 0.1255943 -0.01430571 -0.1084191 0.1247447 -0.003177821 -0.09796428 0.1256147 -0.01348805 -0.0992338 0.1254037 -0.01555448 -0.09602403 0.1256017 -0.01377218 -0.09089666 0.1253254 -0.01512128 -0.09494268 0.1254516 -0.01487755 -0.0892108 0.1251716 -0.01552861 -0.1066402 0.1240001 0.002732157 -0.101808 0.1240531 0.002823531 -0.07879054 0.1256078 -0.01132965 -0.07437974 0.1256 -0.01145386 -0.07871264 0.1254793 -0.01331859 -0.06982272 0.1254935 -0.01232689 -0.07114267 0.1253218 -0.01338398 -0.0646981 0.1251951 -0.01322865 -0.06558007 0.1254125 -0.01245141 -0.06282299 0.1250524 -0.01342028 -0.0659027 0.1255736 -0.01135689 -0.06739425 0.1256204 -0.0105282 -0.05620759 0.1251372 -0.0126335 -0.057976 0.1248347 -0.01341688 -0.06104493 0.1256065 -0.009748101 -0.0589599 0.1256183 -0.009860575 -0.05610811 0.1254847 -0.01122331 -0.07580542 0.1226428 0.01157003 -0.04957741 0.1251767 -0.01192152 -0.3345803 0.1247852 -0.03849726 -0.3325975 0.1248199 -0.03826117 -0.3331072 0.1251276 -0.03767156 -0.3334857 0.1255822 -0.03536629 -0.3299096 0.1256166 -0.03466176 -0.3204802 0.1252522 -0.03615313 -0.3243365 0.1253021 -0.03638511 -0.3201502 0.1255549 -0.03447884 -0.3115985 0.1256117 -0.03254896 -0.3013248 0.1247194 -0.03558194 -0.3000036 0.1254819 -0.03327548 -0.3026878 0.1252503 -0.0345937 -0.3005121 0.1251432 -0.03469574 -0.2953837 0.1254113 -0.03321361 -0.2966234 0.1252295 -0.03408533 -0.2829897 0.1255973 -0.03067588 -0.2843134 0.1256107 -0.03005099 -0.277624 0.1255704 -0.03045958 -0.2800233 0.1254002 -0.03187733 -0.2715427 0.1254785 -0.03063434 -0.2677358 0.1254369 -0.0305671 -0.2658534 0.1251922 -0.0314266 -0.2658045 0.1248791 -0.03211563 -0.2613782 0.1253553 -0.03043478 -0.2594127 0.1254125 -0.02997612 -0.2559714 0.1252717 -0.03027051 -0.2535399 0.1254433 -0.02929955 -0.2537523 0.1250941 -0.03059655 -0.2463875 0.1255021 -0.02823376 -0.2477689 0.1251373 -0.02994471 -0.2396832 0.1252345 -0.02891063 -0.2265822 0.1251481 -0.02799278 -0.2171939 0.1249895 -0.02751797 -0.2090247 0.1253935 -0.02541369 -0.210651 0.125173 -0.02648073 -0.2050582 0.125235 -0.0258066 -0.2032008 0.1255591 -0.02385061 -0.200119 0.1252177 -0.02541494 -0.1982148 0.1249895 -0.02579957 -0.1920258 0.1254791 -0.02346068 -0.1824653 0.1252435 -0.02371752 -0.1779058 0.125335 -0.02296191 -0.1723149 0.1247571 -0.02387076 -0.1679328 0.1253136 -0.02212357 -0.166195 0.1251554 -0.02251088 -0.1665311 0.124833 -0.02322888 -0.164058 0.1253901 -0.02144205 -0.1613036 0.1255162 -0.02048724 -0.1600761 0.1254542 -0.02073979 -0.1553062 0.1252484 -0.02124023 -0.1507667 0.1253802 -0.02029377 -0.1515585 0.1252712 -0.02082121 -0.1467584 0.1251484 -0.02078217 -0.144077 0.1251025 -0.02064704 -0.1449962 0.1247872 -0.0213539 -0.1431908 0.1255809 -0.01824641 -0.1388165 0.1253494 -0.01939636 -0.1313325 0.1249101 -0.01990813 -0.1328247 0.1255378 -0.0177626 -0.128742 0.1255759 -0.01693707 -0.1295846 0.1253435 -0.01857489 -0.1238828 0.1254886 -0.01725023 -0.1190611 0.1253973 -0.01734346 -0.1164193 0.1253798 -0.01722472 -0.1138113 0.1254132 -0.0168361 -0.1032603 0.1250258 -0.01714056 -0.1054276 0.1252463 -0.01674592 -0.09895455 0.1251347 -0.01649129 -0.09864109 0.1248986 -0.01697301 -0.09487867 0.1251905 -0.01598048 -0.09063398 0.1251077 -0.01579952 -0.08966833 0.1248933 -0.01617014 -0.08833259 0.1248494 -0.01612764 -0.08129078 0.1256049 -0.01227921 -0.07564306 0.1254183 -0.01333332 -0.07321238 0.1251389 -0.0141704 -0.07092982 0.1251296 -0.01397216 -0.06758832 0.1254038 -0.01265621 -0.06346923 0.1254401 -0.01206493 -0.05157274 0.1247178 -0.01301687 -0.04477423 0.1246319 -0.01250892 -0.3361311 0.124374 -0.0391072 -0.3334881 0.1244308 -0.03881895 -0.3281623 0.1249307 -0.03767758 -0.3270756 0.125377 -0.03631103 -0.3236542 0.1246687 -0.03766638 -0.3223064 0.1248698 -0.03724575 -0.3206981 0.1250095 -0.03682166 -0.3190749 0.124771 -0.03711086 -0.3185704 0.1253187 -0.03575897 -0.3125896 0.1252313 -0.03549498 -0.3126197 0.1255084 -0.03418081 -0.3112022 0.1248657 -0.03626221 -0.3066096 0.1253942 -0.03434985 -0.3078207 0.1255992 -0.03288197 -0.3006893 0.1243218 -0.03595513 -0.2952626 0.1249121 -0.03472709 -0.2876415 0.125039 -0.03377717 -0.2920492 0.1251072 -0.03402751 -0.2885181 0.1248006 -0.03430372 -0.2858514 0.1249025 -0.03389072 -0.2829732 0.1252328 -0.03285408 -0.2772246 0.1249026 -0.03311657 -0.2767309 0.1252515 -0.03223198 -0.266182 0.1246045 -0.03255093 -0.2552437 0.1247667 -0.0313493 -0.2507215 0.1252223 -0.02998071 -0.2483662 0.1248321 -0.03061854 -0.2475081 0.1245823 -0.03088438 -0.2435554 0.1251121 -0.02960592 -0.2429478 0.1253636 -0.02870428 -0.2450929 0.124856 -0.03028452 -0.2432566 0.1247609 -0.03028112 -0.234323 0.1251412 -0.02872139 -0.2319107 0.1253924 -0.02759617 -0.2240924 0.1250637 -0.02798771 -0.2195388 0.1251053 -0.02747017 -0.2126208 0.1252372 -0.02649337 -0.1985675 0.1247527 -0.02623695 -0.1951352 0.1250394 -0.02541756 -0.1862686 0.1249984 -0.02469688 -0.1860056 0.1246216 -0.02529269 -0.1755749 0.1252511 -0.02308326 -0.1708306 0.124707 -0.02380043 -0.1681189 0.1250452 -0.02296817 -0.1615821 0.1250701 -0.02230274 -0.1632457 0.1250627 -0.02249443 -0.1609487 0.1252081 -0.02186894 -0.1569507 0.1255051 -0.02011495 -0.1553605 0.1247867 -0.02230137 -0.154147 0.1249982 -0.02182197 -0.1514462 0.1249007 -0.02175682 -0.1491154 0.1249995 -0.02134925 -0.1339172 0.1253413 -0.01893591 -0.1347309 0.1250951 -0.0198099 -0.1306983 0.1251609 -0.01929193 -0.1243192 0.1252864 -0.01831972 -0.1211223 0.1247971 -0.01918804 -0.1172716 0.1247203 -0.01894521 -0.1140539 0.125032 -0.0181058 -0.1115388 0.1251705 -0.0175209 -0.1098495 0.1254456 -0.01629048 -0.107993 0.1250455 -0.01752156 -0.1038723 0.1249012 -0.01744073 -0.09823834 0.1246479 -0.01731473 -0.08188551 0.1250711 -0.01511532 -0.08089643 0.1247236 -0.01565235 -0.07856345 0.1250863 -0.01478624 -0.07574582 0.1250628 -0.0145846 -0.07339739 0.1248681 -0.01474446 -0.06976181 0.1256086 -0.01084542 -0.09152001 0.1240524 -0.01718676 -0.06570613 0.1250606 -0.01366406 -0.06386339 0.1245954 -0.01426923 -0.06344753 0.1242333 -0.01456773 -0.06392604 0.1248002 -0.01399642 -0.05641621 0.1248044 -0.01331651 -0.05375045 0.1250526 -0.01261931 -0.04978609 0.1243723 -0.0132246 -0.04839438 0.1249201 -0.01238131 -0.04795014 0.1245774 -0.012865 -0.04609525 0.1250706 -0.01188188 -0.04661214 0.1245823 -0.01272636 -0.04443097 0.1241892 -0.01287734 -0.04204642 0.1247214 -0.01214241 -0.3355106 0.1241158 -0.03922891 -0.334441 0.12411 -0.03913432 -0.3300653 0.1245304 -0.03841722 -0.3275457 0.1241548 -0.0384885 -0.3282265 0.1245467 -0.03822267 -0.3252794 0.1249275 -0.03741568 -0.3187368 0.1243062 -0.03759062 -0.3176838 0.1250364 -0.03648865 -0.3157195 0.1248489 -0.03668916 -0.3144397 0.1246005 -0.03692007 -0.3129677 0.1248821 -0.03639417 -0.305894 0.1250886 -0.0353083 -0.3061888 0.1246072 -0.03616219 -0.3060972 0.1242021 -0.03652238 -0.2981219 0.1248899 -0.03503245 -0.2913782 0.124739 -0.03465527 -0.2899492 0.1244419 -0.03487253 -0.2819006 0.1254996 -0.03145372 -0.2749367 0.1249628 -0.03280246 -0.2690379 0.1252574 -0.03148549 -0.2696835 0.1248736 -0.03249365 -0.262763 0.1251153 -0.03132963 -0.2597832 0.125046 -0.03124588 -0.2581589 0.1246758 -0.03174585 -0.2459087 0.1245303 -0.03080272 -0.244476 0.1245037 -0.03070324 -0.2382157 0.1250863 -0.02919423 -0.2381024 0.1247268 -0.02986299 -0.2340954 0.1247703 -0.02942746 -0.231364 0.1251119 -0.028512 -0.2285386 0.1249528 -0.02861303 -0.2281057 0.1247181 -0.02896481 -0.212952 0.1249258 -0.02726221 -0.2130197 0.1246047 -0.02774429 -0.2134231 0.1244255 -0.02796608 -0.1925501 0.1252241 -0.02468001 -0.1924929 0.1249014 -0.02546483 -0.1893997 0.1252014 -0.02446347 -0.1903644 0.1248394 -0.02538537 -0.1816085 0.1248707 -0.02452719 -0.1796311 0.1244119 -0.02493137 -0.1799625 0.1251558 -0.02377724 -0.1693354 0.1246283 -0.0237714 -0.167894 0.1247093 -0.02353829 -0.1638348 0.1247381 -0.0231235 -0.1545926 0.124538 -0.02253937 -0.1420163 0.1247743 -0.02110332 -0.1398254 0.125055 -0.02038997 -0.118614 0.1241162 -0.01961588 -0.1246476 0.124988 -0.01915907 -0.1179263 0.1251012 -0.01828205 -0.1142627 0.1247652 -0.01860517 -0.1093935 0.1246104 -0.01837712 -0.1041848 0.1245644 -0.01794648 -0.09119904 0.1244748 -0.0168783 -0.08393377 0.1247609 -0.01586842 -0.08524 0.124328 -0.01646649 -0.07547605 0.12462 -0.01529371 -0.07234573 0.1246299 -0.01499688 -0.06736594 0.1245408 -0.01465171 -0.06625372 0.1247928 -0.01421302 -0.06158632 0.124566 -0.01409763 -0.05726259 0.1242243 -0.01401209 -0.05656242 0.1244856 -0.0137301 -0.05374044 0.124421 -0.01353389 -0.05441468 0.1246702 -0.01332598 -0.04677397 0.1241847 -0.01309138 -0.04186052 0.1244163 -0.0124678 -0.03975582 0.1243881 -0.01230251 -0.3362938 0.1240971 -0.03930658 -0.333072 0.1241676 -0.03898346 -0.3313719 0.1245896 -0.03846013 -0.3311414 0.1241894 -0.03879213 -0.3297567 0.1241458 -0.0386914 -0.3288564 0.1241837 -0.0385915 -0.321466 0.1245954 -0.03755372 -0.3141288 0.1242459 -0.03721642 -0.3079795 0.124831 -0.03601533 -0.3030172 0.1248729 -0.0355066 -0.292505 0.1243745 -0.03516179 -0.2815361 0.1249824 -0.03335595 -0.2770138 0.124547 -0.03359568 -0.2624839 0.1248904 -0.03180068 -0.2631788 0.1245597 -0.03233093 -0.2439212 0.1242803 -0.0308454 -0.231077 0.1248238 -0.02907794 -0.2196614 0.1246348 -0.0283147 -0.2148546 0.1246945 -0.0277971 -0.2116677 0.1248202 -0.02733349 -0.1952842 0.1247163 -0.02600264 -0.1914979 0.1245353 -0.02587616 -0.1887056 0.1247264 -0.02539372 -0.1661464 0.1244669 -0.02365851 -0.1520444 0.1244919 -0.02236449 -0.140082 0.1245819 -0.02118873 -0.1317574 0.1245476 -0.02046859 -0.1283019 0.1249076 -0.01965302 -0.1186636 0.1242063 -0.01957142 -0.1190316 0.1245341 -0.01933139 -0.1171595 0.12436 -0.01932877 -0.09625923 0.1244021 -0.01739591 -0.08968484 0.1245504 -0.01666158 -0.08701646 0.1246105 -0.0163483 -0.0815953 0.1244506 -0.01602506 -0.08102661 0.1242111 -0.01617091 -0.07784038 0.1244699 -0.01567059 -0.07878255 0.1246896 -0.01550453 -0.07111132 0.1242859 -0.01521903 -0.06544232 0.1244235 -0.0145955 -0.05454796 0.1241635 -0.01380515 -0.05268567 0.1241819 -0.01362484 -0.04088199 0.1241409 -0.01258242 -0.3323957 0.1241027 -0.03895014 -0.3030894 0.1244633 -0.03603863 -0.2714928 0.1251099 -0.03216832 -0.239504 0.1245143 -0.03024071 -0.2274606 0.1244907 -0.0291711 -0.2051081 0.1249482 -0.02649778 -0.2002103 0.1245095 -0.02669304 -0.1782972 0.1246533 -0.02454698 -0.1308912 0.1245576 -0.02038818 -0.09489548 0.124207 -0.01742482 -0.09011352 0.1241732 -0.01701319 -0.0354709 0.1255617 -0.006675481 -0.03424936 0.1254882 -0.005651116 -0.03370118 0.1254187 -0.004736125 -0.03338682 0.1253369 -0.003691494 -0.03346467 0.1252087 -0.002103626 -0.03412365 0.1250962 -7.63717e-4 -0.03506761 0.1250146 1.65916e-4 -0.03614658 0.1249653 6.81891e-4 -0.03719502 0.1249423 8.72782e-4 -0.03595644 0.1209837 3.07749e-4 -0.03498649 0.1210317 -2.00374e-4 -0.03400617 0.1211183 -0.001189351 -0.03340739 0.1212352 -0.002589881 -0.03337466 0.1213633 -0.004179954 -0.03391593 0.1214685 -0.00553745 -0.03498381 0.1215557 -0.006718754 -0.03635656 0.1215941 -0.007320702</float_array>
          <technique_common>
            <accessor source="#Part__Feature017_001-mesh-positions-array" count="1484" stride="3">
              <param name="X" type="float"/>
              <param name="Y" type="float"/>
              <param name="Z" type="float"/>
            </accessor>
          </technique_common>
        </source>
        <source id="Part__Feature017_001-mesh-normals">
          <float_array id="Part__Feature017_001-mesh-normals-array" count="8916">0.2618069 0.01966476 0.9649199 0.3624796 -0.2470238 0.8986589 0.56641 0.1077375 0.8170511 0.7447378 -0.2293307 0.6267161 0.8361892 0.08838027 0.5412734 0.9548566 -0.1343542 0.2649489 0.9745348 0.08876597 0.2059184 0.9783197 -0.08317703 -0.189663 0.967909 0.09650999 -0.23203 0.8278832 0.00660485 -0.5608618 0.810327 0.09016931 -0.5789991 0.5521476 0.01359111 -0.8336357 0.5103347 0.1609347 -0.8447831 0.1448612 -0.01292651 -0.9893676 0.1305195 0.1688814 -0.9769564 0.3518168 -0.0326659 -0.9354988 0.5799902 0.01978188 -0.8143832 0.5024865 0.1754085 -0.8466046 0.758067 0.1199667 -0.6410481 0.8044161 -0.04816186 -0.5921108 0.9272921 0.1658601 -0.3355888 0.9650967 -0.08125257 -0.2489711 0.996254 -0.04194653 0.07562178 0.9960693 0.07980972 0.03842461 0.9128273 0.04126566 0.4062556 0.8937845 -0.08237326 0.4408675 0.7498031 -0.01769042 0.6614245 0.7182937 -0.106808 0.6874928 0.5329012 0.03505373 0.8454511 0.4355919 -0.1863493 0.8806439 0.1809795 0.03518122 0.9828575 0.1373996 -0.08217793 0.9871009 -0.1488299 -0.139742 0.9789392 -0.1784088 -0.06390738 0.9818789 -0.1739843 -0.168837 0.9701668 0.08442384 0.06756895 -0.9941364 0.006111741 0.08214843 -0.9966015 -0.01882547 0.07947069 -0.9966595 0.02088946 0.09099423 -0.9956324 -0.1109007 0.08852547 -0.989881 0.1669799 -0.07376551 0.9831971 0.1603969 -0.07523494 0.9841812 0.5581408 -0.06118494 0.8274874 0.5708221 -0.06274306 0.818673 0.8223147 -0.04195666 0.5674842 0.8670141 -0.02446502 0.4976828 0.9803696 -0.01877683 0.1962731 0.9997003 0.01814895 -0.01643657 0.983076 0.01517975 -0.1825684 0.8794959 0.05428296 -0.4728006 0.820867 0.0450161 -0.5693426 0.5225582 0.07055866 -0.8496791 0.4875845 0.07876354 -0.8695158 0.0415731 0.08828359 -0.9952275 0.1172327 0.07726168 -0.9900946 -0.5560926 -0.0102179 0.8310576 -0.6047809 -0.1346277 0.7849303 -0.7382662 0.008540332 0.6744554 -0.7831785 -0.1413141 0.6055262 -0.9158207 0.05316329 0.3980532 -0.9404674 -0.1123366 0.320783 -0.9916923 0.067142 0.10972 -0.9938137 -0.1089438 0.02157807 -0.9626944 0.1201141 -0.242471 -0.9453056 -0.06348133 -0.3199493 -0.8312622 0.09003722 -0.5485404 -0.7928331 -0.03991299 -0.6081305 -0.6637804 0.162776 -0.7299997 -0.5677381 -0.05431705 -0.8214153 -0.3885867 0.1439396 -0.9101 -0.3532222 0.06242573 -0.9334544 0.2490157 -0.1048716 0.9628049 -0.8423153 0.03156274 -0.5380602 -0.8638507 0.03878444 -0.5022526 -0.9960321 -5.15462e-5 -0.08899629 -0.996095 7.80342e-4 -0.0882849 -0.9959436 3.12411e-5 -0.08998018 -0.9959457 -4.37813e-5 -0.0899564 -0.9956036 -0.002276659 -0.09363901 -0.9957007 -3.10164e-4 -0.09262883 0.07925343 -0.517344 -0.8520998 0.09019029 -0.5888069 -0.8032262 0.05401659 -0.5661351 -0.8225408 0.08021682 -0.2313094 -0.9695676 0.07140946 -0.543145 -0.8365969 0.02768981 -0.692525 -0.7208623 0.1265669 -0.5747382 -0.8084906 0.05501806 -0.707847 -0.7042199 0.08271288 -0.5644536 -0.8213105 0.059358 -0.7681772 -0.6374799 0.0797854 -0.5014902 -0.8614767 0.08800983 -0.2214019 -0.9712032 0.08343183 -0.5668165 -0.8196086 0.06201994 -0.7719945 -0.6325964 0.05202072 -0.5787662 -0.8138327 0.05128765 -0.7801132 -0.6235328 0.0695998 -0.6229383 -0.7791687 0.06720542 -0.6271841 -0.7759664 0.03665101 -0.8198133 -0.5714569 0.08861553 -0.6723481 -0.7349119 0.04915636 -0.8463141 -0.5304113 0.05803543 -0.6917042 -0.7198454 0.04455447 -0.8495712 -0.5255889 0.06667649 -0.7248617 -0.6856601 0.03160816 -0.9297494 -0.3668338 0.04592645 -0.8518704 -0.5217351 0.07489997 -0.560432 -0.8248066 0.08039343 -0.435965 -0.8963657 0.08222788 -0.4069898 -0.9097241 0.07487285 -0.5610052 -0.8244194 0.1101114 -0.6941705 -0.7113388 0.03112179 -0.6756367 -0.7365775 0.06903392 -0.8331189 -0.5487688 0.08284115 -0.4472578 -0.8905605 0.06833142 -0.6209509 -0.7808654 0.06628501 -0.6185175 -0.7829703 0.04507911 -0.8055206 -0.5908507 0.05527162 -0.846006 -0.5303007 0.09847915 -0.5535688 -0.8269603 0.0780754 -0.4841597 -0.8714893 0.05796146 -0.5587719 -0.8272936 0.0794996 -0.6879283 -0.7214114 0.04051613 -0.8409636 -0.5395729 0.05215388 -0.7026074 -0.7096639 0.03363001 -0.9055174 -0.4229743 0.05657339 -0.9480804 -0.3129589 0.0547291 -0.817281 -0.5736346 0.07314217 -0.6326617 -0.7709666 0.01206147 -0.9395948 -0.3420763 0.06635117 -0.8460108 -0.5290212 0.06217247 -0.785497 -0.6157346 0.0377413 -0.8653159 -0.499804 0.05754888 -0.784516 -0.6174324 0.04388713 -0.7979134 -0.6011723 0.04589223 -0.7931883 -0.6072449 0.08012801 -0.6164523 -0.7833046 0.05362713 -0.6153661 -0.7864151 0.07730954 -0.5347351 -0.8414759 0.05677163 -0.6770389 -0.7337543 0.07849067 -0.5614201 -0.8238001 0.07963532 -0.7703582 -0.6326187 0.04120433 -0.7641707 -0.6436966 0.08245706 -0.3282538 -0.9409837 0.07512396 -0.6936413 -0.7163925 0.09529328 -0.4361 -0.8948386 0.07392126 -0.4540941 -0.8878818 0.07861638 -0.4357802 -0.8966131 0.06099992 -0.6867058 -0.7243716 0.06807571 -0.6679809 -0.7410583 0.03040581 -0.8401225 -0.5415439 0.06041705 -0.6765173 -0.7339442 0.08044904 -0.546203 -0.8337807 0.09474122 -0.7568557 -0.646679 0.06767362 -0.7129808 -0.6979102 0.07543998 -0.5235142 -0.8486706 0.01106715 -0.7374211 -0.6753427 0.07518064 -0.5237979 -0.8485185 0.06961095 -0.6226933 -0.7793636 0.04873985 -0.7547287 -0.6542239 0.0708447 -0.7018028 -0.7088398 0.02372938 -0.8273651 -0.5611631 0.06725239 -0.8262854 -0.5592224 0.05523496 -0.710033 -0.7019987 0.07065147 -0.6510236 -0.7557625 0.06919991 -0.648392 -0.7581553 0.05510902 -0.7829402 -0.6196513 0.07751834 -0.516694 -0.8526538 0.08697235 -0.5927838 -0.8006518 0.05732613 -0.6280506 -0.7760581 0.04736047 -0.9435911 -0.3277087 0.08245885 -0.749184 -0.6572093 0.07468265 -0.5676643 -0.8198657 0.07467073 -0.5676358 -0.8198866 0.07463872 -0.6966556 -0.7135125 0.07003235 -0.574018 -0.8158425 0.06644165 -0.6718134 -0.7377346 0.08256947 -0.216525 -0.9727792 0.08008116 -0.5028509 -0.8606556 0.06058502 -0.6750769 -0.7352555 0.07993221 -0.5026547 -0.8607841 -0.004277646 -0.9991926 -0.03994929 0.08284926 -0.4186633 -0.9043545 0.07055479 -0.5325032 -0.8434824 0.08774125 -0.2079147 -0.9742038 0.08207577 -0.6356189 -0.7676277 0.04329031 -0.7454174 -0.6651909 0.09690207 -0.6542695 -0.7500276 0.04648172 -0.6875641 -0.7246345 0.07547408 -0.5764392 -0.8136471 0.08285456 -0.4187269 -0.9043245 0.09251999 -0.6564317 -0.7486906 0.03806358 -0.6348052 -0.7717342 0.06292575 -0.493794 -0.8672992 0.07981604 -0.7070978 -0.7025967 0.04440867 -0.6802521 -0.7316318 0.04846251 -0.8310059 -0.5541487 0.002223312 -0.9995943 -0.02839958 0.03534364 -0.8166928 -0.5759893 0.08142358 -0.4184609 -0.9045777 0.1078698 -0.5645078 -0.818349 0.07411533 -0.7078769 -0.7024367 0.05175393 -0.5357796 -0.8427703 0.07802087 -0.4834336 -0.8718972 0.05680853 -0.6550759 -0.7534245 0.08516675 -0.4968891 -0.8636249 0.06752395 -0.7054087 -0.7055772 0.05440044 -0.4732498 -0.8792471 0.0876187 -0.2604178 -0.9615122 0.08858197 -0.1768219 -0.9802486 0.08891373 -0.1570906 -0.9835736 0.06769591 -0.6373165 -0.7676229 0.06326991 -0.7981637 -0.5991091 0.07116037 -0.648939 -0.7575054 0.07640033 -0.485977 -0.8706259 0.08213043 -0.4670502 -0.8804084 0.04996532 -0.7972619 -0.6015622 0.06473696 -0.7178505 -0.693181 0.0746721 -0.4120714 -0.9080867 0.07825732 -0.574571 -0.814705 0.08647131 -0.141318 -0.9861806 3.73185e-4 -0.998855 -0.04784095 -0.01075351 -0.9950166 0.099128 -0.005870163 -0.9910536 0.1333361 0.1144042 -0.7764447 -0.6197139 0.09463804 -0.3106647 -0.9457966 -0.00940293 -0.9994732 0.03106427 -0.004664957 -0.998277 0.05849248 0.08070468 -0.3044537 -0.9491022 0.0856899 -0.4907988 -0.8670489 0.08440643 -0.6962906 -0.7127798 0.02385812 -0.7118273 -0.7019492 0.01336753 -0.9998772 0.00818032 0.003940224 -0.9974191 -0.07169198 0.01074904 -0.9968939 -0.07801973 0.06186938 -0.6567131 -0.7515984 0.07411402 -0.5133163 -0.8549932 -0.005185484 -0.9999817 -0.003130137 0.06317538 -0.7460399 -0.6628977 0.07418763 -0.5133699 -0.8549547 0.08724415 -0.6310324 -0.7708351 0.02906447 -0.7588804 -0.6505813 0.06902408 -0.5252549 -0.848141 0.08382833 -0.3998387 -0.9127442 0.06213504 -0.6256697 -0.7776097 0.07584351 -0.6648362 -0.743129 0.09333002 -0.4601008 -0.8829479 0.003131449 -0.9973924 -0.07210129 0.01139885 -0.996111 -0.08736777 0.07891756 -0.4544469 -0.8872711 0.09488326 -0.5885397 -0.8028812 0.006941735 -0.9997245 -0.02242505 -0.002223789 -0.5709481 -0.8209833 0.06643825 -0.6477836 -0.7589219 0.07266449 -0.4841854 -0.8719428 0.08004295 -0.6302073 -0.7722901 0.06648224 -0.7821658 -0.6195136 0.06363481 -0.7282369 -0.6823648 0.1139768 -0.4627869 -0.8791119 0.08141654 -0.6961197 -0.7132943 0.0621463 -0.6773539 -0.7330277 0.0536077 -0.8197423 -0.5702183 0.08090895 -0.4229314 -0.9025424 0.06373882 -0.5154402 -0.8545518 0.06170886 -0.6747732 -0.7354408 0.05857044 -0.6749914 -0.7354973 0.08520394 -0.5531897 -0.8286867 0.08161866 -0.5236156 -0.8480361 0.07756412 -0.6285095 -0.7739249 0.1345091 -0.1477732 -0.9798318 0.06675302 -0.6626014 -0.7459916 0.06267273 -0.676925 -0.733379 0.0785501 -0.5160973 -0.8529205 0.07455825 -0.6990556 -0.7111697 0.04255187 -0.7797111 -0.624692 0.07188564 -0.6420891 -0.7632524 0.08245712 -0.4070013 -0.9096983 0.0738334 -0.5070225 -0.8587647 0.08048588 -0.4700374 -0.8789693 0.1279965 -0.6991494 -0.7034253 0.07629513 -0.7614457 -0.6437233 0.0364474 -0.4363464 -0.8990404 0.08625036 -0.630716 -0.7712057 0.07926255 -0.4182453 -0.9048694 0.07169276 -0.6476232 -0.7585805 0.05853104 -0.6597694 -0.7491853 0.08065843 -0.4068034 -0.9099479 0.08817261 -0.2188911 -0.9717574 0.08562272 -0.4713716 -0.8777686 0.09143 -0.4740522 -0.8757368 0.05983257 -0.671006 -0.7390339 0.09043055 -0.2177572 -0.9718046 0.07523971 -0.510972 -0.8562983 0.08615213 -0.2682057 -0.9595018 0.06775254 -0.5576146 -0.8273304 0.09234356 -0.6164818 -0.7819355 0.05998593 -0.5985727 -0.7988194 0.05370187 -0.6350618 -0.7705925 0.07216721 -0.684585 -0.7253518 0.04149228 -0.8334139 -0.5510895 0.09929227 -0.6588723 -0.7456731 -0.002413868 -0.6277016 -0.7784503 0.06783705 -0.5847071 -0.8084033 0.07015806 -0.5769367 -0.8137702 0.08277505 -0.3744946 -0.9235271 0.0694822 -0.6230726 -0.7790718 0.07340484 -0.624865 -0.7772744 0.08519786 -0.314047 -0.945577 0.08181679 -0.4058049 -0.9102904 0.07222634 -0.4765845 -0.8761568 0.07201391 -0.6550802 -0.7521197 0.07506489 -0.4949853 -0.8656527 0.08465063 -0.3376071 -0.9374731 0.07817196 -0.4457626 -0.8917314 0.06994783 -0.7349669 -0.6744858 0.07699114 -0.4719438 -0.8782605 0.07647275 -0.4739674 -0.8772154 0.05833786 -0.7271843 -0.6839588 0.07794934 -0.6158171 -0.7840238 0.06706392 -0.5452124 -0.8356111 0.08307737 -0.4404919 -0.8939045 0.07590675 -0.6150746 -0.7848066 0.04845786 -0.6712538 -0.739642 0.08702892 -0.4593977 -0.8839569 0.08674407 -0.1023185 -0.9909624 0.06848526 -0.4693437 -0.8803558 0.06461 -0.6616359 -0.7470365 0.07926291 -0.5006419 -0.8620181 0.09732949 -0.255661 -0.9618548 0.07676422 -0.2768657 -0.9578376 0.0628249 -0.6544922 -0.753454 0.06274437 -0.7511769 -0.6571123 0.09171706 -0.4714357 -0.8771183 0.08445006 -0.3403381 -0.9365033 0.09017771 -0.08778548 -0.9920492 0.07120263 -0.4694237 -0.8800976 0.09919714 -0.6074048 -0.7881748 0.05880069 -0.5367992 -0.8416586 0.05568766 -0.8222994 -0.5663239 0.04942101 -0.7955674 -0.6038463 0.04053926 -0.8848946 -0.4640239 0.07700854 -0.5287228 -0.845294 0.07739549 -0.4854117 -0.8708534 0.06213974 -0.6568772 -0.7514326 0.06524407 -0.669218 -0.7401964 0.05702048 -0.6046341 -0.7944598 0.09614956 -0.6622207 -0.7431145 0.0834487 -0.4188342 -0.9042204 0.08273917 -0.4116958 -0.9075577 0.07705003 -0.4069338 -0.9102024 0.08567875 -0.3295102 -0.9402564 0.006634593 -0.9989129 0.04614162 -0.01758342 -0.9992433 0.03469425 0.0712819 -0.5400884 -0.8385842 0.07704317 -0.5511658 -0.8308312 -0.008013606 -0.999885 0.01288032 0.08337152 -0.5101664 -0.8560255 0.0824114 -0.3893736 -0.9173858 0.08600568 -0.293105 -0.952204 0.08577346 -0.5062959 -0.8580836 0.0848627 -0.542788 -0.8355714 0.08403289 -0.3465049 -0.9342767 0.08023512 -0.3871734 -0.9185091 0.01221948 -0.6210348 -0.7836878 0.1136391 -0.5731278 -0.8115483 0.08321887 -0.2536962 -0.9636976 0.08831977 -0.2917797 -0.9523993 0.004039645 -0.9998654 -0.01590687 3.27376e-4 -0.9991961 -0.04008853 0.006653606 -0.9968496 -0.07903647 -0.003674864 -0.9996084 0.02774238 0.006278395 -0.9968106 -0.079557 -0.003653764 -0.9975546 -0.06979691 0.00963205 -0.9973266 -0.07243549 -0.001797199 -0.9999265 -0.01199752 0.00420463 -0.9998691 -0.01562631 0.02449601 -0.9973787 -0.06808662 -0.003017663 -0.9984253 0.05601632 -0.01056033 -0.9859178 0.1668968 -0.03205096 -0.99165 0.124912 -0.01133042 -0.994713 0.1020676 -0.01197975 -0.9857388 0.1678554 -0.01189267 -0.9857175 0.167987 -0.001647353 -0.9981698 0.06045192 -0.00829339 -0.997044 -0.07638466 0.00596553 -0.9967883 -0.07985979 0.008120417 -0.9963517 -0.08495682 0.02100497 -0.9859016 -0.1660025 0.06051909 -0.9765815 -0.2064608 -0.01548796 -0.9850456 0.171597 -0.002944707 -0.9989539 0.04563438 -0.00609368 -0.9985376 0.05371838 -0.006000578 -0.9997631 0.02092361 -0.01159119 -0.9962345 0.08592092 -0.01778542 -0.9960427 0.08707904 -0.07881987 -0.9966768 -0.02056616 0.02718198 -0.9772728 -0.210236 0.02024787 -0.9452844 -0.3256186 0.005765914 -0.9788151 -0.204665 0.04138773 -0.9547768 -0.294429 0.002939641 -0.9991501 -0.04111564 0.001818656 -0.9589293 -0.2836396 -0.01765227 -0.9885356 0.1499527 -0.01658445 -0.9816751 0.1898398 -0.009631037 -0.9945235 0.104069 -0.01014345 -0.9961051 0.08758884 0.003483772 -0.9967071 -0.08101207 0.01102995 -0.9969707 -0.07699179 0.003476738 -0.9969775 -0.07761347 -0.001784682 -0.9999902 -0.004063546 0.004337728 -0.9993796 -0.03495508 -0.001351714 -0.9991503 0.04119348 0.02484083 -0.9983106 -0.05252736 -0.007813394 -0.9935495 -0.1131305 0.005548655 -0.9967285 -0.08063209 0.00783956 -0.9966413 -0.08151566 -0.003795564 -0.9998322 0.01792734 0.004570484 -0.9989523 -0.04553568 0.005012869 -0.999177 -0.04025173 0.008049964 -0.9989185 -0.04579216 -0.006057798 -0.9984747 0.05487883 9.21955e-4 -0.9994793 0.03225409 -0.004627287 -0.9978393 0.06553965 -0.01626676 -0.9838216 0.1784114 -0.008566081 -0.9954647 0.09474533 -0.01231729 -0.9978834 0.06385219 -0.009238719 -0.9906911 0.1358157 0.004621207 -0.999754 -0.02170026 -0.01244366 -0.9884833 0.1508184 -0.009540617 -0.9996815 0.02336442 -0.00549972 -0.9983553 0.05706614 0.009967327 -0.9969483 -0.07742697 -0.01683169 -0.9841163 0.1767254 -0.04589718 -0.9843372 0.1702169 0.004045367 -0.996935 -0.07812941 -0.01662886 -0.9998294 0.00804615 0.005219876 -0.9993143 -0.03665786 0.01497888 -0.9653183 0.2606457 -0.02268886 -0.9856799 0.1670942 -0.001484632 -0.9999952 -0.00273633 0.004802882 -0.9996465 -0.02615332 -0.02559542 -0.9984112 0.05019867 0.00563085 -0.9975625 0.06955134 4.65339e-4 -0.9981895 0.06014573 -0.01084131 -0.9989113 0.04537427 0.01669543 -0.9456629 -0.3247203 0.008167564 -0.9996806 -0.02391684 0.06240069 -0.8695035 -0.4899694 0.0314514 -0.9469896 -0.3197211 0.04560667 -0.9115592 -0.4086319 0.006061136 -0.8736926 -0.4864406 -0.009370207 -0.9988752 0.04648393 -6.52945e-4 -0.9963594 0.08525121 0.03945982 -0.8444324 -0.5342069 0.04561811 -0.6925561 -0.7199202 0.06187713 -0.7624531 -0.6440781 -0.001657605 -0.9998033 -0.01976943 0.07533812 -0.6472875 -0.7585138 0.008157968 -0.9999526 -0.005335867 0.02955794 -0.9657821 -0.2576653 0.008509457 -0.9986044 0.05212485 4.76069e-4 -0.9993849 -0.0350638 0.0073722 -0.9965727 -0.08239197 0.009440302 -0.9964777 -0.08332484 0.00896728 -0.9965367 -0.08266979 0.004671037 -0.9967447 -0.08048832 0.008215367 -0.9968323 -0.07910859 0.006165921 -0.9967288 -0.08058333 0.01216042 -0.9963103 -0.08495885 -0.01237553 -0.9971457 0.07448023 8.68762e-4 -0.9977277 0.06736916 -9.28415e-4 -0.9995335 -0.03052914 9.52743e-4 -0.9999704 -0.00763303 0.008752107 -0.997025 -0.07658052 0.003017544 -0.9999206 -0.01223385 0.008945584 -0.9970136 -0.07670718 0.004249393 -0.9993636 -0.03541868 -2.94233e-4 -0.9999254 -0.01221376 0.01993584 -0.9959574 -0.0875867 0.004493355 -0.9969229 -0.07826119 0.01411986 -0.9975356 -0.06872749 -0.002375364 -0.9983096 0.05807143 0.001885712 -0.9997255 -0.02335536 0.002936601 -0.9996006 -0.02811032 -0.005559504 -0.9987104 0.05046379 0.005247056 -0.9982948 0.05813813 -0.003612458 -0.9986875 -0.05109041 0.018166 -0.9994457 -0.0278995 0.007104277 -0.9967452 -0.08030194 0.006310403 -0.9967691 -0.08007282 0.007161319 -0.9966818 -0.08108139 -9.81843e-4 -0.998672 -0.05151015 0.006328761 -0.9999783 0.001834154 0.01646173 -0.9894587 -0.1438774 -0.001726508 -0.9988018 0.04891026 -0.003418982 -0.9999179 -0.01235467 -0.07233786 -0.9624935 0.2614833 -0.01478415 -0.9827274 0.1844677 -0.01064491 -0.9961969 0.08647817 -0.005382776 -0.9999127 -0.01206934 0.003163218 -0.9996321 -0.02693802 0.0183103 -0.9962787 -0.0842235 -1.36823e-4 -0.9988172 0.04862552 0.005584418 -0.9962895 -0.0858851 -0.01957881 -0.9975359 0.06737112 0.01116234 -0.9979911 0.06236439 0.01693606 -0.999765 -0.01353955 0.007099866 -0.996855 -0.07892906 0.006779074 -0.9968562 -0.07894188 0.007157385 -0.9967935 -0.07969605 0.007237136 -0.9967381 -0.08037924 0.07477223 -0.9462912 -0.3145507 -0.03381955 -0.9931688 -0.1116777 0.006816089 -0.9966082 -0.08201098 0.004317283 -0.9966706 -0.08142054 0.003371775 -0.9967212 -0.08084309 0.00290054 -0.970233 -0.242156 0.02228939 -0.9909154 -0.1326273 6.27476e-4 -0.9915556 -0.1296816 0.02492296 -0.9712933 -0.2365763 0.03838807 -0.971851 -0.2324479 0.003811478 -0.979337 -0.2021994 0.03715991 -0.9910552 -0.1281749 0.02305978 -0.9529356 -0.3022948 0.05021733 -0.5198609 -0.8527737 0.02706229 -0.9968898 -0.07401758 0.008292078 -0.9964548 -0.0837202 0.04324251 -0.8885518 -0.4567338 0.007219552 -0.996764 -0.08005934 0.01680332 -0.9732642 -0.2290735 0.02079331 -0.9760581 -0.2165136 0.03495126 -0.9416457 -0.3347865 0.01985418 -0.9723423 -0.2327154 0.02917504 -0.9427068 -0.3323445 0.02170938 -0.9949309 -0.09819096 0.04543101 -0.9689154 -0.2431855 0.01763403 -0.9830878 -0.1822841 0.02372872 -0.9768127 -0.2127768 0.01118743 -0.9972105 -0.07379865 0.001471459 -0.9987568 -0.04982763 7.0587e-4 -0.9999986 -0.001532852 0.009617447 -0.9923021 -0.123467 0.009626626 -0.9924443 -0.122318 0.007054865 -0.9973748 -0.07206767 0.009608566 -0.9998521 -0.01426976 2.94506e-5 -0.9995303 -0.03064709 0.00148034 -0.9970801 -0.07634967 0.007475018 -0.996732 -0.08043366 0.006359934 -0.9960953 -0.08805513 0.02242136 -0.9775779 -0.2093774 0.02313363 -0.9771946 -0.2110816 0.0479651 -0.9795941 -0.1951786 0.02530992 -0.9464387 -0.3218904 -3.20986e-4 -0.9973324 -0.07299321 0.005040407 -0.9999544 -0.008125603 -0.002801597 -0.9999279 -0.01167339 -0.001072049 -0.9967488 -0.08056545 0.006354629 -0.9966971 -0.08096069 0.03757452 -0.9808038 -0.1913429 0.03220844 -0.9598165 -0.2787742 0.007836401 -0.9908357 -0.1348462 0.03895902 -0.9931731 -0.1099519 0.04879093 -0.9041537 -0.424412 0.03719323 -0.904816 -0.4241753 0.05637121 -0.8061244 -0.5890551 0.0381549 -0.9516684 -0.3047484 0.03097116 -0.947017 -0.3196866 0.03115648 -0.913349 -0.4059839 0.04318255 -0.8443254 -0.5340881 0.06274747 -0.7425661 -0.6668271 -0.001481711 -0.992845 -0.1194016 0.03011572 -0.9575293 -0.2867591 0.05972224 -0.7417218 -0.6680435 0.01890563 -0.9595426 -0.2809282 0.04009175 -0.8897381 -0.4547073 0.04191082 -0.9183305 -0.3935895 0.04440236 -0.8363945 -0.5463268 0.03276318 -0.9128699 -0.406934 0.02082085 -0.8991959 -0.4370506 0.02854591 -0.9414212 -0.3360231 0.01951748 -0.972023 -0.2340734 0.02315711 -0.9430875 -0.3317375 0.04639405 -0.9026286 -0.4279128 0.02140766 -0.9726858 -0.2311365 0.01500022 -0.9623377 -0.2714428 0.007620751 -0.9964916 -0.08334559 0.03165382 -0.9294252 -0.3676505 0.005803048 -0.9963986 -0.08459377 0.03587645 -0.9559299 -0.291395 0.01994907 -0.9675249 -0.2519877 0.02843111 -0.958079 -0.28509 -4.09951e-4 -0.9541605 -0.2992954 0.03988128 -0.8792423 -0.4747028 0.05640363 -0.7795074 -0.6238484 0.04281294 -0.8842783 -0.4649935 0.021824 -0.9647104 -0.2624073 0.02290993 -0.9678133 -0.2506245 0.0359885 -0.9337467 -0.3561207 0.01215296 -0.9719067 -0.2350528 0.03799152 -0.9389703 -0.3418938 0.007339119 -0.9967262 -0.08051675 0.01449757 -0.8972581 -0.4412685 0.0448988 -0.9571527 -0.2860822 0.01205879 -0.9503855 -0.3108412 -2.81813e-4 -0.9964063 -0.08470255 -0.001413166 -0.9963813 -0.08498507 0.0082677 -0.9968594 -0.07875931 0.008901 -0.996951 -0.07752126 0.006657183 -0.9967714 -0.08001559 0.01177775 -0.9964485 -0.08337819 0.01258867 -0.9863325 -0.1642853 0.0258243 -0.959566 -0.2802969 0.00385648 -0.9644937 -0.2640777 0.05422598 -0.9062142 -0.4193276 0.06896007 -0.9461681 -0.3162445 0.01473689 -0.9331575 -0.3591659 0.03204053 -0.9203918 -0.3896824 0.01267248 -0.9693214 -0.24547 0.05497986 -0.9492313 -0.3097375 -0.003483116 -0.9578329 -0.2873048 0.01500701 -0.9873542 -0.1578183 0.02900338 -0.9813352 -0.1901059 0.0208376 -0.9523436 -0.304315 0.007005333 -0.9967461 -0.08030116 0.006565749 -0.9967928 -0.07975625 0.005077898 -0.9967948 -0.07984048 0.01657336 -0.9951286 -0.09718263 0.0240184 -0.9498402 -0.311812 0.02266901 -0.9478983 -0.3177657 0.03277122 -0.8522676 -0.5220786 0.01046311 -0.9388134 -0.3442674 0.05233526 -0.9379683 -0.3427488 0.06892442 -0.7608656 -0.6452386 0.06133162 -0.6425155 -0.7638144 0.05558264 -0.8818416 -0.4682584 0.03897309 -0.8836709 -0.4664837 0.0541566 -0.7500734 -0.6591336 0.06542432 -0.7584982 -0.6483828 0.03014755 -0.8854891 -0.4636812 0.05870449 -0.8434374 -0.5340106 0.04045104 -0.9189498 -0.3922946 0.01384156 -0.976463 -0.2152408 0.03468847 -0.9294397 -0.36734 0.06085157 -0.7563965 -0.6512767 0.04324305 -0.8816038 -0.4700053 0.035519 -0.9413871 -0.3354532 0.0252099 -0.9720742 -0.2333155 0.0668599 -0.9427835 -0.326633 0.02943694 -0.9278946 -0.371679 0.02396112 -0.972759 -0.2305776 0.04859042 -0.8775386 -0.477038 0.02360767 -0.9338683 -0.3568371 0.05020344 -0.7514973 -0.6578233 0.07683455 -0.6120047 -0.7871129 0.02393621 -0.9766064 -0.2136989 0.02937161 -0.9334719 -0.3574458 0.02483671 -0.9681855 -0.2489984 0.01218545 -0.9769647 -0.2130533 0.01658838 -0.9543871 -0.2981109 0.004747033 -0.9964727 -0.08378297 0.02147465 -0.9853799 -0.169013 -0.002466917 -0.9502606 -0.3114463 0.04816335 -0.9220967 -0.3839506 0.01911568 -0.9296367 -0.3679812 0.04817181 -0.9011178 -0.43089 0.01821434 -0.9495658 -0.3130387 0.03007495 -0.9811859 -0.1907085 -0.09093064 -0.995662 0.01971608 0.01501309 -0.9876947 -0.1556724 0.02231353 -0.9612767 -0.2746807 0.02850407 -0.9905688 -0.1340192 0.02365815 -0.9744061 -0.2235463 -0.006044209 -0.9966287 -0.0818215 -0.01288777 -0.9920404 -0.1252595 0.08881992 -0.9876587 -0.1290017 0.02539551 -0.9642853 -0.2636457 0.01803821 -0.9617957 -0.2731735 0.05177468 -0.9059754 -0.4201526 0.05540639 -0.808463 -0.5859332 0.08377677 -0.7750539 -0.6263171 0.06168669 -0.6906997 -0.720506 0.01658093 -0.963557 -0.2669888 0.03070574 -0.9581102 -0.2847495 0.02385699 -0.9562944 -0.2914308 0.02105689 -0.9896484 -0.1419602 0.01975888 -0.9605361 -0.2774528 0.02130883 -0.9895997 -0.1422615 0.00501877 -0.9843114 -0.1763688 0.009154498 -0.9948445 -0.1009982 0.02813398 -0.9720537 -0.2330667 0.03081303 -0.9615998 -0.2727205 0.02141553 -0.9788089 -0.2036535 0.02963072 -0.944766 -0.3264034 0.006078004 -0.9968174 -0.07948738 0.006774842 -0.9968581 -0.07891833 0.01576256 -0.9961601 -0.08612012 0.01832139 -0.947277 -0.3198915 0.01436001 -0.978277 -0.2068039 0.02744472 -0.9295809 -0.3675951 0.02905571 -0.969623 -0.2428727 -0.003300786 -0.9963262 -0.0855773 0.005106389 -0.9350716 -0.3544222 0.05308181 -0.9607812 -0.27218 0.008165478 -0.9663362 -0.257153 0.02130484 -0.9822351 -0.1864414 0.03451728 -0.9170632 -0.3972451 0.05448222 -0.8147978 -0.5771797 0.04841661 -0.8566341 -0.5136476 0.05193471 -0.9432087 -0.3281161 0.02193427 -0.9438021 -0.3297827 0.02979558 -0.9571537 -0.2880435 0.01886832 -0.9739985 -0.2257674 0.03910726 -0.9555111 -0.292351 0.02922952 -0.9430009 -0.3315044 0.03328233 -0.9649968 -0.2601415 0.01286303 -0.9739427 -0.2264294 0.02525192 -0.94287 -0.3322029 0.03303009 -0.9750015 -0.2197298 -0.00576806 -0.9791294 -0.2031565 0.01222318 -0.9874381 -0.1575329 0.0388869 -0.946955 -0.3190051 0.01088035 -0.9568316 -0.2904392 0.03717315 -0.9254034 -0.3771561 0.07390457 -0.779455 -0.6220837 0.06389755 -0.7786687 -0.6241733 0.08821499 -0.478402 -0.873699 0.06672984 -0.6191081 -0.7824655 0.05009335 -0.7759773 -0.6287687 0.07539641 -0.6518512 -0.7545895 0.07125228 -0.7032158 -0.7073971 0.04898291 -0.8285785 -0.5577261 0.06549847 -0.8311179 -0.5522255 0.03363293 -0.8828179 -0.4685097 0.02460122 -0.9231343 -0.3836897 0.03556764 -0.8366947 -0.5465135 0.02692812 -0.9434894 -0.3303068 0.06685256 -0.8415069 -0.5360941 0.03109359 -0.8551509 -0.5174459 0.04620707 -0.8211383 -0.5688558 0.0688101 -0.7417712 -0.6671138 0.03108483 -0.898509 -0.437853 0.05975031 -0.8192526 -0.5703114 0.02231705 -0.9691785 -0.2453467 0.08973944 0.0707935 -0.9934461 0.08948558 -0.1235371 -0.988297 0.02908414 -0.9282862 -0.3707276 0.01836758 -0.9691995 -0.245591 0.03408777 -0.9546739 -0.2956954 0.01984506 -0.9557417 -0.2935373 0.06672245 -0.7482424 -0.6600618 0.04048544 -0.8919356 -0.4503463 0.04027014 -0.8915694 -0.4510903 0.01946693 -0.9726297 -0.231544 0.04065632 -0.8911079 -0.4519668 0.03893136 -0.8561713 -0.5152235 0.03873294 -0.9417046 -0.3342037 0.03324419 -0.8547112 -0.5180384 0.03545999 -0.9657166 -0.2571657 0.02723187 -0.9326531 -0.3597453 0.08981597 -0.8501967 -0.5187473 0.03901189 -0.8719037 -0.4881208 0.03331434 -0.9518318 -0.3048056 0.0225678 -0.9622359 -0.2712801 0.006804943 -0.9917658 -0.1278845 0.03812581 -0.9116299 -0.4092401 0.018857 -0.9809601 -0.1932919 0.03168725 -0.9217572 -0.386471 0.02736228 -0.9659013 -0.257461 0.02712482 -0.9264094 -0.3755393 0.0156759 -0.8047799 -0.5933665 0.05894476 -0.8222191 -0.5661106 0.02354586 -0.9608093 -0.2762087 -0.00548321 -0.9711471 -0.2384181 0.0564329 -0.8896222 -0.4531972 0.04831832 -0.9426767 -0.3301908 6.85143e-4 -0.9059833 -0.4233128 0.03987824 -0.9099664 -0.4127602 0.03850769 -0.9083327 -0.4164721 0.03891253 -0.9231956 -0.3823558 0.04218113 -0.8613661 -0.5062303 0.03111511 -0.9231637 -0.3831457 0.05048429 -0.8877005 -0.4576454 0.03063499 -0.901317 -0.4320753 0.05079472 -0.8530201 -0.5194003 0.03352922 -0.9561136 -0.2910718 0.005997121 -0.9501672 -0.3116832 0.01881504 -0.9598621 -0.2798409 0.03860688 -0.921382 -0.386736 0.04023617 -0.9433766 -0.3292746 0.009942233 -0.8729629 -0.4876855 0.06427472 -0.918278 -0.3906845 0.03873932 -0.9734078 -0.22578 0.01861041 -0.9372393 -0.3481901 0.03419685 -0.9300121 -0.3659347 0.03498983 -0.9289833 -0.3684643 0.01758486 -0.969165 -0.2457847 0.01819515 -0.9706528 -0.239796 0.02187114 -0.9755603 -0.2186409 0.03085762 -0.9371135 -0.347658 -0.01060402 -0.9794921 -0.2012035 0.05413478 -0.9183381 -0.3920772 0.04763078 -0.8176196 -0.5737854 0.07119768 -0.7004677 -0.7101239 0.02574634 -0.91919 -0.392972 0.04870957 -0.7832847 -0.6197519 0.02961206 -0.9571125 -0.2881991 0.03757375 -0.8964371 -0.4415756 0.08578282 0.3093905 -0.947058 0.08971846 0.07281357 -0.993302 0.08987224 0.05109369 -0.9946419 0.03845864 -0.8734248 -0.485438 0.03577208 -0.9435392 -0.3293238 0.02622902 -0.9722205 -0.2325928 0.0501042 -0.8065099 -0.5890937 0.07254219 -0.88511 -0.4596936 0.03631395 -0.9173187 -0.3964944 0.02803409 -0.9767354 -0.2126084 0.00889641 -0.9641984 -0.2650328 0.03500914 -0.9530373 -0.3008229 0.02676641 -0.8752338 -0.482959 0.05536639 -0.8629412 -0.5022619 0.03483211 -0.9529713 -0.3010522 0.0569877 -0.9509471 -0.3040592 0.01773267 -0.9315728 -0.3631222 0.05174905 -0.8774588 -0.4768524 0.05767154 -0.6481077 -0.7593619 0.004228591 -0.949651 -0.3132811 0.03489553 -0.881137 -0.4715717 0.03856259 -0.8835134 -0.4668158 0.0405485 -0.8946294 -0.4449654 0.0109499 -0.9640466 -0.2655075 0.05286407 -0.9247258 -0.3769451 0.054259 -0.8286296 -0.5571616 0.03690171 -0.8963215 -0.4418665 0.03773707 -0.9146713 -0.4024332 0.03630679 -0.8384166 -0.5438194 0.08540225 -0.4644929 -0.8814493 0.03998398 -0.9529325 -0.3005345 0.07472378 -0.7073416 -0.7029112 0.08994144 0.03503715 -0.9953306 0.09004801 -0.05756151 -0.9942727 0.03743529 -0.8886606 -0.457035 0.069516 -0.5884714 -0.805524 0.06496 -0.7322046 -0.6779798 0.08531093 -0.5279693 -0.8449677 0.03008615 -0.9261025 -0.3760706 0.03077191 -0.9295341 -0.3674499 0.06173169 -0.7176039 -0.6937102 0.07052075 -0.7486357 -0.6592204 0.0446406 -0.7504951 -0.6593667 0.08827644 -0.1754428 -0.980524 0.09019166 -0.02293956 -0.9956603 0.0775631 -0.4723089 -0.878014 0.0893768 0.001484632 -0.9959968 0.09309858 0.06029981 -0.9938293 0.08991378 -0.1406893 -0.9859626 0.05638188 -0.6911638 -0.7204955 0.06706845 -0.5025964 -0.8619158 0.08029824 -0.5218777 -0.8492326 0.04779279 -0.8692171 -0.4921153 0.05567407 -0.7296841 -0.6815142 0.07466202 -0.5887352 -0.8048705 0.07392698 -0.5883244 -0.8052386 0.0573377 -0.7458561 -0.6636348 0.05938464 -0.7437872 -0.6657732 0.04488199 -0.9311515 -0.3618599 0.02625167 -0.9426787 -0.3326677 0.02338367 -0.9726781 -0.2309778 0.04470652 -0.8742506 -0.4834123 0.06672817 -0.7005876 -0.7104397 0.06696069 -0.7011212 -0.7098911 0.0516836 -0.8188201 -0.571719 0.0741319 -0.526569 -0.8468942 0.08969151 -0.07205712 -0.9933596 0.08376288 -0.3669273 -0.9264708 0.05926263 -0.7122973 -0.6993716 0.07957839 -0.5480862 -0.8326277 0.03335398 -0.9422454 -0.3332588 0.03680491 -0.907102 -0.4192987 0.04793113 -0.8847813 -0.4635351 0.07598322 -0.6114727 -0.7876089 0.05137598 -0.7684093 -0.6378932 0.08984923 -0.1503766 -0.9845376 0.04854673 -0.7681908 -0.6383777 0.04518216 -0.8335124 -0.5506502 0.0456317 -0.8691605 -0.4924203 0.08705466 -0.2692314 -0.959133 0.08940219 -0.1062949 -0.9903073 0.04129606 -0.8723059 -0.4872136 0.02780258 -0.9447288 -0.3266719 0.05617547 -0.7995998 -0.5979 0.03605127 -0.8920242 -0.4505479 0.03317236 -0.9397866 -0.3401484 0.06857579 -0.658789 -0.7491959 0.02575135 -0.9673158 -0.252264 0.05180776 -0.8008582 -0.5966088 0.06412976 -0.6735516 -0.736353 0.06612598 -0.7576855 -0.6492613 0.053119 -0.7393559 -0.6712163 0.02407008 -0.9766595 -0.2134407 0.02861583 -0.9340378 -0.356026 0.05788809 -0.7541971 -0.6540915 0.04768532 -0.8840162 -0.4650177 0.04791462 -0.8809496 -0.4707784 0.08830076 -0.1941809 -0.9769836 0.08393114 -0.3576344 -0.9300824 0.0438379 -0.8119979 -0.5820119 0.03317612 -0.9136814 -0.405075 0.0531556 -0.829702 -0.5556702 0.08720779 -0.3062559 -0.9479464 0.06751352 -0.6461406 -0.7602266 0.06752955 -0.7457399 -0.662806 0.04657429 -0.8428808 -0.5360811 0.05144357 -0.8708162 -0.4889097 0.05882889 -0.7349388 -0.675577 0.06209534 -0.7651571 -0.6408424 0.03901016 -0.9570984 -0.2871255 0.08528488 0.2615813 -0.9614062 0.08722072 -0.2406422 -0.9666872 0.03385889 -0.9114872 -0.4099326 0.02248358 -0.9850607 -0.1707339 0.02593666 -0.9438939 -0.3292289 0.07445919 -0.57792 -0.8126896 0.06185096 -0.6960548 -0.7153197 0.06080806 -0.8193666 -0.5700358 0.06032574 -0.7112521 -0.7003437 0.07346725 -0.5610988 -0.8244822 0.03691303 -0.9246736 -0.3789674 0.08079773 -0.4359663 -0.8963287 0.08323729 -0.387114 -0.9182671 0.05705076 -0.8476558 -0.5274703 0.05265069 -0.8070423 -0.5881419 0.05697876 -0.7072473 -0.7046664 0.05301737 -0.8064181 -0.5889645 0.06268262 -0.6901752 -0.7209224 0.05048298 -0.870661 -0.4892863 0.05224227 -0.7768586 -0.6275042 0.03997021 -0.7904375 -0.6112374 0.03455859 -0.9074904 -0.4186487 0.05503296 -0.82954 -0.5557292 0.03270733 -0.8532609 -0.5204576 0.08929568 -0.1259676 -0.9880074 0.08548516 -0.3211214 -0.9431719 0.0331996 -0.9292067 -0.3680663 0.05116397 -0.8438848 -0.5340793 0.04409378 -0.8495744 -0.5256227 0.04226183 -0.8489063 -0.526851 0.06738835 -0.8110803 -0.5810401 0.02708268 -0.9346432 -0.3545542 0.04830181 -0.8685546 -0.4932342 0.05441582 -0.8573939 -0.5117759 0.05659168 -0.7008927 -0.7110182 0.07814055 -0.506662 -0.8585964 0.01436871 -0.9583706 -0.2851657 0.0626586 -0.8810322 -0.4688883 0.04112732 -0.878552 -0.4758727 0.06244069 -0.7600922 -0.6468083 0.03864443 -0.8733574 -0.4855445 0.04346764 -0.8781242 -0.4764541 0.03614002 -0.8906462 -0.4532583 0.05889678 -0.8000046 -0.5970962 0.08954185 -0.08676868 -0.9921963 0.08839559 -0.1880754 -0.9781686 0.05208379 -0.8075799 -0.5874539 0.02599048 -0.9550582 -0.2952769 0.04991745 -0.8492563 -0.5256158 0.06696057 -0.7109463 -0.7000513 0.06327533 -0.6995732 -0.7117539 0.05157804 -0.8081365 -0.5867327 0.05087679 -0.8193907 -0.5709733 0.04645782 -0.820572 -0.5696519 0.07770901 -0.8353838 -0.5441463 0.08736038 -0.2541947 -0.9631994 0.08479285 -0.3378919 -0.9373576 0.02523785 -0.8952524 -0.4448441 0.06173914 -0.8216628 -0.5666203 0.08726674 -0.03242558 -0.9956572 0.04547429 -0.8255671 -0.5624687 0.04827773 -0.8919932 -0.4494634 0.055444 -0.660182 -0.7490566 0.04823833 -0.8920122 -0.4494299 0.04548418 -0.8180384 -0.5733623 0.06112635 -0.823917 -0.5634043 0.04228782 -0.944988 -0.3243603 0.02466154 -0.9226294 -0.3848985 0.03544265 -0.8773247 -0.478587 0.06398183 -0.8822791 -0.4663582 0.02929884 -0.8857005 -0.4633317 0.04834389 -0.7702285 -0.6359332 0.05331528 -0.7823116 -0.6206015 0.05678939 -0.8129366 -0.5795768 0.05101454 -0.8088799 -0.5857568 0.06650906 -0.66966 -0.7396837 0.08945709 -0.1156538 -0.9892531 0.0878272 -0.2071481 -0.9743594 0.04403412 -0.8438822 -0.5347186 0.04796868 -0.869728 -0.491195 0.02941715 -0.9325301 -0.3598922 0.05951118 -0.7027584 -0.7089352 0.05472266 -0.8630484 -0.5021484 0.08850306 -0.2301785 -0.9691156 0.05836784 -0.7500984 -0.6587455 0.05619901 -0.870153 -0.4895667 0.02547323 -0.8804968 -0.4733675 0.07531625 -0.6476331 -0.7582209 0.03801715 -0.8496118 -0.5260366 0.0679022 -0.729986 -0.6800807 0.04621678 -0.8468964 -0.5297458 0.04395711 -0.8414956 -0.5384729 0.04470986 -0.8834422 -0.4664021 0.05605745 -0.6465809 -0.760783 0.0902003 -0.524657 -0.8465217 0.06828087 -0.5112554 -0.8567122 0.07125067 -0.522589 -0.8496023 0.08936411 0.02347737 -0.9957223 0.08831578 -0.2160355 -0.9723832 0.09370821 -0.05321627 -0.9941765 0.1000331 0.1224007 -0.9874267 0.08189475 -0.2765512 -0.9575034 0.0836358 -0.4989365 -0.8625935 0.08201694 -0.4906687 -0.8674776 0.07572579 -0.4936761 -0.8663427 0.08044189 -0.6050795 -0.792091 0.06996899 -0.48439 -0.8720498 0.08408206 -0.5087359 -0.8568069 0.09215283 -0.489633 -0.8670454 0.05729061 -0.73133 -0.6796134 0.07237631 -0.5435288 -0.8362644 0.09379988 -0.5543051 -0.8270111 0.06834298 -0.6604357 -0.7477661 0.05047643 -0.7949774 -0.6045354 0.04813086 -0.7792744 -0.624832 0.06079488 -0.925752 -0.3732122 0.0432586 -0.8687003 -0.4934456 0.06269085 -0.6347843 -0.7701421 0.06621146 -0.7558814 -0.6513521 0.05734682 -0.7797055 -0.6235149 0.07483994 -0.4477126 -0.8910402 0.08138149 -0.5579363 -0.825884 0.05785286 -0.7425817 -0.6672523 0.08317798 -0.4969089 -0.8638074 0.05783814 -0.8072553 -0.5873617 0.05650043 -0.7627114 -0.6442664 0.06389182 -0.6679596 -0.7414498 0.08163446 -0.8052748 -0.5872548 0.05703783 -0.6482434 -0.7592939 0.06019663 -0.8475826 -0.5272382 0.0747835 -0.5301359 -0.8446084 0.07449823 -0.7592731 -0.646494 0.04251796 -0.7515096 -0.6583507 0.07220768 -0.5282041 -0.8460417 0.07852703 -0.4271615 -0.9007589 0.0631833 -0.7380369 -0.6717957 0.06622463 -0.729558 -0.6807051 0.07199072 -0.5577531 -0.826879 0.08531415 -0.3026 -0.9492917 0.09101909 -0.02108103 -0.995626 0.04554128 -0.8619536 -0.5049378 0.0440573 -0.8617137 -0.5054787 0.0566805 -0.766025 -0.640307 0.056809 -0.7669386 -0.6392011 0.08295536 -0.7362192 -0.6716396 0.04614728 -0.8809255 -0.471 0.07776081 -0.4999055 -0.8625821 0.06309705 -0.6363618 -0.7688059 0.05166518 -0.7780582 -0.6260641 0.05666893 -0.7964199 -0.602083 0.0299412 -0.9328525 -0.3590121 0.03252196 -0.9394979 -0.3410074 0.03865128 -0.8896164 -0.4550699 0.05964803 -0.6863656 -0.7248065 0.07525181 -0.5026871 -0.8611869 0.05727964 -0.5970575 -0.8001509 0.055664 -0.7563712 -0.65177 0.04715543 -0.8073699 -0.5881586 0.08366411 -0.8049598 -0.5874012 0.04778271 -0.8083123 -0.5868119 0.07548397 -0.6289162 -0.7738002 0.06981724 -0.7242351 -0.6860096 0.05197602 -0.7150536 -0.6971347 0.03159505 -0.9124978 -0.4078597 0.05942887 -0.7561151 -0.6517348 0.04768335 -0.8434793 -0.5350412 0.06110948 -0.749724 -0.658923 0.08606988 -0.26386 -0.9607132 0.04033857 -0.876654 -0.4794275 0.0405187 -0.8762375 -0.4801732 0.07393592 -0.8298693 -0.5530375 0.03994399 -0.8269558 -0.5608465 0.05678308 -0.8078883 -0.5865938 0.01733434 -0.9831798 -0.181816 0.02750802 -0.935074 -0.3533839 0.05318194 -0.8167184 -0.5745805 0.05081987 -0.8202944 -0.5696794 0.03495889 -0.8583045 -0.5119487 0.04538673 -0.9241561 -0.3793094 0.06453788 -0.7194551 -0.691534 0.07269835 -0.5608868 -0.8246946 0.07513856 -0.5996435 -0.7967321 0.04326373 -0.8627563 -0.5037658 0.05099332 -0.8063325 -0.5892602 0.05231142 -0.8035249 -0.5929682 0.07562011 -0.6605167 -0.7469934 0.04173964 -0.9165097 -0.3978291 0.01718121 -0.9332264 -0.3588779 0.05544728 -0.8495373 -0.5246065 0.06929045 -0.5455122 -0.8352338 0.07282173 -0.7101635 -0.7002606 0.07751655 -0.5010761 -0.8619246 0.06955665 -0.6242471 -0.7781244 0.07147318 -0.8256082 -0.5596988 0.0502547 -0.7312684 -0.6802361 -0.001179933 -0.7935983 -0.6084411 0.05970519 -0.8949844 -0.4420841 0.08537894 -0.3268843 -0.9411999 0.08567714 -0.3190079 -0.9438716 0.08094 -0.4345769 -0.8969904 0.05108499 -0.8067147 -0.588729 0.07217699 -0.7484563 -0.6592448 0.0517289 -0.7618715 -0.6456594 0.04886215 -0.8596978 -0.5084608 0.08984494 -0.8155001 -0.5717407 0.02033257 -0.7939068 -0.6076995 0.07193708 -0.7129552 -0.6975098 0.1050476 -0.4627165 -0.8802604 0.05591589 -0.8235424 -0.5644922 0.05692648 -0.7051154 -0.7068038 0.07616633 -0.6533939 -0.7531768 0.07176029 -0.4224328 -0.9035491 0.03019052 -0.8422138 -0.5382978 0.07600843 -0.5100358 -0.8567884 0.08211994 -0.3920682 -0.9162635 0.05058479 -0.8833135 -0.4660455 0.03751707 -0.8932372 -0.4480179 0.05813902 -0.7916443 -0.6082098 0.05445992 -0.776769 -0.6274266 0.07142853 -0.6511077 -0.7556169 0.03585302 -0.8928731 -0.4488788 0.06404876 -0.6547388 -0.7531367 0.05493229 -0.8189995 -0.571159 0.06342869 -0.5834677 -0.8096556 0.03031867 -0.7835557 -0.6205814 0.08452218 -0.3534207 -0.9316383 0.08795911 -0.205317 -0.9747349 0.03181862 -0.9426198 -0.3323488 0.01883876 -0.975326 -0.2199648 0.06986099 -0.741883 -0.6668801 0.08180254 -0.4862423 -0.8699867 0.06533175 -0.7427148 -0.6664133 0.05390584 -0.7790277 -0.624668 0.06475317 -0.6670998 -0.7421489 0.06017249 -0.7873659 -0.6135425 0.0833255 -0.372053 -0.9244639 0.08260607 -0.3930017 -0.9158199 0.02166265 -0.9311774 -0.3639221 0.0360015 -0.9173293 -0.3964982 0.05213463 -0.5864878 -0.8082785 0.05583339 -0.8452354 -0.5314695 0.04416215 -0.7714461 -0.6347604 0.07356822 -0.5624944 -0.8235216 0.07098823 -0.573565 -0.8160784 0.06230133 -0.7268899 -0.6839223 0.0825966 -0.3999944 -0.9127882 0.07313728 -0.5608974 -0.8246484 0.04923415 -0.8200855 -0.5701191 0.05462884 -0.8113912 -0.5819452 0.03526985 -0.8880916 -0.4583116 0.05368459 -0.8084426 -0.5861216 0.06193673 -0.5296829 -0.8459314 0.06829148 -0.6596602 -0.7484549 0.07807356 -0.4980739 -0.8636127 0.04241275 -0.7166649 -0.6961269 0.02909958 -0.8143326 -0.5796686 0.08147346 -0.4699133 -0.8789446 0.05276036 -0.8884416 -0.4559474 0.0834527 -0.5102479 -0.8559689 0.06070822 -0.6720372 -0.7380248 0.04630446 -0.7578661 -0.6507649 0.04877501 -0.8192849 -0.5713084 0.06977194 -0.6429051 -0.7627614 0.06560814 -0.7600929 -0.6464939 0.0900008 -0.5553502 -0.8267321 0.04613095 -0.7591985 -0.6492223 0.07201308 -0.7498286 -0.6577014 0.08427828 -0.3931204 -0.9156166 0.07785969 -0.4910424 -0.8676493 0.06482619 -0.7632225 -0.6428757 0.09140592 -0.5633921 -0.8211177 0.08604288 -0.3710922 -0.9246012 0.08567035 -0.4700198 -0.8784886 0.05791902 -0.6508791 -0.7569689 0.06117975 -0.6464667 -0.7604853 0.09558475 -0.4462376 -0.8897953 0.07852172 -0.4404199 -0.8943516 0.0536518 -0.7379712 -0.6726961 0.09513956 -0.5177768 -0.8502093 0.04722774 -0.7425377 -0.6681371 0.06272435 -0.80675 -0.5875543 0.04425793 -0.7974242 -0.6017939 0.06140565 -0.8077212 -0.5863581 0.05731832 -0.7505376 -0.6583374 0.06717234 -0.5883096 -0.805841 0.05938297 -0.721202 -0.6901749 0.07523465 -0.5570659 -0.8270534 0.03947514 -0.7636395 -0.6444351 0.05437332 -0.7969158 -0.6016384 0.03830432 -0.8847441 -0.4645006 0.07424181 -0.5462167 -0.8343474 0.06380021 -0.7156722 -0.6955164 0.07916539 -0.468327 -0.8800016 0.07550847 -0.7564498 -0.6496785 0.05986261 -0.518129 -0.8532051 0.08626616 -0.3750678 -0.9229748 0.08953398 -0.6035773 -0.7922616 0.08113414 -0.4584163 -0.8850264 0.09618282 -0.07442098 -0.9925777 0.08171421 -0.2747225 -0.9580451 0.0850234 -0.3830787 -0.9197944 0.08500242 -0.4330486 -0.8973537 0.08324342 -0.4318242 -0.8981083 0.0755459 -0.4606716 -0.8843499 0.07719272 -0.2029777 -0.976136 0.08969247 -0.2500939 -0.9640583 0.1147943 0.07489734 -0.9905618 0.08057248 -0.4992214 -0.8627203 0.08692514 -0.2279664 -0.9697812 0.08574837 -0.2473911 -0.965114 0.0220769 -0.5084892 -0.8607854 0.0760796 -0.5811457 -0.8102356 0.08150613 -0.4675465 -0.8802029 0.07672828 -0.4894708 -0.8686375 0.07365083 -0.6528778 -0.7538743 0.0780853 -0.4382944 -0.8954333 0.08513766 -0.3316424 -0.9395558 0.08156824 -0.4464284 -0.891094 0.0449413 -0.8834636 -0.4663394 0.07773131 -0.5569593 -0.8268944 0.04435914 -0.8838906 -0.4655854 0.1016217 -0.6825042 -0.7237825 0.06225109 -0.5896201 -0.8052782 0.03264939 -0.6392432 -0.7683114 0.0571947 -0.6945638 -0.7171542 0.06906175 -0.6577143 -0.750095 0.07712996 -0.4882974 -0.8692622 0.04017096 -0.7510557 -0.6590158 0.1434164 -0.2099632 -0.9671335 0.08643537 -0.6254068 -0.7754968 0.05598419 -0.5849072 -0.8091658 0.08248674 -0.4087878 -0.9088942 0.08500027 -0.527784 -0.8451148 0.06686693 -0.4937427 -0.8670335 0.09186232 -0.2347362 -0.9677088 0.08526647 -0.3331732 -0.9390023 0.06397205 -0.5772998 -0.8140226 0.08481508 -0.4720628 -0.8774755 0.02127593 -0.5924853 -0.8053003 0.1117815 -0.5188199 -0.847544 0.08557736 -0.6276775 -0.7737556 0.04458236 -0.6321591 -0.7735549 0.07782256 -0.6400807 -0.7643561 0.09414875 -0.5527129 -0.8280367 0.08979451 -0.1464166 -0.9851392 0.07833081 -0.4290565 -0.8998749 0.07413405 -0.5594096 -0.8255696 0.09566402 -0.1730729 -0.9802522 0.05276232 -0.5964909 -0.8008838 0.0837838 -0.1737363 -0.9812217 0.05026334 -0.8553406 -0.5156222 0.06473022 -0.5865785 -0.8073015 0.0848214 -0.7174913 -0.6913838 0.08961218 -0.4121763 -0.9066866 0.08689266 -0.3997307 -0.9125049 0.0764079 -0.4243528 -0.9022675 0.04611563 -0.6905401 -0.7218226 0.06116902 -0.7546139 -0.6533117 0.09761476 -0.5332718 -0.8402932 0.05128955 -0.761807 -0.6457707 0.04700517 -0.5501008 -0.8337745 0.08195585 -0.6147648 -0.7844411 0.06499981 -0.6266912 -0.7765522 0.06846487 -0.6451565 -0.760977 0.08204191 -0.4380201 -0.8952137 0.08394092 -0.4830957 -0.8715345 0.07895421 -0.4667918 -0.8808357 0.06238102 -0.6527394 -0.7550098 0.07962799 -0.4659292 -0.8812318 0.0583015 -0.7278978 -0.6832027 0.08500522 -0.4938702 -0.8653707 0.03403294 -0.7772527 -0.6282675 0.07140386 -0.4853967 -0.8713734 0.07952946 -0.6398707 -0.7643563 0.05538314 -0.795378 -0.603578 0.08128249 -0.4418888 -0.8933799 0.05088913 -0.79714 -0.6016464 0.06312519 -0.7772341 -0.6260372 0.07990998 -0.6542589 -0.7520372 0.06150281 -0.589667 -0.8053014 0.07352507 -0.3490452 -0.9342171 0.08034718 -0.4480562 -0.8903877 0.07284396 -0.6762585 -0.7330541 0.05829894 -0.5871008 -0.807412 0.06843262 -0.6821498 -0.7280033 0.07659816 -0.4882574 -0.8693317 0.09938752 -0.481631 -0.8707203 0.04793363 -0.793847 -0.6062256 0.05483305 -0.8553802 -0.5150905 0.07850497 -0.4809343 -0.873235 0.06941926 -0.6641813 -0.7443415 0.07485651 -0.6719029 -0.7368467 0.07841706 -0.5789536 -0.8115808 0.07666844 -0.5120797 -0.8555094 0.06121343 -0.6391319 -0.7666572 0.07988488 -0.7513198 -0.6550856 0.07122445 -0.5993782 -0.7972911 0.0964607 -0.4228454 -0.9010534 0.0800507 -0.6138462 -0.7853566 0.06536144 -0.6406924 -0.7650105 0.08321726 -0.4779121 -0.874457 0.08141773 -0.4493416 -0.8896422 0.06731462 -0.644657 -0.7615026 0.07614415 -0.4709842 -0.8788493 0.06322562 -0.5919839 -0.803466 0.07818084 -0.5578522 -0.8262498 0.07847994 -0.4526664 -0.8882196 0.09286075 -0.5999763 -0.7946103 0.05729925 -0.6015195 -0.7968007 0.007232427 -0.9967592 -0.08011788 0.007235229 -0.9967569 -0.08014661 0.007229089 -0.9967584 -0.08012837 0.007277727 -0.9967569 -0.08014202 0.007246375 -0.9967603 -0.08010327 0.00724107 -0.996758 -0.08013296 0.007236301 -0.9967585 -0.08012557 0.007236182 -0.9967583 -0.08012962 0.00723648 -0.9967572 -0.08014237 0.00723958 -0.9967591 -0.08011949 0.007242918 -0.9967591 -0.08011865 0.007235109 -0.9967577 -0.08013671 0.007257819 -0.9967578 -0.08013284 0.007244586 -0.9967592 -0.08011639 0.007244467 -0.9967583 -0.08012825 0.007245004 -0.9967578 -0.08013445 0.007262647 -0.9967535 -0.08018642 0.007236659 -0.9967581 -0.08013248 0.007237911 -0.9967573 -0.08014047 0.007234334 -0.9967585 -0.08012759 0.007240891 -0.9967586 -0.08012402 0.00729537 -0.996758 -0.08012747 0.007238507 -0.9967597 -0.08011043 0.007242023 -0.9967585 -0.0801261 0.007246077 -0.9967584 -0.08012723 0.007239103 -0.9967584 -0.08012741 0.007243752 -0.9967564 -0.08015179 0.007240772 -0.996756 -0.08015662 0.007246136 -0.9967584 -0.08012688 0.007258653 -0.9967601 -0.08010399 0.007258474 -0.9967604 -0.08010041 0.007244348 -0.9967584 -0.08012765 0.007258296 -0.9967584 -0.08012604 0.007246077 -0.9967576 -0.08013659 0.007208645 -0.996755 -0.08017349 0.007247447 -0.9967572 -0.08014255 0.007242083 -0.9967496 -0.08023583 0.007255852 -0.9967573 -0.08013993 0.007259726 -0.99676 -0.08010596 0.007235884 -0.9967553 -0.08016651 0.007249355 -0.9967575 -0.08013683 0.007230222 -0.9967575 -0.08013916 0.007242202 -0.9967581 -0.08013033 0.007237732 -0.9967578 -0.08013486 0.007240891 -0.9967588 -0.08012217 0.007264912 -0.9967581 -0.08012819 0.007242083 -0.9967566 -0.08015012 0.00724107 -0.9967584 -0.08012688 0.007241249 -0.9967576 -0.08013719 0.007210195 -0.9967583 -0.08013141 0.007252991 -0.9967582 -0.08012902 0.007225751 -0.9967612 -0.08009374 0.007261633 -0.9967567 -0.08014547 0.00723493 -0.9967585 -0.08012723 0.007255733 -0.9967572 -0.08014041 0.007244408 -0.9967594 -0.08011448 0.007260859 -0.9967543 -0.08017587 0.007210791 -0.9967603 -0.08010661 -0.32477 0.06028467 -0.9438699 -0.5734242 0.07812738 -0.8155249 -0.709627 0.04064589 -0.7034041 -0.9455852 0.03112632 -0.3238824 -0.9827976 -0.003393054 -0.1846547 -0.9894039 -0.0102716 0.1448254 -0.9397189 -0.04648184 0.3387743 -0.8361183 -0.03764069 0.5472563 -0.6032426 -0.07841283 0.7936938 -0.4491122 -0.06121224 0.8913761 -0.2132047 -0.09141361 0.9727216 -0.007223367 0.9967568 0.08014833 -0.007241785 0.9967532 0.0801928 -0.007229745 0.9967573 0.08014267 -0.007256329 0.996751 0.08021831 -0.007214605 0.9967592 0.08011966 -0.007239937 0.9967664 0.08002877 -0.007262289 0.9967576 0.08013528 -0.007263243 0.9967572 0.08013993 -0.007265686 0.9967561 0.08015292 -0.007257878 0.9967572 0.080141 -0.007272422 0.9967601 0.08010345 -0.00722748 0.9967573 0.08014214 -0.007228314 0.9967587 0.08012378 -0.007249116 0.9967581 0.08012962 -0.007242441 0.9967575 0.08013772 -0.007242739 0.9967584 0.08012759 -0.007253646 0.9967648 0.0800451 -0.007242918 0.9967576 0.08013713 -0.00725466 0.9967566 0.08014839 -0.007242918 0.9967578 0.08013445 -0.007272481 0.9967522 0.08020174 -0.00725454 0.9967591 0.08011633 -0.007239282 0.9967562 0.08015531 -0.007227182 0.996761 0.08009624 -0.007266044 0.9967582 0.08012664 -0.007240414 0.99676 0.08010751 -0.00727266 0.9967585 0.08012437 -0.00724101 0.9967585 0.08012634 -0.007221579 0.996758 0.08013468 -0.007240891 0.9967597 0.08011096 -0.007245719 0.9967579 0.08013248 -0.00723356 0.9967572 0.08014231 -0.007237672 0.9967564 0.08015227 -0.007235229 0.9967569 0.08014649 -0.007235586 0.9967581 0.0801317 -0.007255971 0.9967581 0.08012974 -0.007238805 0.9967572 0.0801419 -0.007231533 0.9967551 0.08016848 -0.007240176 0.996759 0.0801199 -0.007254898 0.996766 0.0800305 -0.007242023 0.9967572 0.08014231 -0.007244884 0.996758 0.08013129 -0.007233738 0.9967592 0.08011847 -0.007252871 0.9967579 0.08013212 -0.007279157 0.9967584 0.08012372 -0.007246971 0.9967576 0.080136 -0.007255673 0.9967508 0.08021938 -0.007241904 0.9967584 0.08012765 -0.007242262 0.9967595 0.08011299 -0.00725466 0.9967579 0.08013314 -0.007250428 0.9967582 0.08012884 -0.007253766 0.9967566 0.08014893 -0.007253766 0.9967579 0.08013319 -0.007204353 0.9967586 0.08012789 -0.007229328 0.9967573 0.08014112 -0.007245481 0.9967573 0.08013951 -0.0072245 0.9967628 0.08007383 -0.007274329 0.9967556 0.08015847 -0.007262885 0.9967551 0.08016502 -0.007208287 0.9967596 0.0801146 -0.007240891 0.9967576 0.08013731 -0.5052714 0.06112998 -0.8607926 -0.5980609 0.0658853 -0.798738 -0.9343008 0.01584601 -0.3561332 -0.9750106 0.01564669 -0.2216064 0.3156327 0.07145041 -0.9461876 0.3102586 0.08252453 -0.9470636 0.4428813 -0.07855719 0.8931322 0.5591614 -0.05028462 0.8275326 0.7131033 -0.05964642 0.698517 0.8371009 -0.02668488 0.5463975 0.888793 -0.03624206 0.4568737 0.9810847 -0.01138061 0.1932446 0.9911753 0.006105422 0.1324172 0.9937308 0.0092085 -0.1114197 0.9667937 0.03726994 -0.2528261 0.9179474 0.02807927 -0.3957073 0.782648 0.0672509 -0.618821 0.6821827 0.05060738 -0.7294282 0.5268902 0.08102637 -0.8460623 0.1394215 -0.07312643 0.9875293 0.1402509 -0.07479518 0.9872869 -0.9820747 -0.02307415 0.1870751 -0.9826316 -0.02314192 0.1841185 -0.6772682 -0.0612775 0.73318 -0.6264147 -0.07071715 0.7762756 -0.8851382 0.03203511 -0.4642244 -0.9050757 0.0104295 -0.4251228 -0.9650516 0.02949178 -0.2603953 -0.9931862 -0.01312071 -0.1157982 -0.9989231 0.005988657 -0.04601073 -0.9861484 -0.03267484 0.1626155 -0.9665921 -0.01014864 0.2561184 -0.9445491 -0.0361067 0.3263794 -0.135038 0.07285332 -0.9881585 -0.1495515 0.08392494 -0.9851858 -0.1483018 0.08106851 -0.9856138 -0.1511334 0.0782451 -0.9854118 -0.1496915 0.09331202 -0.9843198 -0.1489702 0.06316047 -0.9868225 -0.1472397 0.07026553 -0.986602 -0.15051 0.02846789 -0.9881985 -0.1484656 0.01047676 -0.9888622 -0.3225959 -0.09806632 0.941443 -0.3245844 -0.02894598 0.9454138 -0.5801984 -0.1379141 0.8027139 -0.6034135 -0.05525147 0.7955121 -0.7751679 0.01643329 0.6315416 -0.8155144 -0.1448193 0.5603247 -0.9202409 0.0146923 0.3910766 -0.9378364 -0.08680832 0.3360466 -0.98803 0.08035069 0.1316838 -0.9871826 -0.1591995 0.01122999 -0.9720391 0.1372541 -0.190529 -0.9387212 -0.08734899 -0.3334256 -0.8926731 0.107628 -0.4376654 -0.7996852 -0.07069033 -0.5962437 -0.7151857 0.2099247 -0.6666641 -0.5192872 -0.142822 -0.842581 -0.4170715 0.2108309 -0.8840824 -0.336106 -0.0680586 0.9393619 -0.3134758 -0.1727054 0.933759 -0.2459487 0.05539852 0.9676985 -0.1970832 -0.3241309 0.9252554 -0.1402351 0.2330648 0.9622967 -0.3243356 -0.05673551 0.9442392 -0.3248478 -0.08091104 0.942299 0.5346628 -0.04759728 0.843724 0.5379045 -0.06577044 0.8404363 0.4743967 -0.08257961 0.8764293 0.4890391 -0.05543512 0.8704985 0.4063156 -0.04956471 0.9123875 0.363965 -0.1056041 0.9254066 0.2835522 -0.04878288 0.9577152 0.2485817 -0.09705781 0.9637359 0.2178431 -0.06704872 0.973678 0.1485287 -0.09027904 0.9847787 0.1291707 -0.06999689 0.9891489 0.03597801 -0.08322888 0.9958809 0.03947335 -0.0758996 0.9963339 -0.07752597 0.01952034 0.9967993 -0.07809066 -0.08131456 0.9936246 -0.02114671 -0.07622551 0.9968664 0.09790384 -0.0897963 0.9911366 0.1470015 -0.07017004 0.9866443 0.3716112 -0.08139061 0.9248139 0.4094669 -0.06314659 0.910137 0.5760874 -0.06539857 0.8147677 0.5955581 -0.05686396 0.8012971 0.7145118 -0.05478686 0.697475 0.7434543 -0.04011726 0.6675825 0.8356704 -0.04830944 0.5471026 0.8800545 -0.02136075 0.4743921 0.9279309 -0.03163778 0.3714075 0.9569299 -0.007890582 0.2902122 0.9849032 -0.01685535 0.1722839 0.9960865 0.01214623 0.08754557 0.9982663 -3.53942e-4 -0.05885833 0.9848266 0.03578472 -0.1698123 0.9624591 0.0159958 -0.2709551 0.8930001 0.05553376 -0.4466172 0.8709868 0.03960818 -0.4897074 0.7406822 0.06004852 -0.6691668 0.7208115 0.07255685 -0.6893231 0.6061531 0.05528265 -0.7934244 0.484457 0.09136825 -0.8700307 0.3898854 0.05970937 -0.9189256 0.2219701 0.0945788 -0.9704557 0.1019833 0.06263607 -0.9928122 -0.3762465 0.0331223 -0.9259275 -0.4477711 0.06372714 -0.8918744 -0.4412795 0.06185644 -0.8952354 -0.4327524 0.06892043 -0.8988745 -0.4374796 0.06860053 -0.8966079 -0.4360541 0.06794023 -0.8973523 -0.434299 0.06898367 -0.8981234 -0.435222 0.0692169 -0.8976587 -0.4355998 0.0690816 -0.8974857 -0.4353225 0.06883436 -0.8976392 -0.4397671 0.0676701 -0.8955589 -0.4417598 0.07242941 -0.8942049 0.06518101 0.5844079 -0.808838 0.0754438 0.6014666 -0.7953278 0.07731193 0.607008 -0.7909262 0.07673913 0.5654773 -0.8211861 0.06504273 0.6464778 -0.7601552 0.06846028 0.6037865 -0.794201 0.07524096 0.653451 -0.7532203 0.05853551 0.7906893 -0.6094129 0.05530601 0.7310455 -0.6800836 0.07527691 0.6239892 -0.7777988 0.08011412 0.5287361 -0.8449969 0.05587083 0.8974483 -0.4375672 0.07216489 0.5435314 -0.836281 0.07388371 0.6572604 -0.7500333 0.06092333 0.684831 -0.7261508 0.0240882 0.8678106 -0.496311 0.07495146 0.8147466 -0.5749523 0.001668989 0.8193377 -0.5733089 0.07028371 0.6450006 -0.7609431 0.07046949 0.6498664 -0.7567746 0.06579667 0.6427508 -0.7632445 0.05749958 0.6859636 -0.7253605 0.05905783 0.6900885 -0.7213114 0.05803853 0.8204954 -0.5686994 0.06004554 0.6897206 -0.7215817 0.0596891 0.6909363 -0.7204473 0.06563949 0.8119379 -0.5800417 0.06322413 0.7567555 -0.6506334 0.05305439 0.6487522 -0.7591481 0.05123591 0.7870396 -0.6147713 0.04606091 0.9090016 -0.4142398 0.0349316 0.8509008 -0.524164 0.05894994 0.817552 -0.5728294 0.08318221 0.8467094 -0.525513 0.0700668 0.5794334 -0.8120023 0.0610004 0.757012 -0.6505474 0.08863526 0.74202 -0.6644925 0.06875139 0.6380603 -0.7669109 0.06103557 0.7752651 -0.6286801 0.03869259 0.9210429 -0.3875343 0.05229139 0.8757098 -0.4799977 0.05681437 0.7350192 -0.6756619 -0.0391786 0.9526771 0.301449 0.07811415 0.4967247 -0.8643859 0.04549431 0.8142373 -0.578747 0.08537036 0.6582691 -0.7479263 0.04493516 0.7596946 -0.6487256 0.06660914 0.5729115 -0.8169062 0.05877381 0.800544 -0.596385 0.06992655 0.5711855 -0.8178372 0.07762515 0.6032207 -0.793788 0.07677465 0.4968675 -0.8644237 0.07003718 0.6098057 -0.7894505 0.06558907 0.6031877 -0.794898 0.07067871 0.5890751 -0.8049815 0.07679343 0.6112912 -0.7876712 0.08739918 0.3192353 -0.9436368 0.07109671 0.1920625 -0.978804 0.0937038 0.2267162 -0.9694428 0.06563973 0.6165208 -0.7845978 0.05864614 0.5874626 -0.8071236 0.07494288 0.5744919 -0.8150721 0.08420491 0.5868557 -0.8053012 0.06938213 0.612456 -0.7874541 0.05402201 0.7770424 -0.6271258 0.07851493 0.5991175 -0.7968022 0.03055316 0.7617137 -0.6471932 0.08245223 0.6067976 -0.7905684 -0.01710528 0.9929837 0.1170077 0.03172451 0.8689712 -0.4938449 0.06310236 0.7783527 -0.624648 0.06751745 0.6772738 -0.7326265 0.07002788 0.6377114 -0.7670856 0.07762509 0.6938723 -0.715902 0.09190964 0.7092294 -0.6989609 0.06386429 0.7795154 -0.623119 0.05189913 0.7123025 -0.6999512 -0.01199877 0.9912366 0.1315529 0.07029747 0.6069883 -0.7915956 0.06864333 0.8226163 -0.5644384 -0.01383507 0.9936587 0.1115841 -0.006948471 0.996753 0.08021968 -0.005874216 0.996914 0.07828187 -0.008614957 0.9961163 0.08762532 -0.01197302 0.9957987 0.09078395 0.09456193 0.3993089 -0.9119269 -0.008274972 0.984961 0.1725788 -0.01847046 0.9833474 0.1807953 -0.02879989 0.9663194 0.2557293 -0.02149069 0.9590932 0.2822738 -0.02500402 0.9857302 0.1664659 -0.01327085 0.9584525 0.2849438 -0.007231056 0.9902632 0.1390202 -0.007990598 0.9966713 0.08113247 -0.008139371 0.9966851 0.08094954 0.03500241 0.9572985 -0.2869747 -0.0267232 0.9700977 0.2412393 -0.009254097 0.99686 0.0786423 -0.01154738 0.9798358 0.1994705 -0.0277816 0.9853396 0.1683276 -0.005563557 0.9957126 0.09233379 -0.02356082 0.9794926 0.2000981 -0.01344436 0.9928722 0.1184233 0.01546996 0.9957225 0.09109038 -0.01001083 0.988393 0.1515892 -0.02234417 0.9878396 0.1538624 -0.006472706 0.9871587 0.1596117 -0.009655058 0.9967007 0.08058887 -0.009050667 0.996716 0.0804702 0.003186941 0.9999902 -0.003090023 0.03778755 0.998286 -0.0446909 -0.02858757 0.9541593 0.2979309 -0.01402896 0.9753145 0.2203742 -0.03977227 0.9538083 0.2977715 -0.01387548 0.9752516 0.2206624 -0.02518701 0.9452065 0.3255 -0.01731628 0.9786894 0.2046144 -0.02953487 0.9445844 0.3269374 -0.02044975 0.9769396 0.2125342 -0.02045422 0.9836337 0.179015 -0.02911901 0.9698623 0.2419074 0.007166028 0.9998203 -0.01755422 0.007775664 0.9916548 -0.1286873 0.03170132 0.9971604 -0.06831109 -3.15626e-4 0.9917497 -0.1281896 -0.0494644 0.9956798 -0.0785818 -0.002404689 0.994683 -0.102957 0.07674932 0.9053981 -0.4175692 -0.0729444 0.9876279 0.138817 -0.0113601 0.9926561 0.1204363 -0.01408439 0.9967707 0.07905578 -0.008832991 0.9965102 0.08300364 -0.03179842 0.9514573 0.3061339 -0.03057616 0.9382243 0.3446743 -0.02387255 0.9648789 0.2616082 -0.02442711 0.9690665 0.2455882 -0.007983684 0.9970279 0.07662665 -0.007010877 0.9967399 0.08037728 -0.01565641 0.979698 0.1998671 -0.01607239 0.9877085 0.1554788 -0.01025819 0.9919601 0.1261352 -0.005646169 0.9967132 0.08081471 -0.004365801 0.9965781 0.08254182 -0.01033222 0.9965629 0.08219373 -0.008823335 0.9923371 0.1232447 -0.003172457 0.9993419 0.03613662 -0.008333444 0.9957448 0.09177744 -0.006894886 0.9967783 0.0799089 -0.002334654 0.9967041 0.08108997 -0.009366333 0.9965179 0.08285135 -0.007879674 0.9965302 0.08285796 -0.009201347 0.997968 0.06305038 -0.02607452 0.9941635 0.1046862 -0.001542329 0.9959659 0.08971947 -0.004627943 0.9968362 0.07934838 -0.007303655 0.996772 0.07995235 -0.03174775 0.9939591 0.1050597 -0.00513333 0.9973016 0.07323336 -0.009400308 0.9965189 0.08283656 -0.004267454 0.9905484 0.1370972 -0.01182985 0.9887489 0.1491172 -0.02038347 0.9765077 0.2145166 -0.01175439 0.9904052 0.1376936 -0.1471338 0.9703848 0.1915857 0.01747882 0.9829971 -0.1827874 0.004866838 0.9980945 -0.06151223 -0.006301462 0.996793 0.07977509 -0.005128622 0.9967789 0.08003526 -0.005665302 0.9956535 0.09296393 0.001837491 0.9973528 -0.07269108 7.63081e-4 0.9974015 -0.07203936 -0.01450949 0.9883952 0.1512102 -0.01361113 0.9813165 0.1919187 -0.004961431 0.9954712 0.09493494 -0.00963664 0.9962176 0.08635735 -0.01924812 0.9763187 0.2154793 -0.009471654 0.9975584 0.06919389 -0.006651163 0.9968089 0.07954871 -0.02502936 0.9621466 0.2713805 -0.03236913 0.9356602 0.3514149 -0.02325874 0.9653885 0.2597768 -0.01101535 0.9998734 0.01148605 0.002489805 0.9970707 0.07644599 0.03125613 0.9719584 -0.2330666 0.01069378 0.9914786 -0.1298308 0.03091841 0.9930635 -0.1134427 -0.01434552 0.9954041 -0.09468364 -0.02440863 0.9970389 0.07292395 0.01501196 0.9899758 -0.140437 0.01440161 0.9594439 -0.2815318 -0.02882796 0.9737895 0.225617 -0.0223965 0.9579418 0.2860875 -0.0134254 0.9918553 0.1266607 -0.01385903 0.9917216 0.1276571 -0.008384346 0.9966926 0.08083111 -0.007643699 0.996748 0.0802195 0.002099573 0.9816555 -0.1906521 -0.02113872 0.9786415 0.2044851 -0.01433336 0.9860646 0.165745 -0.009051859 0.9972403 0.07368808 -0.006282448 0.9967206 0.08067667 -0.03126657 0.9939031 0.1057316 -0.02122533 0.9848655 0.1720159 -0.001837849 0.995989 0.08945649 0.001301586 0.9901612 0.1399259 -0.009577631 0.9865621 0.1631056 -0.05987423 0.9436949 0.3253538 -0.02816778 0.9426703 0.3325347 0.02257585 0.8543673 -0.5191791 -0.005427539 0.8553144 -0.5180811 0.05145961 0.8163301 -0.5752887 0.02580696 0.9734712 -0.2273497 0.02314502 0.9739342 -0.225647 0.04242205 0.9237469 -0.3806469 0.02174514 0.9865617 -0.1619356 0.007093727 0.9687377 -0.2479857 -0.01584476 0.9875118 0.1567463 -0.009636759 0.9909592 0.1338173 -0.01348119 0.9752476 0.2207046 -0.03454732 0.9440047 0.3281185 0.001553773 0.9109579 0.4124964 -0.01042979 0.9738452 0.2269733 -0.0399816 0.9770991 0.2089951 -0.02521216 0.9785789 0.2043225 -0.006291508 0.9906947 0.1359577 -0.01577293 0.990028 0.1399849 -0.007863342 0.9999206 -0.009857773 -0.006780624 0.9963893 0.08463042 -0.009326219 0.9966646 0.08107286 0.02646428 0.9986203 0.04535502 -0.01493132 0.9698302 0.2433243 -0.02373206 0.9783861 0.2054204 -0.006480872 0.9878805 0.1550816 -0.02563631 0.9976701 0.06322491 -0.008451044 0.9964904 0.08327943 0.005078256 0.999698 0.02404272 -0.01347917 0.9921859 0.1240383 -0.01754868 0.9801241 0.1976079 -0.01259285 0.9901396 0.1395169 -0.00503093 0.997148 0.07530283 -0.009924232 0.9969099 0.07792472 -0.009649813 0.9971452 0.0748887 -0.005848467 0.9968862 0.0786367 0.01215636 0.9995787 0.02635914 -0.011312 0.9924366 0.1222366 0.01186853 0.9914181 -0.1301897 -0.001858413 0.9994706 0.03248316 -0.2411592 0.9638235 0.1135185 0.03481823 0.9972082 -0.0660569 -0.04154574 0.9987725 0.02697533 0.005463838 0.9996365 0.0264036 0.03414505 0.9980026 0.05315113 -0.01097363 0.9914494 -0.1300301 0.007639706 0.9981126 0.06093281 0.003463208 0.9981304 0.06102341 0.007895469 0.9929623 -0.1181673 -0.03007811 0.999441 0.01459288 -0.01818507 0.9991532 0.03691077 -0.01552766 0.9840931 0.1769734 -0.02853608 0.970762 0.2383421 0.0236361 0.9775986 -0.2091466 -0.005424857 0.9720496 0.2347131 -0.01798206 0.9836739 0.1790595 0.01109915 0.996199 -0.08639734 -0.004049837 0.9983523 0.05723839 0.02488791 0.9984742 0.04929578 -0.006778299 0.9969254 0.07806283 -0.00954461 0.9971974 0.07420492 -0.01282906 0.9919068 0.1263187 -0.003092169 0.9967818 0.08010393 -0.0250926 0.9984984 0.04869562 0.006727039 0.9988097 -0.04831248 0.01556295 0.9871094 -0.1592886 0.01345056 0.9849019 -0.17259 0.03205621 0.9505815 -0.3088161 0.04982584 0.9522641 -0.301182 -0.02071607 0.9892416 0.1448171 -0.00669527 0.9969233 0.0780977 -0.0104525 0.9977016 0.06695091 -0.007559478 0.997061 0.07623863 -0.006357014 0.9985855 0.05278849 0.01733016 0.9997871 -0.01119834 -0.003710091 0.9971534 0.07530921 -0.01450663 0.9957708 0.09072017 -0.01186305 0.9873086 0.1583698 -0.007753193 0.9961807 0.0869714 -0.006301343 0.9968063 0.07960927 4.02944e-5 0.9972937 0.07352089 0.004691958 0.9902572 -0.1391724 0.008372485 0.9981879 -0.05958831 -0.008291184 0.9916178 0.1289398 -0.01697903 0.9874449 0.1570488 -0.01556533 0.9792701 0.2019602 0.001056194 0.9985777 -0.05330574 0.06502634 0.959132 -0.2753863 0.05779582 0.9814774 -0.1826522 -0.002390563 0.9598519 -0.2804972 0.006569445 0.9975641 0.06944638 -0.008674204 0.9968114 0.07932192 0.0320326 0.9921349 -0.1210055 -0.02473646 0.9984771 0.04931271 0.02214956 0.9892473 -0.1445663 0.009285569 0.999803 0.0175417 0.008488774 0.9997909 0.0186069 0.01605689 0.9882428 -0.1520478 -0.002813816 0.991845 -0.1274198 -0.01859784 0.9775367 0.2099431 0.027772 0.9677456 -0.2503944 -0.01331681 0.9915639 0.1289334 0.01518625 0.995077 0.09793549 -0.01468086 0.977802 0.2090162 -0.02089917 0.9943461 0.1041108 -0.01008963 0.9965531 0.08234149 0.009155333 0.9985898 -0.05229562 -0.004447221 0.9965864 0.08243662 -0.009514033 0.9969627 0.07729762 -5.61094e-5 0.9979204 -0.06445884 0.003486454 0.9981147 0.06127679 -0.006186246 0.9882326 -0.1528341 0.01233142 0.9993422 -0.03410691 0.004652321 0.9996751 -0.02506059 0.03442549 0.9037634 -0.4266458 9.10412e-5 0.9995231 -0.03088319 0.02008897 0.9947397 -0.1004471 -0.006934106 0.9997121 -0.02297055 0.01980966 0.9721789 -0.2334001 0.02379101 0.9702782 -0.2408204 -0.009837985 0.9968104 0.07919692 -0.004789352 0.9970071 0.07716125 0.002415239 0.9957009 -0.09259605 -0.01096969 0.9975375 0.06927299 -0.03366571 0.9417783 0.3345451 -0.02006238 0.9724065 0.2324293 -0.001776278 0.9973772 0.07235836 -0.01656842 0.9971481 0.07362872 0.02554863 0.998685 -0.04444742 -0.0400232 0.9974607 -0.05890864 0.01318532 0.9969403 -0.07704699 0.01889222 0.9679721 -0.250346 0.01652967 0.9626939 -0.2700877 -0.03527843 0.941098 0.3362886 -0.02391952 0.971825 0.2344871 -0.01903778 0.9686235 0.2478024 0.01037091 0.5801813 -0.8144214 0.07127261 0.715279 -0.6951951 0.026205 0.9564958 -0.290567 -0.00785923 0.9991467 -0.04054969 0.008185029 0.989588 -0.1436966 -0.00695306 0.9971033 0.07574093 0.02045863 0.9991515 0.03574514 -0.006489396 0.9970183 0.07689148 -0.006113886 0.9970374 0.07667666 0.012685 0.9961559 0.08667528 0.002540528 0.9905728 -0.1369643 0.02369225 0.9829339 -0.1824272 0.006583571 0.9990911 -0.04211628 -0.003256142 0.9964941 0.08359932 -0.006419122 0.9967354 0.0804826 -0.01002889 0.9965499 0.08238947 0.001255452 0.9844641 -0.1755823 0.014467 0.9966037 -0.08106642 0.01793283 0.9733789 -0.2284997 1.56967e-4 0.9997798 -0.02098494 -0.0101186 0.9999032 0.00955975 -0.007381439 0.9973731 0.07205808 -0.006120681 0.9999561 0.007099688 0.01246303 0.995859 -0.09005409 -0.02151304 0.9943205 -0.1042312 0.05263525 0.9848654 -0.1651357 0.004347562 0.9987875 -0.04903835 0.01291435 0.98867 -0.1495493 0.005747377 0.9821677 -0.1879197 0.01433777 0.9951297 -0.0975269 -0.009790003 0.9997471 0.02025002 0.01044362 0.9955587 -0.09356135 0.0242213 0.9760014 -0.2164131 8.83266e-4 0.9981362 -0.06102114 0.03081309 0.972195 -0.2321366 -0.006884157 0.9987727 -0.04904866 -0.005004644 0.9793604 -0.2020601 0.02017301 0.9594348 -0.281208 0.02840906 0.9855118 -0.1672107 0.02757734 0.9788091 -0.2029101 -0.002104401 0.9984644 -0.05535852 0.05686753 0.9861372 -0.1558833 -0.01358282 0.9788676 -0.2040439 0.04065984 0.9878453 -0.1500285 0.003526747 0.9986451 0.05191928 0.006879031 0.9906727 -0.1360895 0.01807576 0.9924654 -0.1211847 0.02495366 0.9844881 -0.1736683 0.02254557 0.9716842 -0.2352054 0.04470163 0.9895543 -0.1370549 0.005466699 0.9856822 -0.1685252 0.02699542 0.99819 -0.0537399 5.59571e-4 0.9864627 -0.1639849 0.00749129 0.9990094 -0.04386395 -0.01460242 0.999293 0.03464657 0.01922714 0.9749753 -0.2214803 0.03395169 0.9241993 -0.3803986 0.007285833 0.9799187 -0.1992644 0.0143578 0.99646 -0.08283364 0.01686769 0.9961938 -0.08551812 -0.024553 0.9868807 -0.1595733 0.01082444 0.9889099 -0.1481226 0.0239675 0.9830412 -0.1818119 0.006001651 0.9988306 -0.04797434 0.06445652 0.9178467 -0.3916666 0.005614042 0.9028197 -0.4299827 0.00352627 0.9984043 -0.05636042 0.03173911 0.9610791 -0.2744442 -0.00151807 0.9919483 -0.1266347 0.005895674 0.9971997 -0.07455354 0.02939248 0.8860395 -0.4626773 0.008636057 0.9662543 -0.2574453 0.02647548 0.9937761 -0.1082047 0.006367862 0.9982154 -0.05937665 0.02859348 0.9780042 -0.2066165 -0.04028546 0.9917951 -0.121325 0.03227359 0.9942644 -0.1019638 0.005623161 0.9775812 -0.2104838 -0.001057982 0.9789392 -0.2041496 0.03787249 0.8933477 -0.4477674 0.0314477 0.9534897 -0.2997809 0.01971387 0.9874355 -0.1567885 -0.007090032 0.9998523 0.01565682 0.02165013 0.9928433 -0.1174467 -0.006612658 0.999854 0.0157538 -0.01250571 0.99753 -0.06912088 -0.02631849 0.9992403 0.02874308 0.0292254 0.9900094 -0.1379392 -0.007345318 0.9999024 0.01188957 0.01098132 0.9942387 -0.1066246 -0.003255069 0.992277 -0.1239991 0.01293766 0.9897627 -0.1421356 0.01931256 0.9945522 -0.1024351 0.005082011 0.9983798 -0.05667626 0.07697021 0.8556261 -0.5118395 0.02538293 0.9400287 -0.3401498 0.01742875 0.9104686 -0.4132108 -0.01034379 0.9969143 0.07781308 0.03833401 0.9069118 -0.4195733 -0.007862329 0.9968446 0.07898861 -0.008940696 0.9968118 0.0792874 -0.008018374 0.9915888 0.1291792 -0.01153516 0.9867978 -0.1615462 0.08132189 0.9195642 -0.3844326 0.02007591 0.9625352 -0.2704127 -0.007519781 0.9952541 -0.09701943 0.03191071 0.9854496 -0.1669459 0.02068698 0.9625807 -0.2702045 -0.01610785 0.9914156 0.1297522 -0.01404947 0.9911962 0.1316543 -0.1059857 0.9662369 -0.2348477 0.0112428 0.9922534 -0.123721 -0.02150553 0.9789462 0.2029824 -0.003714501 0.97239 0.2333323 0.01434028 0.9536349 -0.3006242 0.03944075 0.9060631 -0.4213007 0.01913481 0.9698226 -0.24306 0.05052572 0.9086018 -0.4145961 -0.01459383 0.9992644 0.03546589 0.0189054 0.9908281 -0.1338 0.02301067 0.9977145 -0.06353271 0.019248 0.9938476 -0.1090709 0.02006781 0.9937739 -0.1095935 0.09750592 0.9558964 -0.2770465 0.0337823 0.9578254 -0.2853582 -0.02390915 0.9947925 -0.09907704 0.006716489 0.9754129 -0.2202828 -0.01217138 0.9974786 0.06991755 0.03064793 0.971071 -0.2368165 0.01285564 0.9897193 -0.1424454 0.01301896 0.9897913 -0.1419286 0.04336011 0.9844668 -0.1701328 0.05456227 0.7581244 -0.6498236 0.04346412 0.9084963 -0.4156267 0.01685512 0.9866772 -0.1618145 0.01740729 0.9678596 -0.2508881 0.02321481 0.9886375 -0.1485164 0.01612687 0.9913557 -0.1302072 -0.01759916 0.9990206 0.04059678 0.0298627 0.942928 -0.3316549 0.01017194 0.9919034 -0.1265864 0.01662957 0.9931479 -0.1156761 0.04767048 0.8331801 -0.5509433 0.02395319 0.9926481 -0.1186431 0.002946078 0.9990957 -0.0424174 0.01278787 0.9784703 -0.2059913 0.005234241 0.9997491 0.02178066 0.01529622 0.9919289 -0.1258691 0.008456528 0.9997952 0.01838821 0.008782625 0.984641 -0.17437 0.01692783 0.9561777 -0.2922974 0.02934014 0.9930008 -0.1144064 0.05862373 0.8786207 -0.4739083 0.03625816 0.9690669 -0.2441203 0.02701109 0.9203449 -0.3901739 3.5281e-5 0.99788 -0.06508129 0.01709675 0.9887763 -0.148422 0.07604318 -0.544034 -0.8356102 0.0877301 0.2227075 -0.9709299 0.0332477 0.9439408 -0.3284363 -0.005652844 0.9999244 0.01093155 0.02722889 0.9281252 -0.3712713 0.0185132 0.9885054 -0.1500476 0.02687859 0.98611 -0.1639044 0.009936869 0.9850073 -0.1722263 0.02411121 0.9741629 -0.2245556 0.00214678 0.9911314 -0.132869 0.02799928 0.98894 -0.1456498 0.04843884 0.8772289 -0.4776225 0.02220189 0.9336458 -0.3575091 0.05164068 0.752184 -0.6569265 0.03808432 0.9633434 -0.2655544 0.01238805 0.9650365 -0.2618226 0.03839111 0.8970257 -0.4403079 0.04004353 0.9014664 -0.4309931 0.01807296 0.9872049 -0.1584296 0.0365408 0.9294801 -0.367058 0.002507448 0.9996582 -0.02602601 0.02087563 0.9943757 -0.1038333 0.003837704 0.9899118 -0.1416333 0.0113182 0.9904246 -0.1375906 0.04526507 0.9030081 -0.4272325 0.02537482 0.9667563 -0.2544376 0.03325897 0.9640979 -0.263456 0.03132462 0.8962929 -0.442355 0.002746462 0.957837 -0.2872992 0.04331672 0.972211 -0.2300642 0.02441912 0.9875861 -0.1551693 0.02247303 0.9850854 -0.1705922 -0.002785801 0.9956582 -0.09304392 2.35937e-4 0.9953359 -0.09647065 0.01744872 0.9813362 -0.1915069 0.01148593 0.9961314 -0.08712291 0.02903914 0.8646847 -0.5014749 0.01520627 0.9828287 -0.1838925 0.01307225 0.9832625 -0.1817256 0.02734571 0.9871359 -0.1575279 0.03083956 0.9063151 -0.4214758 0.04987114 0.8677424 -0.494506 0.002432107 0.975702 -0.2190884 0.02791404 0.9966702 -0.07661187 0.05052328 0.9832876 -0.1749087 0.01175558 0.9478346 -0.3185458 0.06983858 0.8478115 -0.525679 0.02828633 0.9771535 -0.210644 0.00479263 0.976275 -0.2164813 0.02778285 0.9936517 -0.1090155 -0.03364294 0.9872103 -0.1558341 0.01480114 0.9848843 -0.1725807 0.002523899 0.9957385 -0.09218835 -0.002303123 0.9170051 -0.3988687 0.01563763 0.9864748 -0.1631659 0.03153914 0.9781792 -0.2053555 0.04186266 0.8910509 -0.4519689 0.08666634 0.2710578 -0.9586536 0.08916056 0.1416184 -0.985898 0.08995127 -0.02151119 -0.9957139 0.01205545 0.9881563 -0.1529769 0.01874673 0.9831085 -0.1820616 0.02878212 0.9150825 -0.4022384 0.03106647 0.9796745 -0.1981737 0.0120697 0.9973616 0.07158458 0.001089334 0.9986705 -0.05153936 0.008437633 0.9894304 -0.1447627 0.01647961 0.9206256 -0.3900986 0.04443699 0.9781379 -0.2031545 -0.002327859 0.9660874 -0.2582049 0.02697998 0.9670136 -0.2532918 0.00398612 0.9961085 -0.08804643 0.01313269 0.9566137 -0.2910633 0.03392696 0.9644063 -0.2622393 0.05556052 0.9065449 -0.4184371 0.02726227 0.985651 -0.1665805 0.03406244 0.8670307 -0.4970891 0.05082869 0.8932808 -0.4466162 0.0100106 0.9740495 -0.2261139 0.01401436 0.9901154 -0.139554 0.040048 0.9072459 -0.4186897 0.03977435 0.9076867 -0.4177593 0.05142605 0.7901542 -0.6107469 0.03627127 0.9031242 -0.4278448 5.68326e-4 0.992937 -0.1186418 0.09209394 0.8887515 -0.4490432 0.0175926 0.9626696 -0.270107 0.03398519 0.9036551 -0.4269104 0.00874567 0.9947419 -0.1020401 0.008389592 0.9969339 -0.07779657 0.1049222 0.5796706 -0.8080677 0.02844786 0.9964998 -0.07860636 0.08869886 0.1725352 -0.9810016 0.08916592 0.1235406 -0.9883255 0.02355015 0.8984512 -0.4384415 0.01809865 0.9743514 -0.2243031 0.04907578 0.9252828 -0.3760896 0.03477889 0.9697768 -0.2415025 0.05527234 0.8378584 -0.5430822 0.02855378 0.9023783 -0.4299978 0.03239428 0.9059764 -0.4220868 0.05330616 0.8371341 -0.5443943 0.03242468 0.95706 -0.2880709 0.08776134 0.2266286 -0.9700193 0.08301752 0.3757808 -0.9229826 0.04096621 0.8575011 -0.5128486 0.08207052 0.7171246 -0.6920959 0.04748815 0.8155001 -0.5768054 0.08830994 0.1325875 -0.9872294 0.03403526 0.9002277 -0.4340873 0.02958321 0.9577873 -0.2859516 0.03636783 0.8984711 -0.4375238 0.01599067 0.9349253 -0.3544843 0.0313065 0.9425202 -0.3326798 0.03931283 0.9270109 -0.3729684 0.03320074 0.9359431 -0.3505826 0.02574288 0.9163374 -0.3995789 0.03028744 0.93636 -0.3497322 0.06744545 0.736724 -0.6728215 0.0340318 0.9453192 -0.3243665 0.03725028 0.776486 -0.6290325 0.0609191 0.9535871 -0.2948906 0.02930444 0.9255139 -0.3775781 0.02999824 0.9274316 -0.372788 0.03663384 0.9262496 -0.3751263 0.008890807 0.9975961 -0.06872552 0.02336812 0.9783353 -0.2057036 0.01268178 0.9859886 -0.1663305 -0.002145588 0.998083 -0.06185322 0.04159766 0.9177846 -0.3948938 0.0798878 0.4606629 -0.8839727 0.08706313 0.2597442 -0.9617447 0.05290275 0.7973151 -0.6012405 0.01567363 0.9713121 -0.237291 0.02955275 0.9194369 -0.3921254 0.02901268 0.969481 -0.2434439 0.08715838 0.2479624 -0.964841 0.0401718 0.8834174 -0.466862 0.02002942 0.960673 -0.2769592 0.01698726 0.9887948 -0.1483122 0.01607167 0.9878994 -0.1542616 0.05150455 0.9446732 -0.323944 0.02959382 0.925712 -0.3770698 0.02108061 0.9878476 -0.1539896 0.01746761 0.9861505 -0.1649311 -0.02959066 0.9858087 -0.1652438 0.008339107 0.9810935 -0.1933551 0.08747011 0.2405416 -0.9666896 0.06778109 0.6572243 -0.7506411 -0.006265819 0.9639583 -0.2659795 0.04822355 0.900278 -0.4326363 0.0168851 0.968305 -0.2491998 0.01092559 0.9999387 0.001813352 0.009474635 0.9937185 -0.1115078 0.004411041 0.9998801 0.01484775 0.02787011 0.9244638 -0.3802499 0.02910882 0.9721181 -0.2326781 0.02960675 0.926275 -0.3756837 0.00597912 0.9820575 -0.1884868 0.03328776 0.9512649 -0.3065732 0.03065764 0.952536 -0.3028786 0.04946398 0.8727942 -0.4855755 0.03925871 0.9569252 -0.2876685 0.0367757 0.9324126 -0.3595196 0.01518201 0.9594799 -0.281368 0.05693525 0.7625548 -0.6444134 0.05145895 0.8744686 -0.482345 0.03377062 0.8694282 -0.4929039 0.04517799 0.9101771 -0.4117485 0.04245281 0.8954086 -0.443217 0.03123909 0.9147496 -0.4028117 0.05836933 0.735456 -0.6750537 0.05389398 0.8086082 -0.585874 0.02876245 0.9576466 -0.2865062 0.009754478 0.976336 -0.2160393 0.04716283 0.89454 -0.4444928 0.03152763 0.8923251 -0.450291 0.02559691 0.9342153 -0.3557903 0.05198174 0.8832479 -0.4660162 0.02631348 0.9621772 -0.2711505 0.02313661 0.9596716 -0.28017 0.06144613 0.8601875 -0.5062628 0.03710538 0.8989439 -0.4364896 0.02991604 0.9661086 -0.2563971 0.01731222 0.9432263 -0.3316994 -0.01436197 0.9846222 -0.1741065 0.07460463 0.5617687 -0.8239237 0.06842172 0.6412071 -0.7643116 0.05326968 0.9088684 -0.4136673 0.007915139 0.8766611 -0.4810433 0.02524423 0.9762751 -0.2150575 0.02730256 0.9429714 -0.3317523 0.02169138 0.9766775 -0.2136132 0.03378987 0.9177436 -0.3957335 0.03335273 0.9313535 -0.3625856 0.02024471 0.9698274 -0.2429508 0.06042969 0.7936447 -0.6053729 0.04231983 0.8527625 -0.5205818 0.06336897 0.699275 -0.7120386 0.002325415 0.9753993 -0.2204334 0.04691809 0.9441868 -0.3260521 0.01447182 0.930592 -0.365772 0.03693902 0.9228881 -0.3832926 0.04067409 0.8724181 -0.4870651 0.03213572 0.9504705 -0.3091495 0.0633974 0.7109179 -0.7004117 0.08730113 0.2423184 -0.9662611 0.07437372 0.9455556 -0.3168488 0.03421503 0.8668678 -0.4973624 -0.007504045 0.9135136 -0.4067393 0.02769666 0.96036 -0.2773836 0.04796886 0.8914117 -0.4506486 0.09494775 0.9002676 -0.4248568 0.004933476 0.8751251 -0.4838715 0.02496469 0.9725637 -0.2312934 0.07727944 0.948904 -0.3059564 0.03894346 0.8853345 -0.463321 0.007386565 0.9167931 -0.3992943 0.07937884 0.9633947 -0.2560662 0.04237139 0.9306547 -0.3634372 0.01625281 0.9484088 -0.3166334 0.05790144 0.8798314 -0.4717459 0.05941492 0.7696593 -0.6356843 0.02876162 0.9536159 -0.2996494 0.0379765 0.8845736 -0.464852 0.06143295 0.8499701 -0.523237 0.02742838 0.9505144 -0.3094676 0.0230357 0.9369393 -0.3487323 0.02943849 0.9546359 -0.2963169 0.03502058 0.9798444 -0.1966691 0.04298758 0.8238115 -0.5652317 0.08508324 0.3326641 -0.9391995 0.0870254 0.253232 -0.9634833 -0.002693951 0.9700886 -0.2427364 0.02133965 0.9882662 -0.151244 0.02002787 0.9808542 -0.1937111 0.04694777 0.9352471 -0.3508689 0.03349417 0.9640517 -0.2635951 0.02884471 0.9538592 -0.2988657 0.03819727 0.8989301 -0.4364236 0.01893103 0.9598349 -0.279926 0.008991122 0.989323 -0.1454622 0.0313971 0.9556118 -0.2929514 0.01478594 0.9568675 -0.2901482 -0.00909239 0.9949254 -0.1002038 0.05877041 0.8137436 -0.5782452 0.02792608 0.9187614 -0.3938245 0.01739317 0.8272039 -0.5616326 0.03232699 0.9374864 -0.3465176 0.0157476 0.9811462 -0.1926243 0.05959886 0.7976464 -0.6001736 0.04110378 0.8187782 -0.5726369 0.02514922 0.9174001 -0.3971708 0.02331042 0.9545346 -0.2971876 0.04507225 0.8745833 -0.4827761 0.04249513 0.8690894 -0.4928264 0.08448147 0.3439542 -0.9351783 0.08126974 0.4183221 -0.9046558 0.04113906 0.8065719 -0.5897029 0.0446462 0.8978871 -0.4379563 0.0159859 0.9614825 -0.2744009 0.03795844 0.9033854 -0.4271466 -0.003158926 0.9502065 -0.311605 0.08438342 0.3497269 -0.9330437 0.05416321 0.8452464 -0.5316248 0.02893114 0.8333429 -0.5519987 0.04600059 0.878945 -0.4746994 0.0245223 0.9592617 -0.281453 0.01023787 0.9897127 -0.1427033 0.0242086 0.9594193 -0.2809426 -0.008131206 0.9605826 -0.2778762 0.1145098 0.8430062 -0.5255741 0.03688949 0.9032718 -0.4274803 0.06397801 0.6775426 -0.7326956 0.05497139 0.8045516 -0.5913332 0.03513646 0.9352001 -0.3523725 0.05737125 0.7804334 -0.6226013 0.01905483 0.709284 -0.7046654 0.04624074 0.8923925 -0.448885 0.04041057 0.8623763 -0.5046526 0.05246561 0.6994763 -0.7127273 0.07329183 0.6004069 -0.7963292 0.0787912 0.4959024 -0.8647965 0.05695658 0.7138417 -0.6979871 0.05885279 0.848138 -0.5264962 0.03817248 0.8547373 -0.5176553 0.08014929 0.4463582 -0.8912579 0.04087656 0.857066 -0.5135825 0.04144489 0.7405055 -0.6707713 0.05420476 0.8475566 -0.5279297 0.05665135 0.7209545 -0.690663 0.06210923 0.7455178 -0.6635854 0.07114893 0.588073 -0.8056725 0.08777284 0.2246406 -0.9704806 0.08326536 0.3811745 -0.9207459 0.06884634 0.5558729 -0.8284115 0.08884918 0.1838746 -0.978926 0.05410778 0.8132131 -0.5794454 0.0873813 0.2532107 -0.9634568 0.07983481 0.448383 -0.8902691 0.03742539 0.9495608 -0.3113417 0.06923913 0.6396578 -0.7655351 0.08385473 0.2878984 -0.9539828 0.05357712 0.8132613 -0.579427 0.07355171 0.5975713 -0.7984352 0.04580044 0.8284463 -0.5581929 0.04050546 0.7261449 -0.6863476 0.07360696 0.6580333 -0.7493826 0.04459989 0.8790056 -0.474721 0.002572059 0.9839478 -0.1784381 0.07102042 0.5956205 -0.8001204 0.07905972 0.4810922 -0.8730979 0.03744959 0.8862079 -0.4617717 0.05885338 0.6701082 -0.7399265 0.05669158 0.7446674 -0.6650238 0.07729977 0.5104516 -0.8564252 0.05257791 0.8115943 -0.5818507 0.0673539 0.7887619 -0.6109977 0.05373179 0.7813509 -0.6217748 0.05681258 0.670513 -0.7397193 0.07720732 0.525847 -0.847068 0.0304197 0.8905981 -0.453773 0.07337456 0.6335688 -0.7701992 0.07935935 0.4773799 -0.875106 0.03390407 0.9225307 -0.3844316 0.0469073 0.8100626 -0.5844641 0.07350569 0.5647249 -0.8219993 0.05508893 0.7483215 -0.6610448 0.03929579 0.8796961 -0.4739099 0.0531072 0.7789455 -0.6248389 0.09330379 0.8394238 -0.5354085 0.02844744 0.8327795 -0.5528734 0.05262625 0.9455964 -0.3210577 0.05235248 0.8386643 -0.542127 0.04463946 0.8674281 -0.4955562 0.05137401 0.921956 -0.3838724 0.01248973 0.9958546 -0.0900985 0.0768944 0.6437463 -0.7613659 0.05018389 0.7845202 -0.6180694 0.05397468 0.8227381 -0.5658522 0.03876227 0.9107996 -0.4110251 0.02586817 0.9286342 -0.370094 0.08192908 0.5262026 -0.8464034 0.03556555 0.910805 -0.4113021 0.05069434 0.8242307 -0.5639804 0.06335335 0.6853547 -0.7254483 0.05453145 0.8136315 -0.5788179 0.03609097 0.9100044 -0.4130248 0.04282206 0.8644246 -0.5009356 0.08435636 0.69673 -0.7123562 0.04978519 0.8215218 -0.5679994 0.06844192 0.7802472 -0.6217155 0.07367455 0.4810093 -0.8736144 0.06962502 0.6783038 -0.7314755 0.09887361 0.6970528 -0.71017 0.04227322 0.7944136 -0.6059044 0.06632524 0.6362829 -0.7685995 0.06917005 0.6285648 -0.7746753 0.03742617 0.805222 -0.5917912 0.04343187 0.8901164 -0.4536592 0.07570821 0.5431975 -0.8361847 0.07539927 0.5475211 -0.833388 0.02911955 0.9604831 -0.2768111 0.03483754 0.8976655 -0.4392986 0.03698879 0.9137836 -0.4045137 0.06348514 0.6878453 -0.7230758 0.04443645 0.8496717 -0.5254364 0.03513723 0.9362226 -0.3496468 0.02522748 0.9227628 -0.3845421 0.05349165 0.917324 -0.3945319 0.06221866 0.7181283 -0.6931238 0.03230398 0.9094065 -0.4146519 0.05428493 0.9582311 -0.2807959 0.03863847 0.9475314 -0.3173193 0.06942969 0.7756604 -0.6273201 0.04156559 0.9251571 -0.3773021 0.0367074 0.8708184 -0.4902327 0.07653594 0.5419903 -0.8368924 0.04782027 0.8007566 -0.597078 0.04103517 0.9251681 -0.3773329 0.05380272 0.7432928 -0.6667992 0.01541906 0.9732876 -0.2290713 0.052509 0.8543336 -0.5170658 0.03923952 0.9227865 -0.3833084 0.03014743 0.9829424 -0.1814267 0.02266353 0.9170133 -0.3982124 0.07196229 0.5929231 -0.8020372 0.07811427 0.4967558 -0.864368 0.08684247 0.7323375 -0.6753816 0.05179476 0.7825478 -0.6204323 0.05064761 0.7648302 -0.6422381 0.02530652 0.9127294 -0.4077803 0.07510036 0.5904912 -0.8035423 0.06225961 0.6836028 -0.727194 0.08527535 0.8137032 -0.5749915 -0.01070642 0.9713922 -0.2372397 0.06241202 0.7549139 -0.6528474 0.03539687 0.8359557 -0.5476543 0.06859219 0.8062041 -0.5876481 0.0637077 0.7526105 -0.6553769 0.05684208 0.7468032 -0.6626115 0.03436106 0.8892958 -0.4560398 0.05688756 0.7688605 -0.6368811 0.0332778 0.8551641 -0.5172882 0.06728684 0.8008018 -0.5951378 0.04970347 0.9427495 -0.3297771 0.01501536 0.9586834 -0.284079 0.0547567 0.8865616 -0.4593585 0.05163782 0.9456852 -0.3209567 0.03505796 0.9124648 -0.4076505 0.02686041 0.938524 -0.3441673 0.02636361 0.9372714 -0.3476021 0.04841935 0.8652526 -0.4989924 0.04420542 0.8454663 -0.5321961 0.03919315 0.8462363 -0.5313645 0.04484093 0.9032537 -0.4267577 0.06947296 0.7371081 -0.6721944 0.03049916 0.9549797 -0.2950996 0.05401229 0.7516902 -0.657301 0.0317738 0.9041623 -0.4260059 0.05336743 0.779612 -0.6239849 0.06777501 0.6990388 -0.7118647 0.06037193 0.715908 -0.6955797 0.05584502 0.8352838 -0.5469757 0.08149421 0.3327963 -0.9394708 0.05598366 0.7882269 -0.6128329 0.0165379 0.9731868 -0.2294209 0.03121155 0.9551203 -0.2945693 0.07277888 0.5895996 -0.8044102 0.09231775 0.2930386 -0.9516333 0.08177518 0.4091677 -0.9087876 0.04505324 0.8185766 -0.5726279 0.04996907 0.8120598 -0.581431 0.04314005 0.904899 -0.4234346 0.06033593 0.8359457 -0.5454856 0.0379247 0.8578809 -0.5124472 0.04902398 0.9685497 -0.243943 0.05493891 0.7480131 -0.6614062 0.07150745 0.6372286 -0.7673503 0.05590689 0.7526122 -0.6560864 0.04396301 0.8738003 -0.4842936 0.07703506 0.5237605 -0.8483753 0.05085611 0.8556915 -0.5149812 0.05523765 0.6828489 -0.7284684 0.01798957 0.9662618 -0.2569332 0.02768445 0.960992 -0.2751873 0.06546789 0.7929006 -0.6058239 0.03542524 0.8536664 -0.5196141 0.07073056 0.7077587 -0.7029045 0.07416403 0.5571573 -0.8270887 0.04998153 0.8219412 -0.5673751 0.06563693 0.6968231 -0.7142335 0.05043339 0.8212393 -0.5683509 0.06154191 0.6440579 -0.7624973 0.06583124 0.7840391 -0.6172107 0.04838037 0.7679498 -0.6386802 0.0644589 0.5550824 -0.829294 0.07534247 0.6844375 -0.7251681 0.0524916 0.8043638 -0.5918138 0.07721722 0.4892311 -0.8687292 0.0757566 0.5483962 -0.8327801 0.08681589 0.3218083 -0.9428162 0.08339244 0.3684084 -0.9259163 0.0863406 0.6635954 -0.7430926 0.05125176 0.8844279 -0.4638544 0.07595509 0.5672948 -0.8200047 0.0740382 0.6552257 -0.7517963 0.08066564 0.4359396 -0.8963537 0.07523912 0.6575703 -0.7496269 0.07082802 0.6587918 -0.7489839 0.08087104 0.4395932 -0.8945489 0.06641614 0.668165 -0.7410428 0.07450157 0.5971063 -0.7986951 0.07714772 0.5725817 -0.8162098 0.07765722 0.706444 -0.7034958 0.06552881 0.5410438 -0.8384376 0.07657521 0.5739129 -0.8153283 0.06225079 0.769224 -0.6359398 0.08481007 0.419408 -0.9038276 0.05446279 0.6559635 -0.7528252 0.0748648 0.6439073 -0.761432 0.07904499 0.4813886 -0.8729359 0.08586621 0.2802344 -0.9560835 0.08962655 0.1995717 -0.9757758 0.07361727 0.595983 -0.7996154 0.06713366 0.5967499 -0.7996141 0.05940878 0.7351871 -0.6752559 0.05690711 0.8175115 -0.5730938 0.07747185 0.6655418 -0.7423289 0.02780848 0.7766513 -0.6293166 0.08426314 0.5825327 -0.8084278 0.07533055 0.6775971 -0.7315651 0.05090689 0.7840086 -0.6186592 0.05528956 0.7902619 -0.6102697 0.02836054 0.9582808 -0.2844182 0.04448103 0.8892501 -0.4552536 0.03039336 0.9225667 -0.3846387 0.0477994 0.7866507 -0.6155454 0.07786482 0.6721835 -0.7362788 0.07038539 0.5987073 -0.7978694 0.0607165 0.6817556 -0.7290562 0.0610128 0.7868687 -0.614097 0.06473809 0.6526074 -0.7549256 0.04162395 0.91796 -0.3944834 0.06686073 0.7375603 -0.6719632 0.04426074 0.7886546 -0.6132413 0.06069505 0.7968387 -0.6011359 0.05523276 0.7288521 -0.6824398 0.06591838 0.5816404 -0.8107708 0.05602204 0.8102525 -0.5833973 0.074611 0.5974257 -0.7984458 0.0620948 0.7662571 -0.6395266 0.0871852 0.2487424 -0.9646378 0.07377129 0.5952272 -0.800164 0.07026153 0.6037801 -0.7940485 0.04732471 0.8117434 -0.5820938 0.04067295 0.8541533 -0.5184284 0.07324916 0.5875746 -0.805848 0.07023751 0.6625344 -0.7457312 0.05015116 0.8124158 -0.5809178 0.06142586 0.7914013 -0.6082029 0.04731702 0.8119351 -0.5818268 0.06303149 0.8409512 -0.5374276 0.06049942 0.7448987 -0.6644288 0.07110887 0.6123248 -0.7874021 0.07887601 0.4875282 -0.8695371 0.06665307 0.7844628 -0.6165837 0.0147596 0.9723224 -0.2331773 -0.009319782 0.983796 -0.1790493 0.05966281 0.8100594 -0.5833044 0.03279542 0.9093399 -0.4147593 0.04710668 0.7948157 -0.60502 0.06316173 0.735761 -0.6742896 0.07208156 0.5876525 -0.8058964 0.07327735 0.5854863 -0.8073638 0.07623785 0.5276851 -0.846012 0.05949687 0.7922676 -0.6072662 0.05639517 0.8029199 -0.5934132 0.06480586 0.6450753 -0.7613659 0.0560519 0.8032166 -0.593044 0.07564812 0.6411941 -0.7636411 0.0454179 0.7334795 -0.6781925 0.05521523 0.8215482 -0.5674591 0.07227158 0.593094 -0.8018831 0.0697779 0.6284383 -0.7747235 0.07521831 0.7235815 -0.6861283 0.03830426 0.8828428 -0.4681039 0.02845531 0.938767 -0.3433757 0.04232174 0.8910074 -0.4520121 0.06198561 0.7538055 -0.6541675 0.05142879 0.7554904 -0.6531382 0.036969 0.8895168 -0.4554044 0.03985267 0.8984903 -0.4371809 0.06872642 0.6365932 -0.7681314 0.04256182 0.8544799 -0.517738 0.06412345 0.7641943 -0.6417906 0.07342755 0.637946 -0.7665725 0.07006353 0.6513681 -0.7555203 0.05035108 0.817816 -0.573273 0.06483936 0.8677313 -0.4927862 0.0330165 0.8710891 -0.490014 0.06206774 0.746462 -0.662527 0.0566138 0.8272351 -0.5589966 0.0371986 0.8292356 -0.5576601 0.05154609 0.8044169 -0.5918247 0.03318464 0.9725667 -0.230245 0.04885369 0.8532552 -0.5192002 0.05941319 0.7312399 -0.6795279 0.06453758 0.6966879 -0.7144654 0.01195704 0.9633463 -0.2679945 0.04342716 0.8500745 -0.524869 0.06573915 0.7479321 -0.6605119 0.03375917 0.9222767 -0.3850534 0.05525052 0.8791266 -0.473375 0.007476687 0.930347 -0.3666041 0.02096694 0.9749447 -0.2214574 0.05595976 0.7832853 -0.6191387 0.06258612 0.7047424 -0.7066973 0.0364204 0.8177165 -0.574468 0.03205597 0.9247176 -0.3793017 0.04694312 0.869336 -0.4919872 0.07069927 0.5803416 -0.8112985 0.06823027 0.6898433 -0.7207364 0.04804784 0.7539614 -0.6551592 0.0596174 0.9063474 -0.4183062 0.02545243 0.8978953 -0.4394726 0.04641038 0.7654041 -0.6418744 0.05547815 0.8868247 -0.458764 0.07079064 0.6896141 -0.7207089 0.07684445 0.6935971 -0.7162528 0.02838051 0.7732362 -0.6334828 0.06553602 0.5993011 -0.7978367 0.06066256 0.759858 -0.6472527 0.05990236 0.7640998 -0.6423109 0.05352389 0.8250668 -0.5624944 0.04335117 0.8086619 -0.5866743 0.08793902 0.2053825 -0.9747229 0.07962328 0.4710831 -0.8784879 0.04828488 0.9613139 -0.2711907 0.0244764 0.9304875 -0.3655052 0.08678537 0.2833355 -0.9550861 0.0793308 0.4601278 -0.8843014 0.07047593 0.6172218 -0.7836264 0.05702054 0.7685248 -0.6372742 0.06902879 0.6377273 -0.767163 0.07986086 0.6086357 -0.7894206 0.04811412 0.7675312 -0.6392034 0.08275318 0.6345713 -0.7684213 0.07881772 0.4837168 -0.8716685 0.08656561 0.2658616 -0.9601167 0.08475309 0.2949063 -0.9517601 0.04888588 0.8876554 -0.4579061 0.07091754 0.6438261 -0.7618785 0.05666959 0.8182684 -0.5720361 0.02656066 0.9139613 -0.4049314 0.06478935 0.6276257 -0.7758147 0.06019502 0.8302448 -0.5541391 0.0503354 0.8056715 -0.5902202 0.06896758 0.7949173 -0.6027852 0.04447269 0.7571259 -0.6517536 0.08125084 0.43834 -0.8951293 0.07923066 0.4771365 -0.8752504 0.07692092 0.5313629 -0.843645 0.0523892 0.8592982 -0.5087851 0.05461806 0.7847665 -0.6173803 0.06577849 0.7508186 -0.6572251 0.06475722 0.7440968 -0.664926 0.04972624 0.7528793 -0.6562775 0.07466214 0.6423484 -0.7627675 0.05497735 0.7780089 -0.6258432 0.04680877 0.885488 -0.4622986 0.0745843 0.5412346 -0.8375574 0.09156888 0.480665 -0.8721103 0.06218373 0.7364292 -0.6736508 0.04168623 0.8739454 -0.4842333 0.06413006 0.743525 -0.665626 0.08568197 0.8634679 -0.4970733 0.02952408 0.7976083 -0.6024529 0.04766869 0.906452 -0.4196103 0.04654842 0.7842932 -0.6186416 0.08242571 0.382223 -0.9203866 0.08120787 0.4401246 -0.894257 0.07517921 0.5371997 -0.840098 0.07041525 0.6282642 -0.7748071 0.07333308 0.5896211 -0.8043441 0.03658312 0.8958487 -0.4428509 0.06416732 0.7797124 -0.6228413 0.03832083 0.8267193 -0.5613082 0.06618231 0.7150022 -0.6959825 0.05999594 0.7136709 -0.6979072 0.07306522 0.625574 -0.776736 0.0733242 0.6272105 -0.7753906 0.06449979 0.640233 -0.7654682 0.07052481 0.7285307 -0.6813732 0.04663747 0.8726063 -0.4861927 0.05808478 0.7503342 -0.6585021 0.08327746 0.6551359 -0.7509073 0.04848092 0.8680683 -0.4940718 0.02098578 0.9662831 -0.2566257 0.03676688 0.9584966 -0.2827232 0.0486409 0.7264565 -0.685489 0.07021105 0.630316 -0.7731574 0.06617611 0.6078801 -0.7912665 0.07553309 0.5861515 -0.8066729 0.08420664 0.3207061 -0.9434282 0.05362284 0.7960553 -0.6028438 0.04022222 0.8847391 -0.464348 0.06822746 0.6389859 -0.7661868 0.09025245 0.7473067 -0.6583215 0.02695745 0.9727762 -0.2301733 0.05520236 0.7812613 -0.6217584 0.07285159 0.6347877 -0.7692447 0.08034259 0.6736004 -0.734716 0.04953294 0.7824757 -0.6207079 0.02735418 0.683012 -0.7298948 0.07032942 0.6104164 -0.7889522 0.06147575 0.7322273 -0.6782802 0.0712167 0.5552989 -0.8285961 0.07686132 0.6722991 -0.7362787 0.06283754 0.5984272 -0.7987092 0.08541363 0.6215603 -0.7786959 0.04645043 0.7829977 -0.6202879 0.06672185 0.6595966 -0.7486525 0.06172102 0.6117442 -0.7886442 0.07401329 0.6447341 -0.7608153 0.07358396 0.5974869 -0.7984954 0.04648643 0.8829067 -0.4672417 0.04918426 0.8086531 -0.5862261 0.06121218 0.671859 -0.7381454 0.06942445 0.740439 -0.6685285 0.06942808 0.7404811 -0.6684815 0.06167155 0.638816 -0.7668837 0.05954104 0.782248 -0.6201153 0.05312693 0.8092424 -0.5850679 0.03722101 0.8985829 -0.4372224 0.1672973 -0.11298 -0.9794117 0.0784651 0.603968 -0.7931368 0.06612306 0.7343576 -0.6755344 0.04798668 0.8831248 -0.4666775 0.07984679 0.4638968 -0.8822836 0.08523863 0.3023214 -0.9493873 0.09159731 0.2569944 -0.9620623 0.04784518 0.8120937 -0.5815622 0.05023419 0.8454741 -0.5316486 0.06245267 0.6536112 -0.7542493 0.06503778 0.7368561 -0.672914 0.08077836 0.4345957 -0.8969959 0.06655591 0.6233456 -0.779109 0.07995688 0.4604755 -0.8840641 0.02416479 0.9252891 -0.3784919 0.07643204 0.6620869 -0.7455193 0.07825666 0.5274324 -0.8459852 0.05990576 0.6831637 -0.7278041 0.05881017 0.7016049 -0.7101351 0.03179627 0.7775009 -0.6280777 0.07240402 0.5921689 -0.8025545 0.05663704 0.7902681 -0.6101382 0.0700019 0.6641322 -0.7443307 0.0513072 0.7943466 -0.6052943 0.05992865 0.7586156 -0.6487767 0.04998564 0.858128 -0.5109969 0.04543358 0.8527598 -0.5203235 0.05527907 0.7252334 -0.6862804 0.02178728 0.9144279 -0.4041621 0.06032472 0.8495472 -0.5240521 0.038724 0.9219768 -0.3853043 0.04533767 0.8472799 -0.5292081 0.05512255 0.7449606 -0.6648274 0.04428875 0.8065465 -0.5895093 0.07286256 0.6156636 -0.7846334 0.04566448 0.7984888 -0.6002754 0.0591861 0.7398738 -0.6701372 0.06032615 0.8078538 -0.5862874 0.04932904 0.7965819 -0.6025149 0.07045686 0.650725 -0.7560377 0.06521862 0.6412522 -0.7645536 0.04341924 0.7661664 -0.6411738 0.06592178 0.7502015 -0.657915 0.05187582 0.7364987 -0.674447 0.05492287 0.8497618 -0.5242981 0.0714367 0.6047361 -0.7932158 0.05580043 0.7161544 -0.6957077 0.03185707 0.8665475 -0.4980769 0.09061312 0.5898698 -0.8023983 0.08137977 0.443033 -0.8928041 0.07238525 0.5807944 -0.8108257 0.07275116 0.6158235 -0.7845183 0.06169033 0.7598491 -0.6471658 0.03963714 0.8723178 -0.4873302 0.06362098 0.6384257 -0.7670496 0.07531678 0.6554088 -0.7515096 0.08247232 0.4045777 -0.9107773 0.0701639 0.6258361 -0.7767924 0.07515871 0.5565607 -0.8274004 0.07282871 0.6334106 -0.770381 0.04501163 0.8002178 -0.5980179 0.07133823 0.5878337 -0.8058304 0.06574618 0.7461255 -0.6625514 0.04467654 0.7715918 -0.6345472 0.06661492 0.6290803 -0.7744808 0.06250864 0.5982998 -0.7988306 0.06636863 0.6091203 -0.7902961 0.07658618 0.5651679 -0.8214135 0.0750513 0.5996729 -0.7967182 0.06060403 0.6357519 -0.7695108 0.06751918 0.750208 -0.6577455 0.07432615 0.4737305 -0.8775278 0.05989962 0.6326282 -0.7721359 0.03714758 0.8819811 -0.4698185 0.0595265 0.8470382 -0.5281885 0.06277692 0.7212854 -0.6897873 0.06750291 0.6508044 -0.7562388 0.07245814 0.629288 -0.7737872 0.03584152 0.9036725 -0.4267216 0.06743538 0.6102615 -0.7893247 0.08592957 0.3432664 -0.935299 0.07910662 0.6301329 -0.7724472 0.07194811 0.6676813 -0.7409623 0.06022965 0.6832068 -0.7277368 0.05791306 0.7479153 -0.6612631 0.07634329 0.6642541 -0.7435982 0.07343679 0.6206793 -0.780618 0.07141256 0.6947494 -0.7156981 0.06175875 0.6438775 -0.7626321 0.07073783 0.6605947 -0.7474027 0.06387531 0.6517772 -0.755716 0.05981498 0.7834157 -0.618613 0.02727019 0.9072449 -0.4197182 0.03549408 0.9045681 -0.4248492 0.05757451 0.8904567 -0.4514111 0.03268706 0.8658531 -0.4992293 0.09609276 0.09133344 -0.9911733 0.08798366 0.136725 -0.9866941 0.07555627 0.5678867 -0.8196317 0.08357447 0.4021099 -0.9117692 0.07812249 0.2522392 -0.9645063 0.0916689 0.3632391 -0.9271754 0.07639807 0.6187252 -0.781884 0.05588185 0.8061769 -0.5890298 0.05660372 0.8097671 -0.5840147 0.0352236 0.8981428 -0.4382907 -0.1460446 -0.1619942 0.9759247 -0.2534821 0.09559267 0.9626054 -0.4770556 -0.2224472 0.8502561 -0.6388717 0.06540501 0.766528 -0.7421754 -0.1794148 0.6457446 -0.8538078 0.06520038 0.5164894 -0.9519289 -0.1298387 0.2774407 -0.9519048 -0.1329432 0.2760496 -0.9890828 0.1426482 -0.03696846 -0.9719975 -0.1487526 -0.1819162 -0.8937519 0.1328698 -0.4284311 -0.8563611 -0.03036165 -0.5154843 -0.7019439 0.1182732 -0.7023434 -0.6399066 -0.04628527 -0.7670577 -0.4309508 0.1822488 -0.8837799 -0.285736 -0.04772961 -0.957119 -0.1803307 0.1394842 -0.9736658 0.06461203 0.02652961 -0.9975578 -0.007231831 0.9967547 0.0801745 -0.007218837 0.9967581 0.08013361 -0.007244765 0.9967548 0.08017134 -0.007231235 0.9967625 0.08007806 -0.007237553 0.9967562 0.08015394 -0.007238984 0.9967566 0.08014941 -0.007258236 0.9967575 0.08013683 -0.007237195 0.9967568 0.08014756 -0.007231175 0.9967582 0.08013045 -0.007242023 0.9967568 0.08014744 -0.00723797 0.9967569 0.08014649 -0.007243037 0.9967606 0.08009892 -0.007241129 0.9967569 0.08014649 -0.007269382 0.9967585 0.08012312 -0.007221281 0.9967582 0.08013075 -0.007244467 0.9967607 0.08009833 -0.007241547 0.996756 0.0801571 -0.007277607 0.996763 0.08006602 -0.007217168 0.9967579 0.08013451 -0.007260739 0.9967579 0.08013164 -0.007251262 0.9967524 0.08020073 -0.007231533 0.996755 0.0801711 -0.007241666 0.9967581 0.08013147 -0.007205784 0.9967585 0.08013033 -0.007229566 0.9967586 0.08012527 -0.007231652 0.9967583 0.08012914 -0.007263779 0.9967588 0.08012092 -0.007232725 0.9967586 0.08012557 -0.007299125 0.9967567 0.0801438 -0.007239818 0.996758 0.08013218 -0.007243692 0.996758 0.08013194 -0.007255554 0.9967574 0.08013862 0.06367444 0.2140826 -0.9747381 -0.2059681 -0.04180622 -0.9776653 -0.3788318 0.2177386 -0.8994868 -0.4647667 0.02079612 -0.8851889 -0.7111516 0.0270856 -0.7025167 -0.7325299 0.1166781 -0.6706611 -0.9272523 0.03077453 -0.3731704 -0.9187239 -0.01943182 -0.3944223 -0.9996655 0.0022614 -0.02576333 -0.9996474 -0.01515346 -0.02180612 -0.9214619 0.007879018 0.3883888 -0.929112 -0.04593873 0.3669342 -0.7407534 -0.1219576 0.660614 -0.7321736 -0.07966178 0.6764436 -0.5034586 0.04532569 0.8628298 -0.3979075 -0.2044885 0.8943458 -0.1476613 0.02130919 0.9888085 -0.07987564 -0.1481857 0.9857286 0.007256329 -0.9967589 -0.08011978 0.007250607 -0.9967564 -0.08015084 0.007236599 -0.9967574 -0.08014035 0.007242381 -0.9967573 -0.0801416 0.007249832 -0.9967572 -0.08014148 0.007244646 -0.9967582 -0.08012896 0.00725305 -0.996758 -0.08013123 0.007245004 -0.9967582 -0.08012825 0.007245957 -0.9967606 -0.08009999 0.007209599 -0.9967576 -0.08013981 0.007276237 -0.9967575 -0.08013617 0.00728929 -0.9967546 -0.08016967 0.007276237 -0.9967564 -0.08014827 0.007243931 -0.9967589 -0.08012008 0.007225215 -0.9967603 -0.0801056 0.007191181 -0.9967628 -0.08007615 0.007236301 -0.9967575 -0.08013921 0.00725454 -0.9967575 -0.08013719 0.007242441 -0.9967578 -0.08013588 0.00724256 -0.9967577 -0.08013546 0.007271051 -0.9967572 -0.08014011 0.007249712 -0.9967574 -0.08013826 0.007261991 -0.996761 -0.08009183 0.007242262 -0.996756 -0.0801562 0.007257759 -0.9967582 -0.08012712 0.007259607 -0.9967567 -0.08014601 0.007225811 -0.9967553 -0.0801683 0.007243931 -0.996757 -0.08014369</float_array>
          <technique_common>
            <accessor source="#Part__Feature017_001-mesh-normals-array" count="2972" stride="3">
              <param name="X" type="float"/>
              <param name="Y" type="float"/>
              <param name="Z" type="float"/>
            </accessor>
          </technique_common>
        </source>
        <vertices id="Part__Feature017_001-mesh-vertices">
          <input semantic="POSITION" source="#Part__Feature017_001-mesh-positions"/>
        </vertices>
        <triangles material="Part__Feature017_002-material" count="2972">
          <input semantic="VERTEX" source="#Part__Feature017_001-mesh-vertices" offset="0"/>
          <input semantic="NORMAL" source="#Part__Feature017_001-mesh-normals" offset="1"/>
          <p>1 0 0 0 2 0 0 1 3 1 2 1 2 2 3 2 4 2 3 3 5 3 4 3 4 4 5 4 6 4 5 5 7 5 6 5 6 6 7 6 8 6 7 7 9 7 8 7 8 8 9 8 10 8 9 9 11 9 10 9 10 10 11 10 12 10 11 11 13 11 12 11 12 12 13 12 14 12 13 13 15 13 14 13 1475 14 16 14 17 14 17 15 16 15 18 15 18 16 19 16 20 16 16 17 19 17 18 17 19 18 21 18 20 18 20 19 21 19 22 19 21 20 23 20 22 20 22 21 23 21 24 21 24 22 25 22 26 22 23 23 25 23 24 23 25 24 27 24 26 24 26 25 27 25 28 25 27 26 29 26 28 26 28 27 29 27 30 27 29 28 31 28 30 28 30 29 31 29 32 29 31 30 33 30 32 30 32 31 33 31 34 31 37 32 36 32 38 32 37 33 35 33 36 33 39 34 40 34 41 34 48 35 43 35 42 35 44 36 48 36 42 36 45 37 48 37 46 37 45 38 43 38 48 38 47 39 44 39 42 39 51 40 52 40 782 40 782 41 52 41 53 41 53 42 52 42 54 42 52 43 55 43 54 43 55 44 56 44 54 44 54 45 56 45 57 45 56 46 58 46 57 46 57 47 58 47 59 47 58 48 60 48 59 48 59 49 60 49 61 49 60 50 62 50 61 50 62 51 63 51 61 51 61 52 63 52 64 52 64 53 65 53 66 53 63 54 65 54 64 54 67 55 68 55 69 55 70 56 67 56 69 56 70 57 69 57 71 57 72 58 70 58 71 58 72 59 71 59 73 59 74 60 72 60 73 60 74 61 73 61 75 61 76 62 74 62 75 62 76 63 75 63 77 63 78 64 76 64 77 64 78 65 77 65 79 65 80 66 78 66 79 66 80 67 79 67 81 67 82 68 80 68 81 68 82 69 81 69 83 69 84 70 82 70 83 70 86 71 85 71 87 71 88 72 89 72 90 72 91 73 88 73 90 73 92 74 93 74 94 74 95 75 93 75 92 75 94 76 93 76 96 76 93 77 97 77 96 77 96 78 91 78 90 78 97 79 91 79 96 79 98 80 99 80 100 80 99 81 101 81 100 81 103 82 101 82 99 82 104 83 99 83 105 83 104 84 103 84 99 84 104 85 107 85 106 85 104 86 106 86 103 86 107 87 108 87 106 87 107 88 109 88 108 88 108 89 111 89 110 89 109 90 107 90 104 90 109 91 104 91 105 91 109 92 111 92 108 92 111 93 112 93 110 93 113 94 111 94 109 94 111 95 115 95 112 95 115 96 111 96 113 96 115 97 113 97 116 97 117 98 114 98 115 98 116 99 117 99 115 99 117 100 118 100 114 100 119 101 117 101 116 101 120 102 118 102 117 102 120 103 117 103 119 103 121 104 122 104 118 104 121 105 118 105 120 105 123 106 119 106 116 106 123 107 113 107 109 107 123 108 109 108 124 108 123 109 116 109 113 109 123 110 120 110 119 110 125 111 120 111 123 111 125 112 121 112 120 112 126 113 123 113 124 113 126 114 125 114 123 114 127 115 125 115 126 115 129 116 128 116 127 116 129 117 133 117 128 117 124 118 127 118 126 118 124 119 130 119 131 119 131 120 127 120 124 120 131 121 129 121 127 121 129 122 132 122 133 122 135 123 129 123 131 123 134 124 132 124 138 124 134 125 138 125 136 125 135 126 132 126 129 126 135 127 131 127 137 127 138 128 140 128 139 128 138 129 137 129 140 129 141 130 137 130 142 130 141 131 637 131 140 131 142 132 637 132 141 132 142 133 144 133 637 133 145 134 148 134 146 134 149 135 148 135 145 135 149 136 150 136 148 136 149 137 152 137 150 137 150 138 155 138 151 138 150 139 152 139 155 139 153 140 151 140 155 140 153 141 155 141 154 141 152 142 149 142 156 142 154 143 155 143 157 143 156 144 157 144 152 144 156 145 159 145 157 145 156 146 158 146 159 146 157 147 160 147 154 147 159 148 160 148 157 148 160 149 161 149 578 149 162 150 160 150 159 150 162 151 159 151 158 151 163 152 164 152 161 152 163 153 161 153 162 153 158 154 163 154 162 154 163 155 165 155 164 155 163 156 158 156 168 156 163 157 168 157 166 157 167 158 169 158 532 158 167 159 168 159 169 159 170 160 173 160 171 160 170 161 171 161 169 161 170 162 169 162 168 162 170 163 168 163 172 163 170 164 172 164 174 164 170 165 174 165 173 165 172 166 168 166 175 166 174 167 172 167 175 167 178 168 174 168 175 168 177 169 534 169 179 169 178 170 176 170 174 170 180 171 178 171 175 171 180 172 181 172 178 172 181 173 186 173 183 173 181 174 180 174 186 174 186 175 188 175 183 175 187 176 180 176 185 176 187 177 186 177 180 177 186 178 189 178 188 178 187 179 189 179 186 179 191 180 184 180 367 180 187 181 192 181 193 181 187 182 193 182 189 182 187 183 185 183 192 183 194 184 189 184 193 184 194 185 190 185 189 185 193 186 642 186 194 186 193 187 195 187 642 187 197 188 195 188 193 188 197 189 193 189 192 189 197 190 196 190 195 190 197 191 198 191 196 191 199 192 198 192 192 192 199 193 687 193 198 193 199 194 200 194 687 194 201 195 204 195 688 195 35 196 37 196 191 196 200 197 204 197 201 197 202 198 199 198 192 198 202 199 200 199 199 199 203 200 204 200 200 200 202 201 203 201 200 201 202 202 205 202 203 202 207 203 206 203 208 203 208 204 206 204 205 204 213 205 209 205 208 205 210 206 208 206 205 206 205 207 211 207 212 207 205 208 185 208 211 208 205 209 192 209 185 209 205 210 202 210 192 210 214 211 647 211 209 211 216 212 214 212 213 212 212 213 216 213 213 213 216 214 212 214 220 214 218 215 221 215 217 215 218 216 222 216 221 216 216 217 220 217 223 217 222 218 216 218 223 218 220 219 212 219 211 219 367 220 35 220 191 220 224 221 92 221 94 221 224 222 225 222 92 222 226 223 221 223 222 223 223 224 220 224 211 224 228 225 94 225 96 225 228 226 224 226 94 226 230 227 223 227 211 227 230 228 229 228 223 228 229 229 231 229 222 229 229 230 232 230 231 230 233 231 228 231 96 231 233 232 96 232 90 232 233 233 90 233 89 233 229 234 234 234 232 234 235 235 234 235 230 235 233 236 236 236 228 236 237 237 240 237 234 237 235 238 237 238 234 238 238 239 237 239 239 239 238 240 240 240 237 240 239 241 237 241 235 241 239 242 235 242 241 242 242 243 238 243 239 243 242 244 689 244 238 244 241 245 242 245 239 245 243 246 233 246 89 246 243 247 89 247 244 247 245 248 242 248 241 248 245 249 246 249 242 249 243 250 236 250 233 250 247 251 246 251 245 251 247 252 248 252 246 252 247 253 245 253 249 253 249 254 248 254 247 254 250 255 651 255 248 255 251 256 252 256 250 256 254 257 255 257 253 257 256 258 257 258 255 258 256 259 258 259 257 259 257 260 259 260 595 260 256 261 254 261 260 261 256 262 255 262 254 262 258 263 259 263 257 263 258 264 264 264 259 264 260 265 264 265 258 265 260 266 258 266 256 266 263 267 264 267 265 267 260 268 266 268 265 268 268 269 266 269 269 269 270 270 269 270 266 270 270 271 266 271 267 271 270 272 274 272 269 272 270 273 271 273 274 273 270 274 273 274 271 274 267 275 260 275 272 275 267 276 273 276 270 276 272 277 273 277 267 277 273 278 274 278 271 278 277 279 278 279 275 279 276 280 280 280 277 280 280 281 279 281 277 281 280 282 276 282 282 282 280 283 282 283 279 283 282 284 283 284 287 284 284 285 282 285 276 285 284 286 276 286 285 286 284 287 283 287 282 287 284 288 286 288 283 288 286 289 288 289 287 289 289 290 284 290 285 290 289 291 286 291 284 291 289 292 285 292 290 292 292 293 288 293 289 293 292 294 293 294 288 294 292 295 289 295 294 295 292 296 294 296 293 296 691 297 293 297 294 297 691 298 295 298 293 298 296 299 691 299 294 299 296 300 297 300 691 300 297 301 296 301 298 301 300 302 298 302 296 302 300 303 296 303 290 303 302 304 300 304 303 304 303 305 306 305 302 305 304 306 290 306 307 306 304 307 303 307 290 307 304 308 308 308 305 308 310 309 309 309 305 309 310 310 305 310 308 310 308 311 304 311 307 311 311 312 307 312 313 312 314 313 548 313 546 313 314 314 312 314 311 314 314 315 311 315 313 315 315 316 319 316 314 316 316 317 315 317 317 317 317 318 315 318 313 318 317 319 313 319 320 319 317 320 321 320 316 320 317 321 322 321 321 321 320 322 322 322 317 322 320 323 313 323 323 323 320 324 325 324 322 324 324 325 321 325 322 325 324 326 322 326 325 326 325 327 320 327 323 327 326 328 325 328 323 328 329 329 321 329 324 329 329 330 327 330 321 330 326 331 324 331 325 331 326 332 330 332 331 332 326 333 323 333 330 333 331 334 324 334 326 334 331 335 329 335 324 335 331 336 334 336 329 336 328 337 335 337 603 337 328 338 333 338 335 338 328 339 603 339 332 339 334 340 336 340 337 340 334 341 331 341 336 341 334 342 337 342 333 342 337 343 335 343 333 343 336 344 653 344 335 344 336 345 335 345 337 345 330 346 338 346 336 346 330 347 336 347 331 347 341 348 338 348 330 348 341 349 330 349 340 349 342 350 339 350 387 350 342 351 343 351 339 351 344 352 345 352 341 352 340 353 346 353 344 353 360 354 342 354 387 354 350 355 340 355 348 355 348 356 340 356 330 356 348 357 330 357 351 357 349 358 350 358 348 358 349 359 348 359 351 359 351 360 355 360 352 360 352 361 353 361 351 361 352 362 354 362 507 362 352 363 507 363 353 363 358 364 359 364 357 364 358 365 357 365 355 365 361 366 342 366 360 366 362 367 361 367 360 367 362 368 364 368 363 368 342 369 365 369 343 369 362 370 363 370 366 370 361 371 366 371 367 371 361 372 362 372 366 372 361 373 184 373 365 373 361 374 365 374 342 374 361 375 367 375 184 375 224 376 228 376 236 376 370 377 371 377 225 377 370 378 225 378 224 378 372 379 370 379 224 379 372 380 371 380 370 380 372 381 373 381 371 381 236 382 372 382 224 382 374 383 243 383 244 383 374 384 299 384 243 384 375 385 299 385 374 385 376 386 375 386 374 386 377 387 375 387 376 387 378 388 85 388 373 388 378 389 379 389 380 389 381 390 378 390 382 390 383 391 381 391 384 391 387 392 386 392 385 392 387 393 339 393 386 393 388 394 236 394 243 394 389 395 374 395 244 395 389 396 244 396 390 396 389 397 376 397 374 397 391 398 376 398 389 398 392 399 388 399 243 399 391 400 377 400 376 400 394 401 373 401 395 401 394 402 378 402 373 402 394 403 379 403 378 403 397 404 379 404 394 404 398 405 392 405 471 405 401 406 399 406 392 406 401 407 400 407 399 407 403 408 397 408 399 408 403 409 399 409 402 409 403 410 379 410 397 410 404 411 399 411 400 411 404 412 400 412 405 412 404 413 402 413 399 413 402 414 407 414 408 414 406 415 380 415 379 415 406 416 402 416 408 416 408 417 380 417 406 417 409 418 380 418 408 418 412 419 382 419 378 419 384 420 381 420 382 420 414 421 381 421 383 421 414 422 85 422 378 422 414 423 378 423 381 423 415 424 414 424 449 424 415 425 85 425 414 425 416 426 449 426 417 426 418 427 85 427 415 427 419 428 415 428 420 428 419 429 418 429 415 429 423 430 421 430 424 430 385 431 386 431 87 431 385 432 87 432 85 432 425 433 423 433 424 433 425 434 360 434 387 434 425 435 362 435 360 435 426 436 395 436 373 436 426 437 373 437 372 437 427 438 236 438 388 438 427 439 388 439 392 439 427 440 395 440 426 440 427 441 426 441 372 441 427 442 372 442 236 442 427 443 428 443 395 443 391 444 389 444 390 444 428 445 427 445 392 445 391 446 390 446 429 446 430 447 377 447 391 447 430 448 391 448 393 448 429 449 393 449 391 449 397 450 395 450 428 450 397 451 394 451 395 451 429 452 396 452 393 452 432 453 429 453 431 453 432 454 396 454 429 454 428 455 392 455 399 455 433 456 432 456 431 456 397 457 428 457 399 457 509 458 398 458 471 458 403 459 406 459 379 459 403 460 402 460 406 460 436 461 402 461 404 461 436 462 437 462 402 462 438 463 408 463 407 463 439 464 408 464 438 464 440 465 408 465 439 465 440 466 409 466 408 466 440 467 441 467 409 467 442 468 378 468 380 468 442 469 412 469 378 469 443 470 412 470 488 470 443 471 382 471 412 471 444 472 443 472 488 472 445 473 382 473 443 473 446 474 443 474 444 474 445 475 413 475 384 475 445 476 384 476 382 476 446 477 447 477 445 477 446 478 445 478 443 478 448 479 384 479 413 479 449 480 414 480 383 480 449 481 450 481 417 481 451 482 449 482 416 482 451 483 415 483 449 483 451 484 420 484 415 484 451 485 421 485 420 485 451 486 416 486 421 486 453 487 416 487 417 487 453 488 421 488 416 488 453 489 422 489 421 489 420 490 421 490 423 490 420 491 423 491 419 491 454 492 422 492 453 492 455 493 418 493 419 493 455 494 419 494 423 494 456 495 85 495 418 495 456 496 385 496 85 496 456 497 387 497 385 497 457 498 455 498 423 498 457 499 423 499 425 499 458 500 421 500 422 500 457 501 418 501 455 501 458 502 424 502 421 502 457 503 387 503 456 503 457 504 456 504 418 504 457 505 425 505 387 505 459 506 362 506 425 506 459 507 364 507 362 507 459 508 460 508 364 508 459 509 461 509 460 509 462 510 463 510 549 510 462 511 459 511 463 511 462 512 461 512 459 512 462 513 464 513 461 513 462 514 465 514 464 514 466 515 462 515 549 515 466 516 465 516 462 516 466 517 467 517 465 517 468 518 368 518 467 518 468 519 467 519 466 519 469 520 375 520 377 520 469 521 299 521 375 521 469 522 435 522 434 522 470 523 433 523 431 523 471 524 243 524 299 524 471 525 392 525 243 525 474 526 434 526 435 526 398 527 401 527 392 527 476 528 401 528 398 528 476 529 398 529 475 529 477 530 476 530 475 530 478 531 401 531 476 531 479 532 478 532 476 532 401 533 405 533 400 533 480 534 404 534 517 534 482 535 439 535 438 535 483 536 439 536 482 536 410 537 409 537 411 537 410 538 380 538 409 538 410 539 442 539 380 539 485 540 486 540 411 540 487 541 411 541 486 541 487 542 410 542 411 542 488 543 442 543 410 543 488 544 412 544 442 544 488 545 410 545 487 545 487 546 489 546 488 546 490 547 446 547 444 547 491 548 446 548 490 548 493 549 446 549 491 549 493 550 494 550 446 550 533 551 494 551 493 551 450 552 384 552 448 552 450 553 383 553 384 553 450 554 449 554 383 554 496 555 495 555 450 555 453 556 417 556 452 556 500 557 453 557 499 557 454 558 501 558 458 558 454 559 458 559 422 559 502 560 463 560 459 560 505 561 368 561 654 561 505 562 369 562 368 562 507 563 369 563 505 563 435 564 469 564 377 564 435 565 377 565 430 565 435 566 430 566 393 566 396 567 472 567 393 567 396 568 473 568 472 568 471 569 299 569 469 569 471 570 469 570 434 570 473 571 474 571 472 571 471 572 434 572 509 572 510 573 434 573 474 573 511 574 509 574 434 574 513 575 511 575 512 575 514 576 509 576 513 576 515 577 477 577 475 577 477 578 479 578 476 578 478 579 405 579 401 579 518 580 480 580 517 580 519 581 480 581 518 581 481 582 436 582 404 582 481 583 404 583 480 583 522 584 402 584 437 584 523 585 520 585 521 585 522 586 407 586 402 586 524 587 484 587 482 587 524 588 482 588 438 588 526 589 482 589 484 589 526 590 483 590 482 590 527 591 484 591 525 591 567 592 527 592 525 592 527 593 526 593 484 593 530 594 485 594 122 594 530 595 486 595 485 595 121 596 530 596 122 596 530 597 136 597 486 597 133 598 136 598 530 598 489 599 444 599 488 599 533 600 492 600 532 600 533 601 491 601 492 601 533 602 493 602 491 602 534 603 445 603 447 603 535 604 445 604 534 604 536 605 413 605 445 605 536 606 445 606 535 606 536 607 448 607 413 607 496 608 450 608 448 608 496 609 448 609 537 609 496 610 537 610 219 610 261 611 498 611 452 611 538 612 498 612 261 612 498 613 539 613 499 613 500 614 499 614 539 614 500 615 539 615 540 615 500 616 454 616 453 616 281 617 458 617 501 617 281 618 541 618 458 618 542 619 424 619 458 619 542 620 543 620 424 620 542 621 598 621 543 621 544 622 425 622 424 622 545 623 459 623 425 623 545 624 425 624 544 624 545 625 502 625 459 625 502 626 504 626 503 626 502 627 549 627 463 627 318 628 503 628 319 628 318 629 549 629 502 629 318 630 502 630 503 630 473 631 396 631 432 631 473 632 432 632 433 632 472 633 435 633 393 633 472 634 474 634 435 634 550 635 474 635 473 635 550 636 510 636 474 636 511 637 434 637 510 637 512 638 511 638 510 638 509 639 511 639 513 639 475 640 398 640 509 640 475 641 509 641 514 641 515 642 552 642 553 642 516 643 477 643 515 643 556 644 405 644 478 644 520 645 436 645 481 645 559 646 481 646 558 646 559 647 520 647 481 647 562 648 407 648 522 648 484 649 564 649 525 649 484 650 524 650 564 650 565 651 567 651 525 651 565 652 566 652 567 652 528 653 440 653 439 653 569 654 528 654 568 654 528 655 570 655 441 655 528 656 441 656 440 656 571 657 529 657 441 657 411 658 409 658 441 658 411 659 441 659 529 659 122 660 485 660 118 660 128 661 530 661 121 661 133 662 530 662 128 662 133 663 132 663 134 663 136 664 133 664 134 664 136 665 487 665 486 665 531 666 489 666 573 666 575 667 489 667 531 667 574 668 575 668 531 668 575 669 444 669 489 669 575 670 576 670 577 670 575 671 577 671 444 671 576 672 490 672 444 672 576 673 444 673 577 673 490 674 638 674 492 674 490 675 492 675 491 675 579 676 532 676 492 676 580 677 532 677 579 677 580 678 167 678 532 678 580 679 166 679 167 679 494 680 447 680 446 680 179 681 447 681 494 681 534 682 447 682 179 682 581 683 535 683 534 683 583 684 581 684 582 684 583 685 535 685 581 685 584 686 535 686 583 686 584 687 536 687 535 687 448 688 536 688 585 688 646 689 219 689 537 689 586 690 495 690 587 690 588 691 587 691 649 691 586 692 417 692 450 692 586 693 450 693 495 693 586 694 497 694 417 694 588 695 589 695 587 695 591 696 497 696 586 696 592 697 593 697 652 697 497 698 594 698 452 698 497 699 452 699 417 699 497 700 595 700 594 700 594 701 261 701 452 701 499 702 452 702 498 702 499 703 453 703 452 703 539 704 498 704 538 704 268 705 539 705 538 705 274 706 540 706 539 706 540 707 454 707 500 707 596 708 541 708 281 708 541 709 597 709 542 709 541 710 542 710 458 710 598 711 542 711 597 711 600 712 543 712 598 712 544 713 543 713 601 713 544 714 424 714 543 714 600 715 601 715 543 715 545 716 544 716 602 716 504 717 545 717 602 717 504 718 502 718 545 718 332 719 466 719 549 719 468 720 466 720 332 720 603 721 468 721 332 721 507 722 356 722 369 722 356 723 47 723 369 723 357 724 359 724 47 724 608 725 550 725 656 725 512 726 510 726 550 726 512 727 550 727 608 727 551 728 512 728 609 728 551 729 513 729 512 729 613 730 513 730 551 730 616 731 479 731 554 731 556 732 478 732 616 732 617 733 557 733 556 733 518 734 405 734 556 734 618 735 518 735 557 735 519 736 518 736 618 736 622 737 519 737 620 737 622 738 620 738 665 738 622 739 559 739 558 739 623 740 559 740 622 740 437 741 436 741 520 741 624 742 625 742 606 742 624 743 660 743 625 743 521 744 520 744 559 744 522 745 437 745 520 745 522 746 520 746 523 746 562 747 522 747 523 747 628 748 629 748 627 748 631 749 560 749 630 749 561 750 560 750 631 750 438 751 407 751 562 751 563 752 561 752 631 752 633 753 525 753 564 753 568 754 483 754 526 754 568 755 526 755 634 755 570 756 571 756 441 756 570 757 528 757 569 757 570 758 569 758 635 758 571 759 106 759 110 759 485 760 529 760 571 760 485 761 571 761 636 761 485 762 411 762 529 762 114 763 636 763 571 763 487 764 573 764 489 764 574 765 573 765 637 765 574 766 531 766 573 766 574 767 637 767 147 767 145 768 146 768 147 768 145 769 147 769 144 769 576 770 575 770 574 770 578 771 638 771 490 771 578 772 161 772 638 772 578 773 490 773 576 773 164 774 638 774 161 774 579 775 492 775 638 775 579 776 638 776 164 776 171 777 494 777 533 777 171 778 533 778 169 778 171 779 179 779 494 779 173 780 179 780 171 780 173 781 177 781 179 781 176 782 177 782 173 782 639 783 581 783 534 783 639 784 534 784 177 784 639 785 582 785 581 785 640 786 582 786 639 786 582 787 641 787 583 787 582 788 642 788 641 788 582 789 640 789 642 789 643 790 584 790 583 790 643 791 583 791 641 791 585 792 643 792 644 792 585 793 644 793 201 793 585 794 536 794 584 794 585 795 584 795 643 795 646 796 448 796 585 796 646 797 585 797 645 797 646 798 537 798 448 798 646 799 645 799 647 799 209 800 688 800 207 800 208 801 209 801 207 801 647 802 219 802 646 802 214 803 215 803 647 803 227 804 496 804 219 804 227 805 219 805 226 805 211 806 624 806 606 806 211 807 105 807 624 807 211 808 606 808 48 808 227 809 648 809 649 809 650 810 227 810 649 810 495 811 496 811 650 811 246 812 651 812 590 812 590 813 589 813 588 813 590 814 651 814 589 814 586 815 587 815 652 815 586 816 652 816 591 816 593 817 591 817 652 817 593 818 257 818 595 818 257 819 593 819 592 819 593 820 497 820 591 820 593 821 595 821 497 821 261 822 594 822 595 822 261 823 595 823 262 823 266 824 263 824 265 824 501 825 454 825 540 825 691 826 599 826 598 826 301 827 598 827 599 827 301 828 600 828 598 828 602 829 544 829 601 829 602 830 601 830 547 830 547 831 301 831 309 831 547 832 600 832 301 832 547 833 601 833 600 833 546 834 547 834 309 834 310 835 311 835 312 835 602 836 503 836 504 836 312 837 546 837 309 837 323 838 211 838 48 838 323 839 285 839 211 839 328 840 332 840 549 840 345 841 653 841 338 841 345 842 604 842 653 842 345 843 338 843 341 843 654 844 468 844 603 844 654 845 368 845 468 845 346 846 347 846 345 846 605 847 347 847 346 847 507 848 505 848 350 848 351 849 330 849 323 849 351 850 323 850 48 850 359 851 44 851 47 851 607 852 606 852 625 852 607 853 655 853 606 853 607 854 625 854 657 854 609 855 512 855 608 855 611 856 609 856 610 856 612 857 609 857 611 857 513 858 615 858 514 858 613 859 551 859 612 859 659 860 661 860 552 860 661 861 553 861 552 861 516 862 515 862 553 862 697 863 516 863 553 863 616 864 478 864 479 864 517 865 405 865 518 865 517 866 404 866 405 866 518 867 556 867 557 867 662 868 619 868 618 868 620 869 618 869 619 869 620 870 519 870 618 870 621 871 619 871 662 871 663 872 660 872 624 872 663 873 664 873 660 873 665 874 620 874 619 874 665 875 619 875 666 875 558 876 481 876 480 876 558 877 480 877 519 877 558 878 519 878 622 878 665 879 667 879 668 879 668 880 622 880 665 880 669 881 663 881 624 881 668 882 623 882 622 882 626 883 559 883 623 883 627 884 523 884 521 884 674 885 105 885 675 885 674 886 624 886 105 886 629 887 523 887 627 887 560 888 562 888 523 888 630 889 629 889 676 889 630 890 560 890 629 890 562 891 560 891 561 891 676 892 712 892 677 892 524 893 438 893 562 893 632 894 563 894 715 894 717 895 632 895 715 895 565 896 525 896 633 896 527 897 679 897 680 897 483 898 528 898 439 898 483 899 568 899 528 899 634 900 527 900 680 900 634 901 526 901 527 901 635 902 569 902 568 902 720 903 675 903 105 903 720 904 718 904 675 904 684 905 635 905 682 905 572 906 570 906 635 906 684 907 572 907 635 907 98 908 720 908 105 908 101 909 686 909 100 909 101 910 103 910 102 910 106 911 572 911 102 911 106 912 571 912 572 912 106 913 102 913 103 913 108 914 110 914 106 914 636 915 118 915 485 915 109 916 156 916 124 916 109 917 105 917 156 917 114 918 118 918 636 918 139 919 573 919 487 919 139 920 140 920 573 920 142 921 131 921 130 921 142 922 137 922 131 922 144 923 147 923 637 923 143 924 145 924 144 924 149 925 143 925 130 925 147 926 576 926 574 926 149 927 130 927 124 927 149 928 124 928 156 928 160 929 578 929 154 929 165 930 579 930 164 930 165 931 163 931 580 931 579 932 165 932 580 932 166 933 580 933 163 933 533 934 532 934 169 934 176 935 173 935 174 935 183 936 182 936 181 936 182 937 640 937 639 937 188 938 640 938 182 938 190 939 640 939 188 939 185 940 156 940 105 940 185 941 105 941 211 941 641 942 644 942 643 942 196 943 644 943 641 943 196 944 687 944 644 944 687 945 201 945 644 945 200 946 201 946 687 946 201 947 645 947 585 947 688 948 645 948 201 948 645 949 688 949 209 949 209 950 213 950 214 950 212 951 213 951 210 951 650 952 496 952 227 952 231 953 227 953 226 953 231 954 648 954 227 954 231 955 232 955 648 955 240 956 649 956 648 956 240 957 588 957 649 957 240 958 590 958 588 958 240 959 689 959 590 959 241 960 285 960 254 960 241 961 211 961 285 961 246 962 590 962 689 962 589 963 652 963 587 963 257 964 592 964 252 964 255 965 257 965 251 965 263 966 259 966 264 966 263 967 268 967 538 967 269 968 539 968 268 968 269 969 274 969 539 969 540 970 274 970 275 970 272 971 254 971 285 971 272 972 260 972 254 972 278 973 281 973 501 973 279 974 281 974 278 974 276 975 272 975 285 975 690 976 281 976 279 976 690 977 596 977 281 977 286 978 287 978 283 978 291 979 596 979 690 979 291 980 690 980 287 980 295 981 291 981 293 981 295 982 541 982 596 982 295 983 597 983 541 983 295 984 596 984 291 984 691 985 597 985 295 985 691 986 598 986 597 986 302 987 599 987 298 987 599 988 302 988 306 988 599 989 306 989 301 989 309 990 301 990 306 990 305 991 309 991 306 991 307 992 285 992 323 992 307 993 290 993 285 993 547 994 546 994 548 994 547 995 548 995 503 995 547 996 503 996 602 996 314 997 546 997 312 997 319 998 503 998 548 998 313 999 307 999 323 999 321 1000 319 1000 316 1000 327 1001 549 1001 318 1001 328 1002 549 1002 327 1002 334 1003 333 1003 329 1003 603 1004 335 1004 604 1004 604 1005 335 1005 653 1005 347 1006 603 1006 604 1006 605 1007 603 1007 347 1007 605 1008 654 1008 603 1008 354 1009 356 1009 507 1009 356 1010 354 1010 355 1010 357 1011 356 1011 355 1011 357 1012 47 1012 356 1012 358 1013 351 1013 48 1013 358 1014 355 1014 351 1014 359 1015 358 1015 48 1015 508 1016 606 1016 655 1016 607 1017 470 1017 655 1017 607 1018 433 1018 470 1018 607 1019 473 1019 433 1019 692 1020 473 1020 607 1020 656 1021 550 1021 473 1021 692 1022 656 1022 473 1022 658 1023 609 1023 608 1023 658 1024 610 1024 609 1024 612 1025 551 1025 609 1025 693 1026 612 1026 611 1026 693 1027 613 1027 612 1027 614 1028 613 1028 694 1028 614 1029 513 1029 613 1029 614 1030 615 1030 513 1030 514 1031 515 1031 475 1031 514 1032 615 1032 515 1032 614 1033 659 1033 552 1033 614 1034 552 1034 515 1034 614 1035 515 1035 615 1035 660 1036 661 1036 659 1036 696 1037 553 1037 661 1037 697 1038 554 1038 516 1038 699 1039 698 1039 664 1039 700 1040 616 1040 554 1040 700 1041 554 1041 555 1041 700 1042 555 1042 699 1042 701 1043 616 1043 700 1043 701 1044 700 1044 722 1044 617 1045 556 1045 616 1045 702 1046 701 1046 664 1046 662 1047 557 1047 617 1047 662 1048 618 1048 557 1048 666 1049 619 1049 621 1049 724 1050 723 1050 669 1050 626 1051 703 1051 671 1051 626 1052 623 1052 703 1052 704 1053 671 1053 703 1053 705 1054 674 1054 706 1054 705 1055 624 1055 674 1055 672 1056 521 1056 626 1056 521 1057 672 1057 627 1057 673 1058 672 1058 708 1058 673 1059 627 1059 672 1059 627 1060 673 1060 710 1060 629 1061 560 1061 523 1061 711 1062 674 1062 675 1062 677 1063 712 1063 713 1063 631 1064 714 1064 715 1064 715 1065 563 1065 631 1065 564 1066 524 1066 562 1066 564 1067 562 1067 561 1067 564 1068 561 1068 563 1068 633 1069 678 1069 565 1069 718 1070 678 1070 675 1070 718 1071 566 1071 565 1071 681 1072 634 1072 680 1072 681 1073 682 1073 568 1073 681 1074 568 1074 634 1074 682 1075 635 1075 568 1075 721 1076 682 1076 683 1076 685 1077 684 1077 682 1077 684 1078 685 1078 686 1078 570 1079 572 1079 571 1079 102 1080 684 1080 686 1080 102 1081 572 1081 684 1081 102 1082 686 1082 101 1082 99 1083 98 1083 105 1083 571 1084 110 1084 114 1084 112 1085 114 1085 110 1085 115 1086 114 1086 112 1086 128 1087 121 1087 125 1087 128 1088 125 1088 127 1088 139 1089 487 1089 136 1089 139 1090 136 1090 138 1090 138 1091 132 1091 135 1091 137 1092 138 1092 135 1092 141 1093 140 1093 137 1093 637 1094 573 1094 140 1094 144 1095 142 1095 143 1095 130 1096 143 1096 142 1096 145 1097 143 1097 149 1097 153 1098 147 1098 146 1098 153 1099 148 1099 151 1099 153 1100 146 1100 148 1100 151 1101 148 1101 150 1101 153 1102 576 1102 147 1102 153 1103 578 1103 576 1103 153 1104 154 1104 578 1104 152 1105 157 1105 155 1105 162 1106 161 1106 160 1106 158 1107 175 1107 168 1107 167 1108 166 1108 168 1108 176 1109 181 1109 177 1109 176 1110 178 1110 181 1110 182 1111 177 1111 181 1111 177 1112 182 1112 639 1112 180 1113 158 1113 156 1113 180 1114 156 1114 185 1114 180 1115 175 1115 158 1115 183 1116 188 1116 182 1116 189 1117 190 1117 188 1117 642 1118 190 1118 194 1118 642 1119 640 1119 190 1119 195 1120 641 1120 642 1120 195 1121 196 1121 641 1121 196 1122 198 1122 687 1122 198 1123 197 1123 192 1123 688 1124 204 1124 207 1124 203 1125 207 1125 204 1125 203 1126 206 1126 207 1126 206 1127 203 1127 205 1127 209 1128 647 1128 645 1128 213 1129 208 1129 210 1129 210 1130 205 1130 212 1130 215 1131 219 1131 647 1131 217 1132 219 1132 215 1132 217 1133 215 1133 218 1133 218 1134 215 1134 214 1134 216 1135 218 1135 214 1135 219 1136 217 1136 226 1136 222 1137 218 1137 216 1137 221 1138 226 1138 217 1138 229 1139 222 1139 223 1139 222 1140 231 1140 226 1140 230 1141 241 1141 235 1141 230 1142 211 1142 241 1142 650 1143 649 1143 587 1143 650 1144 587 1144 495 1144 234 1145 648 1145 232 1145 234 1146 229 1146 230 1146 240 1147 648 1147 234 1147 689 1148 240 1148 238 1148 689 1149 242 1149 246 1149 248 1150 651 1150 246 1150 245 1151 241 1151 254 1151 245 1152 254 1152 249 1152 651 1153 592 1153 652 1153 651 1154 652 1154 589 1154 250 1155 248 1155 249 1155 252 1156 592 1156 651 1156 252 1157 651 1157 250 1157 251 1158 249 1158 253 1158 251 1159 250 1159 249 1159 251 1160 257 1160 252 1160 253 1161 249 1161 254 1161 253 1162 255 1162 251 1162 259 1163 262 1163 595 1163 262 1164 259 1164 263 1164 262 1165 538 1165 261 1165 262 1166 263 1166 538 1166 265 1167 264 1167 260 1167 268 1168 263 1168 266 1168 267 1169 266 1169 260 1169 275 1170 274 1170 273 1170 278 1171 540 1171 275 1171 273 1172 272 1172 276 1172 278 1173 501 1173 540 1173 277 1174 273 1174 276 1174 277 1175 275 1175 273 1175 279 1176 278 1176 277 1176 287 1177 690 1177 279 1177 287 1178 279 1178 282 1178 291 1179 287 1179 288 1179 286 1180 289 1180 288 1180 291 1181 288 1181 293 1181 297 1182 599 1182 691 1182 296 1183 289 1183 290 1183 296 1184 294 1184 289 1184 297 1185 298 1185 599 1185 300 1186 302 1186 298 1186 303 1187 300 1187 290 1187 305 1188 303 1188 304 1188 305 1189 306 1189 303 1189 310 1190 312 1190 309 1190 307 1191 310 1191 308 1191 307 1192 311 1192 310 1192 319 1193 548 1193 314 1193 313 1194 315 1194 314 1194 315 1195 316 1195 319 1195 319 1196 321 1196 318 1196 321 1197 327 1197 318 1197 327 1198 333 1198 328 1198 327 1199 329 1199 333 1199 336 1200 338 1200 653 1200 347 1201 604 1201 345 1201 344 1202 346 1202 345 1202 346 1203 506 1203 605 1203 505 1204 605 1204 506 1204 505 1205 654 1205 605 1205 346 1206 340 1206 350 1206 346 1207 350 1207 506 1207 340 1208 344 1208 341 1208 350 1209 505 1209 506 1209 349 1210 353 1210 350 1210 351 1211 353 1211 349 1211 507 1212 350 1212 353 1212 354 1213 352 1213 355 1213 359 1214 48 1214 44 1214 655 1215 470 1215 508 1215 607 1216 657 1216 692 1216 657 1217 656 1217 692 1217 657 1218 608 1218 656 1218 658 1219 608 1219 657 1219 625 1220 610 1220 658 1220 625 1221 658 1221 657 1221 611 1222 610 1222 625 1222 693 1223 660 1223 695 1223 693 1224 625 1224 660 1224 693 1225 611 1225 625 1225 695 1226 694 1226 613 1226 695 1227 613 1227 693 1227 695 1228 660 1228 659 1228 659 1229 694 1229 695 1229 659 1230 614 1230 694 1230 696 1231 661 1231 660 1231 696 1232 660 1232 664 1232 696 1233 664 1233 698 1233 479 1234 477 1234 516 1234 697 1235 553 1235 696 1235 554 1236 479 1236 516 1236 554 1237 697 1237 698 1237 698 1238 697 1238 696 1238 699 1239 555 1239 554 1239 699 1240 554 1240 698 1240 722 1241 700 1241 699 1241 722 1242 699 1242 664 1242 701 1243 617 1243 616 1243 701 1244 722 1244 664 1244 617 1245 701 1245 702 1245 702 1246 662 1246 617 1246 663 1247 702 1247 664 1247 663 1248 662 1248 702 1248 621 1249 662 1249 663 1249 666 1250 621 1250 663 1250 666 1251 663 1251 669 1251 666 1252 667 1252 665 1252 667 1253 666 1253 669 1253 669 1254 723 1254 668 1254 669 1255 668 1255 667 1255 668 1256 723 1256 623 1256 623 1257 724 1257 703 1257 724 1258 623 1258 723 1258 725 1259 703 1259 724 1259 725 1260 669 1260 624 1260 725 1261 724 1261 669 1261 704 1262 703 1262 725 1262 704 1263 725 1263 624 1263 671 1264 704 1264 670 1264 704 1265 624 1265 705 1265 521 1266 559 1266 626 1266 670 1267 726 1267 671 1267 671 1268 726 1268 626 1268 705 1269 670 1269 704 1269 705 1270 726 1270 670 1270 705 1271 706 1271 726 1271 707 1272 626 1272 726 1272 707 1273 672 1273 626 1273 706 1274 707 1274 726 1274 707 1275 708 1275 672 1275 706 1276 727 1276 707 1276 708 1277 707 1277 727 1277 727 1278 709 1278 708 1278 708 1279 709 1279 673 1279 674 1280 727 1280 706 1280 674 1281 709 1281 727 1281 710 1282 709 1282 674 1282 710 1283 673 1283 709 1283 674 1284 711 1284 710 1284 628 1285 627 1285 710 1285 628 1286 710 1286 711 1286 712 1287 629 1287 628 1287 711 1288 713 1288 628 1288 713 1289 712 1289 628 1289 712 1290 676 1290 629 1290 713 1291 711 1291 677 1291 676 1292 631 1292 630 1292 676 1293 714 1293 631 1293 728 1294 676 1294 677 1294 728 1295 714 1295 676 1295 675 1296 728 1296 677 1296 675 1297 677 1297 711 1297 716 1298 715 1298 714 1298 716 1299 714 1299 728 1299 715 1300 716 1300 717 1300 716 1301 675 1301 717 1301 675 1302 716 1302 728 1302 563 1303 632 1303 633 1303 563 1304 633 1304 564 1304 678 1305 717 1305 675 1305 678 1306 632 1306 717 1306 678 1307 633 1307 632 1307 718 1308 565 1308 678 1308 718 1309 719 1309 566 1309 679 1310 567 1310 566 1310 679 1311 527 1311 567 1311 680 1312 566 1312 719 1312 680 1313 679 1313 566 1313 719 1314 681 1314 680 1314 719 1315 683 1315 681 1315 720 1316 683 1316 719 1316 720 1317 719 1317 718 1317 683 1318 682 1318 681 1318 720 1319 721 1319 683 1319 721 1320 685 1320 682 1320 721 1321 98 1321 685 1321 721 1322 720 1322 98 1322 686 1323 685 1323 98 1323 686 1324 98 1324 100 1324 731 1325 732 1325 729 1325 729 1326 732 1326 730 1326 730 1327 733 1327 729 1327 729 1328 733 1328 734 1328 734 1329 733 1329 735 1329 733 1330 736 1330 735 1330 735 1331 736 1331 737 1331 736 1332 738 1332 737 1332 737 1333 738 1333 739 1333 739 1334 738 1334 740 1334 738 1335 741 1335 740 1335 741 1336 742 1336 740 1336 743 1337 742 1337 741 1337 731 1338 745 1338 732 1338 731 1339 42 1339 745 1339 745 1340 42 1340 744 1340 744 1341 4 1341 746 1341 744 1342 2 1342 4 1342 42 1343 2 1343 744 1343 4 1344 6 1344 746 1344 746 1345 6 1345 747 1345 42 1346 1 1346 2 1346 6 1347 8 1347 747 1347 747 1348 8 1348 748 1348 749 1349 1 1349 42 1349 749 1350 750 1350 1 1350 743 1351 50 1351 742 1351 748 1352 8 1352 751 1352 752 1353 750 1353 749 1353 8 1354 10 1354 751 1354 751 1355 10 1355 753 1355 752 1356 754 1356 750 1356 755 1357 754 1357 752 1357 10 1358 12 1358 753 1358 755 1359 756 1359 754 1359 757 1360 756 1360 755 1360 753 1361 12 1361 761 1361 757 1362 758 1362 756 1362 756 1363 758 1363 759 1363 758 1364 760 1364 759 1364 12 1365 36 1365 761 1365 14 1366 36 1366 12 1366 50 1367 36 1367 742 1367 761 1368 36 1368 50 1368 760 1369 762 1369 759 1369 14 1370 38 1370 36 1370 759 1371 762 1371 763 1371 764 1372 38 1372 14 1372 762 1373 765 1373 763 1373 764 1374 766 1374 38 1374 763 1375 767 1375 768 1375 765 1376 767 1376 763 1376 764 1377 769 1377 766 1377 770 1378 769 1378 764 1378 767 1379 771 1379 768 1379 768 1380 771 1380 770 1380 771 1381 772 1381 770 1381 770 1382 772 1382 769 1382 65 1383 773 1383 66 1383 66 1384 773 1384 774 1384 773 1385 775 1385 774 1385 774 1386 775 1386 776 1386 775 1387 777 1387 776 1387 776 1388 777 1388 778 1388 777 1389 779 1389 778 1389 778 1390 779 1390 780 1390 779 1391 781 1391 780 1391 780 1392 781 1392 782 1392 781 1393 51 1393 782 1393 783 1394 81 1394 79 1394 784 1395 783 1395 79 1395 785 1396 81 1396 783 1396 784 1397 79 1397 77 1397 785 1398 83 1398 81 1398 786 1399 784 1399 77 1399 786 1400 77 1400 75 1400 787 1401 786 1401 75 1401 787 1402 75 1402 73 1402 788 1403 787 1403 73 1403 788 1404 73 1404 71 1404 789 1405 788 1405 71 1405 69 1406 789 1406 71 1406 69 1407 790 1407 789 1407 68 1408 790 1408 69 1408 791 1409 83 1409 785 1409 45 1410 791 1410 792 1410 45 1411 83 1411 791 1411 30 1412 792 1412 793 1412 30 1413 45 1413 792 1413 28 1414 30 1414 793 1414 32 1415 45 1415 30 1415 28 1416 793 1416 794 1416 26 1417 28 1417 794 1417 34 1418 45 1418 32 1418 26 1419 794 1419 795 1419 34 1420 43 1420 45 1420 26 1421 795 1421 796 1421 797 1422 43 1422 34 1422 24 1423 26 1423 796 1423 49 1424 790 1424 68 1424 797 1425 798 1425 43 1425 22 1426 24 1426 796 1426 22 1427 796 1427 799 1427 800 1428 798 1428 797 1428 800 1429 801 1429 798 1429 802 1430 803 1430 801 1430 802 1431 801 1431 800 1431 20 1432 22 1432 799 1432 20 1433 799 1433 806 1433 804 1434 803 1434 802 1434 804 1435 802 1435 805 1435 39 1436 20 1436 806 1436 39 1437 18 1437 20 1437 39 1438 17 1438 18 1438 39 1439 49 1439 68 1439 39 1440 806 1440 49 1440 807 1441 804 1441 805 1441 808 1442 807 1442 805 1442 809 1443 17 1443 39 1443 809 1444 810 1444 17 1444 808 1445 805 1445 811 1445 812 1446 808 1446 811 1446 813 1447 810 1447 809 1447 813 1448 814 1448 810 1448 815 1449 812 1449 811 1449 815 1450 811 1450 816 1450 817 1451 814 1451 813 1451 818 1452 815 1452 816 1452 818 1453 814 1453 817 1453 818 1454 816 1454 814 1454 49 1455 806 1455 50 1455 50 1456 806 1456 761 1456 806 1457 799 1457 761 1457 761 1458 799 1458 753 1458 790 1459 49 1459 743 1459 743 1460 49 1460 50 1460 785 1461 783 1461 732 1461 732 1462 783 1462 730 1462 783 1463 784 1463 730 1463 730 1464 784 1464 733 1464 784 1465 786 1465 733 1465 786 1466 787 1466 733 1466 733 1467 787 1467 736 1467 787 1468 788 1468 736 1468 736 1469 788 1469 738 1469 788 1470 789 1470 738 1470 738 1471 789 1471 741 1471 789 1472 790 1472 741 1472 741 1473 790 1473 743 1473 791 1474 785 1474 732 1474 791 1475 732 1475 745 1475 793 1476 792 1476 746 1476 746 1477 792 1477 744 1477 744 1478 792 1478 745 1478 792 1479 791 1479 745 1479 794 1480 793 1480 746 1480 794 1481 746 1481 747 1481 795 1482 794 1482 747 1482 795 1483 747 1483 748 1483 796 1484 795 1484 748 1484 796 1485 748 1485 751 1485 799 1486 796 1486 751 1486 799 1487 751 1487 753 1487 45 1488 46 1488 819 1488 820 1489 45 1489 819 1489 821 1490 45 1490 820 1490 83 1491 821 1491 84 1491 83 1492 45 1492 821 1492 369 1493 47 1493 42 1493 368 1494 369 1494 42 1494 731 1495 368 1495 42 1495 467 1496 368 1496 731 1496 39 1497 68 1497 67 1497 39 1498 67 1498 40 1498 740 1499 742 1499 367 1499 740 1500 367 1500 366 1500 740 1501 366 1501 363 1501 739 1502 740 1502 363 1502 739 1503 363 1503 364 1503 737 1504 739 1504 364 1504 737 1505 364 1505 460 1505 735 1506 737 1506 460 1506 735 1507 460 1507 461 1507 734 1508 735 1508 461 1508 734 1509 461 1509 464 1509 729 1510 734 1510 464 1510 729 1511 464 1511 465 1511 731 1512 729 1512 465 1512 731 1513 465 1513 467 1513 92 1514 822 1514 95 1514 92 1515 225 1515 822 1515 225 1516 823 1516 822 1516 225 1517 371 1517 823 1517 371 1518 373 1518 823 1518 36 1519 367 1519 742 1519 35 1520 367 1520 36 1520 87 1521 824 1521 86 1521 87 1522 386 1522 824 1522 824 1523 339 1523 825 1523 386 1524 339 1524 824 1524 339 1525 343 1525 825 1525 825 1526 343 1526 826 1526 343 1527 365 1527 826 1527 826 1528 365 1528 827 1528 365 1529 184 1529 827 1529 827 1530 184 1530 828 1530 184 1531 191 1531 828 1531 828 1532 37 1532 41 1532 191 1533 37 1533 828 1533 809 1534 39 1534 41 1534 41 1535 37 1535 38 1535 809 1536 41 1536 38 1536 809 1537 38 1537 766 1537 813 1538 809 1538 766 1538 813 1539 766 1539 769 1539 817 1540 813 1540 769 1540 817 1541 769 1541 772 1541 818 1542 817 1542 772 1542 818 1543 772 1543 771 1543 815 1544 818 1544 771 1544 815 1545 771 1545 767 1545 812 1546 815 1546 767 1546 812 1547 767 1547 765 1547 808 1548 812 1548 765 1548 808 1549 765 1549 762 1549 807 1550 808 1550 762 1550 807 1551 762 1551 760 1551 804 1552 807 1552 760 1552 804 1553 760 1553 758 1553 803 1554 804 1554 758 1554 803 1555 758 1555 757 1555 803 1556 757 1556 755 1556 801 1557 803 1557 755 1557 801 1558 755 1558 752 1558 798 1559 801 1559 752 1559 798 1560 752 1560 749 1560 43 1561 798 1561 749 1561 43 1562 749 1562 42 1562 606 1563 508 1563 470 1563 1413 1564 606 1564 470 1564 829 1565 1413 1565 470 1565 829 1566 470 1566 431 1566 829 1567 431 1567 429 1567 830 1568 829 1568 429 1568 830 1569 429 1569 390 1569 831 1570 830 1570 390 1570 831 1571 390 1571 244 1571 832 1572 831 1572 244 1572 89 1573 832 1573 244 1573 88 1574 832 1574 89 1574 840 1575 841 1575 1420 1575 1420 1576 843 1576 842 1576 842 1577 843 1577 844 1577 1423 1578 850 1578 849 1578 1423 1579 849 1579 851 1579 854 1580 855 1580 856 1580 857 1581 856 1581 855 1581 859 1582 865 1582 861 1582 859 1583 861 1583 858 1583 860 1584 858 1584 861 1584 860 1585 863 1585 862 1585 864 1586 865 1586 1424 1586 863 1587 866 1587 862 1587 863 1588 1425 1588 866 1588 870 1589 866 1589 867 1589 1458 1590 1364 1590 868 1590 873 1591 1367 1591 874 1591 873 1592 874 1592 1284 1592 875 1593 873 1593 877 1593 875 1594 876 1594 873 1594 875 1595 879 1595 880 1595 878 1596 879 1596 875 1596 882 1597 879 1597 878 1597 882 1598 878 1598 881 1598 879 1599 882 1599 883 1599 879 1600 883 1600 880 1600 885 1601 1291 1601 886 1601 888 1602 1371 1602 889 1602 888 1603 890 1603 1371 1603 1460 1604 893 1604 894 1604 895 1605 1294 1605 896 1605 895 1606 894 1606 1294 1606 901 1607 902 1607 1462 1607 903 1608 1297 1608 1217 1608 904 1609 905 1609 903 1609 904 1610 903 1610 1433 1610 906 1611 1434 1611 1382 1611 913 1612 909 1612 907 1612 913 1613 907 1613 910 1613 910 1614 908 1614 911 1614 1302 1615 1221 1615 914 1615 1302 1616 912 1616 1221 1616 916 1617 909 1617 915 1617 916 1618 917 1618 909 1618 923 1619 924 1619 1308 1619 922 1620 923 1620 1308 1620 922 1621 1308 1621 1389 1621 926 1622 925 1622 1437 1622 926 1623 1437 1623 1310 1623 926 1624 927 1624 925 1624 926 1625 929 1625 927 1625 927 1626 928 1626 925 1626 927 1627 929 1627 928 1627 928 1628 929 1628 930 1628 928 1629 930 1629 931 1629 931 1630 930 1630 933 1630 937 1631 938 1631 935 1631 937 1632 939 1632 938 1632 939 1633 940 1633 938 1633 940 1634 939 1634 1438 1634 940 1635 1438 1635 941 1635 943 1636 940 1636 944 1636 945 1637 943 1637 944 1637 945 1638 946 1638 943 1638 945 1639 947 1639 1439 1639 948 1640 946 1640 949 1640 951 1641 952 1641 954 1641 953 1642 951 1642 954 1642 828 1643 67 1643 827 1643 964 1644 1396 1644 1321 1644 964 1645 963 1645 1396 1645 965 1646 961 1646 963 1646 965 1647 966 1647 961 1647 966 1648 965 1648 1397 1648 1397 1649 967 1649 966 1649 969 1650 967 1650 970 1650 969 1651 966 1651 967 1651 41 1652 40 1652 828 1652 973 1653 1398 1653 1466 1653 978 1654 979 1654 980 1654 40 1655 67 1655 828 1655 984 1656 88 1656 91 1656 984 1657 832 1657 88 1657 990 1658 91 1658 97 1658 990 1659 984 1659 91 1659 48 1660 992 1660 46 1660 993 1661 990 1661 97 1661 993 1662 97 1662 93 1662 993 1663 93 1663 95 1663 993 1664 95 1664 822 1664 995 1665 990 1665 993 1665 993 1666 822 1666 823 1666 995 1667 984 1667 990 1667 996 1668 72 1668 74 1668 996 1669 70 1669 72 1669 1340 1670 821 1670 820 1670 998 1671 824 1671 825 1671 996 1672 67 1672 70 1672 1000 1673 998 1673 825 1673 1000 1674 997 1674 998 1674 999 1675 67 1675 996 1675 1000 1676 825 1676 826 1676 999 1677 996 1677 997 1677 999 1678 827 1678 67 1678 1000 1679 999 1679 997 1679 999 1680 826 1680 827 1680 999 1681 1000 1681 826 1681 1001 1682 832 1682 984 1682 1001 1683 984 1683 994 1683 1003 1684 1002 1684 1001 1684 1003 1685 1004 1685 1002 1685 1005 1686 993 1686 823 1686 1005 1687 995 1687 993 1687 1006 1688 1005 1688 823 1688 1006 1689 995 1689 1005 1689 1006 1690 823 1690 373 1690 1011 1691 1012 1691 1013 1691 1011 1692 373 1692 85 1692 1014 1693 1015 1693 1011 1693 1016 1694 1017 1694 1014 1694 1019 1695 824 1695 998 1695 1020 1696 832 1696 1001 1696 1020 1697 831 1697 832 1697 1021 1698 1020 1698 1001 1698 1021 1699 831 1699 1020 1699 1021 1700 1001 1700 1002 1700 1021 1701 1002 1701 1004 1701 1022 1702 1023 1702 1024 1702 1025 1703 984 1703 995 1703 1028 1704 984 1704 1025 1704 1028 1705 1026 1705 1027 1705 1029 1706 1032 1706 1033 1706 1034 1707 1035 1707 373 1707 1034 1708 373 1708 1011 1708 1034 1709 1011 1709 1013 1709 1031 1710 1034 1710 1013 1710 1036 1711 1105 1711 1033 1711 1036 1712 1033 1712 1032 1712 1037 1713 1031 1713 1013 1713 1037 1714 1029 1714 1031 1714 1037 1715 1032 1715 1029 1715 1032 1716 1040 1716 1036 1716 1041 1717 1040 1717 1032 1717 1042 1718 1039 1718 1041 1718 1042 1719 1041 1719 1012 1719 1043 1720 1044 1720 1045 1720 1046 1721 1043 1721 1045 1721 1046 1722 1045 1722 1007 1722 1046 1723 1007 1723 1010 1723 1048 1724 1010 1724 1008 1724 1048 1725 1046 1725 1010 1725 1048 1726 1047 1726 1046 1726 1049 1727 1007 1727 1045 1727 1049 1728 1045 1728 1042 1728 1050 1729 1009 1729 1051 1729 1050 1730 1008 1730 1009 1730 1049 1731 1010 1731 1007 1731 1052 1732 1050 1732 1051 1732 1010 1733 1009 1733 1008 1733 1053 1734 1009 1734 1010 1734 1053 1735 1010 1735 1049 1735 1053 1736 1011 1736 1015 1736 1061 1737 1053 1737 1015 1737 1061 1738 1056 1738 1057 1738 1058 1739 911 1739 1059 1739 1060 1740 1058 1740 1059 1740 1061 1741 1055 1741 1056 1741 1061 1742 1060 1742 1055 1742 1062 1743 1063 1743 1061 1743 1064 1744 1065 1744 1066 1744 1064 1745 1067 1745 1065 1745 1017 1746 1062 1746 1015 1746 1017 1747 1015 1747 1014 1747 1017 1748 1063 1748 1062 1748 1069 1749 1071 1749 1070 1749 1072 1750 1016 1750 1014 1750 1073 1751 1154 1751 1018 1751 1073 1752 1018 1752 1074 1752 1075 1753 1072 1753 1014 1753 1075 1754 1011 1754 85 1754 1075 1755 1014 1755 1011 1755 1073 1756 1077 1756 1076 1756 1073 1757 1074 1757 1077 1757 1078 1758 1081 1758 1079 1758 1077 1759 1078 1759 1079 1759 1077 1760 1080 1760 1078 1760 1078 1761 1080 1761 1082 1761 1077 1762 1074 1762 1080 1762 1083 1763 1078 1763 1082 1763 1083 1764 1084 1764 1078 1764 1085 1765 1086 1765 1075 1765 1085 1766 1075 1766 85 1766 1088 1767 1087 1767 1074 1767 1088 1768 1074 1768 1161 1768 1092 1769 996 1769 74 1769 1092 1770 74 1770 76 1770 1094 1771 1091 1771 1090 1771 1093 1772 1161 1772 1085 1772 1093 1773 1088 1773 1161 1773 1089 1774 1092 1774 1171 1774 1089 1775 996 1775 1092 1775 1089 1776 997 1776 996 1776 1087 1777 998 1777 997 1777 1087 1778 997 1778 1089 1778 1088 1779 998 1779 1087 1779 1093 1780 998 1780 1088 1780 1019 1781 85 1781 86 1781 1019 1782 86 1782 824 1782 1024 1783 829 1783 830 1783 1023 1784 829 1784 1024 1784 1095 1785 829 1785 1023 1785 830 1786 831 1786 1021 1786 830 1787 1021 1787 1022 1787 830 1788 1022 1788 1024 1788 1096 1789 1021 1789 1004 1789 1096 1790 1022 1790 1021 1790 1099 1791 1025 1791 995 1791 1099 1792 1028 1792 1025 1792 1099 1793 995 1793 1006 1793 1100 1794 1006 1794 373 1794 1100 1795 373 1795 1035 1795 1100 1796 1099 1796 1006 1796 1100 1797 1035 1797 1099 1797 1101 1798 1099 1798 1035 1798 1101 1799 1028 1799 1099 1799 1101 1800 1029 1800 1028 1800 1102 1801 1103 1801 1030 1801 1102 1802 1030 1802 1029 1802 1102 1803 1029 1803 1033 1803 1104 1804 1102 1804 1033 1804 1031 1805 1035 1805 1034 1805 1031 1806 1101 1806 1035 1806 1031 1807 1029 1807 1101 1807 1105 1808 1104 1808 1033 1808 1040 1809 1041 1809 1039 1809 1040 1810 1039 1810 1038 1810 1037 1811 1041 1811 1032 1811 1037 1812 1013 1812 1012 1812 1037 1813 1012 1813 1041 1813 1039 1814 1042 1814 1109 1814 1110 1815 1109 1815 1042 1815 1113 1816 1042 1816 1045 1816 1113 1817 1110 1817 1042 1817 1044 1818 1113 1818 1045 1818 1042 1819 1012 1819 1049 1819 1114 1820 1115 1820 1044 1820 1114 1821 1044 1821 1043 1821 1116 1822 1114 1822 1043 1822 1116 1823 1117 1823 1114 1823 1118 1824 1046 1824 1047 1824 1118 1825 1043 1825 1046 1825 1118 1826 1116 1826 1043 1826 1118 1827 1117 1827 1116 1827 1119 1828 1048 1828 1008 1828 1123 1829 1119 1829 1008 1829 1123 1830 1121 1830 1119 1830 1122 1831 1123 1831 1008 1831 1122 1832 1008 1832 1050 1832 1124 1833 1049 1833 1012 1833 1124 1834 1012 1834 1011 1834 1126 1835 1125 1835 1127 1835 1124 1836 1011 1836 1053 1836 1124 1837 1053 1837 1049 1837 1054 1838 1126 1838 1051 1838 1129 1839 1056 1839 1130 1839 1129 1840 1057 1840 1056 1840 1009 1841 1061 1841 1057 1841 1009 1842 1057 1842 1054 1842 1009 1843 1053 1843 1061 1843 1009 1844 1054 1844 1051 1844 1130 1845 1056 1845 1055 1845 1132 1846 1130 1846 1055 1846 1132 1847 1220 1847 1130 1847 1222 1848 911 1848 1058 1848 1222 1849 914 1849 911 1849 1135 1850 1133 1850 1134 1850 1062 1851 1061 1851 1015 1851 1136 1852 1060 1852 1061 1852 1066 1853 1061 1853 1063 1853 1066 1854 1136 1854 1061 1854 1066 1855 1063 1855 1064 1855 1063 1856 1067 1856 1064 1856 1138 1857 1063 1857 1070 1857 1069 1858 1063 1858 1017 1858 1069 1859 1017 1859 1016 1859 1069 1860 1070 1860 1063 1860 1140 1861 1070 1861 1071 1861 1140 1862 1071 1862 1141 1862 1142 1863 1143 1863 1141 1863 1144 1864 1142 1864 1141 1864 1145 1865 1071 1865 1069 1865 1145 1866 1069 1866 1016 1866 1145 1867 1016 1867 1072 1867 1152 1868 1147 1868 1146 1868 1148 1869 1149 1869 1150 1869 1151 1870 1148 1870 1152 1870 1151 1871 1149 1871 1148 1871 1152 1872 1146 1872 1018 1872 1146 1873 1153 1873 1018 1873 1154 1874 1155 1874 1152 1874 1154 1875 1152 1875 1018 1875 1157 1876 1158 1876 1076 1876 1156 1877 1154 1877 1073 1877 1076 1878 1156 1878 1073 1878 1157 1879 1076 1879 1077 1879 1157 1880 1077 1880 1079 1880 1160 1881 1086 1881 1085 1881 1159 1882 1157 1882 1079 1882 1161 1883 1153 1883 1160 1883 1161 1884 1018 1884 1153 1884 1161 1885 1160 1885 1085 1885 1161 1886 1074 1886 1018 1886 1162 1887 1087 1887 1089 1887 1162 1888 1082 1888 1080 1888 1162 1889 1074 1889 1087 1889 1162 1890 1080 1890 1074 1890 1163 1891 1164 1891 1162 1891 1162 1892 1089 1892 1163 1892 1165 1893 1166 1893 1163 1893 1170 1894 1171 1894 1092 1894 1170 1895 1092 1895 1090 1895 1172 1896 1173 1896 988 1896 1174 1897 1090 1897 1092 1897 1175 1898 1094 1898 1090 1898 1175 1899 1090 1899 1174 1899 1176 1900 988 1900 1094 1900 1176 1901 1172 1901 988 1901 1174 1902 76 1902 78 1902 1174 1903 1092 1903 76 1903 1175 1904 1176 1904 1094 1904 1175 1905 80 1905 82 1905 1177 1906 1085 1906 85 1906 1177 1907 1093 1907 1085 1907 1175 1908 1174 1908 78 1908 1175 1909 78 1909 80 1909 1176 1910 1175 1910 82 1910 1176 1911 82 1911 84 1911 1176 1912 84 1912 821 1912 1178 1913 1176 1913 821 1913 1178 1914 1336 1914 1176 1914 1177 1915 85 1915 1019 1915 1177 1916 998 1916 1093 1916 1177 1917 1019 1917 998 1917 1260 1918 1413 1918 829 1918 1260 1919 829 1919 1095 1919 1181 1920 1097 1920 1098 1920 1182 1921 1004 1921 1003 1921 1182 1922 1098 1922 1097 1922 994 1923 1003 1923 1001 1923 994 1924 1182 1924 1003 1924 1183 1925 984 1925 1028 1925 1183 1926 1028 1926 1027 1926 1183 1927 994 1927 984 1927 1186 1928 1185 1928 1027 1928 1186 1929 1184 1929 1185 1929 1186 1930 1027 1930 1026 1930 1187 1931 1028 1931 1029 1931 1187 1932 1026 1932 1028 1932 1187 1933 1029 1933 1030 1933 1189 1934 1190 1934 1103 1934 1189 1935 1103 1935 1102 1935 1192 1936 1193 1936 1189 1936 1195 1937 1194 1937 1106 1937 1195 1938 1106 1938 1105 1938 1195 1939 1105 1939 1036 1939 1196 1940 1036 1940 1040 1940 1196 1941 1040 1941 1198 1941 1108 1942 1199 1942 1040 1942 1108 1943 1200 1943 1199 1943 1108 1944 1040 1944 1038 1944 1202 1945 1108 1945 1038 1945 1204 1946 1038 1946 1205 1946 1038 1947 1109 1947 1205 1947 1038 1948 1039 1948 1109 1948 1205 1949 1109 1949 1110 1949 1205 1950 1207 1950 1285 1950 1205 1951 1110 1951 1207 1951 1208 1952 1285 1952 1207 1952 1207 1953 1110 1953 1111 1953 1209 1954 1111 1954 1112 1954 1209 1955 1288 1955 1289 1955 1209 1956 1289 1956 1111 1956 1209 1957 1112 1957 1044 1957 1113 1958 1044 1958 1112 1958 896 1959 1115 1959 1114 1959 896 1960 1114 1960 1117 1960 1047 1961 1117 1961 1118 1961 1047 1962 1048 1962 1119 1962 1120 1963 1047 1963 1119 1963 1120 1964 1117 1964 1047 1964 1212 1965 1121 1965 1123 1965 1212 1966 1213 1966 1121 1966 1214 1967 1123 1967 1122 1967 1215 1968 1127 1968 1214 1968 1215 1969 1052 1969 1127 1969 1215 1970 1214 1970 1122 1970 1122 1971 1052 1971 1215 1971 1122 1972 1050 1972 1052 1972 1216 1973 1127 1973 1125 1973 1217 1974 1216 1974 1125 1974 1128 1975 1125 1975 1126 1975 1057 1976 1218 1976 1054 1976 1057 1977 1131 1977 1218 1977 1057 1978 1129 1978 1131 1978 1131 1979 1129 1979 1130 1979 1219 1980 1131 1980 1130 1980 1132 1981 1055 1981 1059 1981 910 1982 911 1982 1221 1982 914 1983 1221 1983 911 1983 1055 1984 1060 1984 1059 1984 1225 1985 1305 1985 1223 1985 1060 1986 1226 1986 1225 1986 1136 1987 1226 1987 1060 1987 1135 1988 924 1988 1133 1988 1227 1989 1134 1989 1133 1989 1136 1990 1134 1990 1227 1990 1136 1991 1066 1991 1137 1991 1137 1992 1228 1992 1134 1992 1229 1993 1066 1993 1065 1993 1229 1994 1137 1994 1066 1994 1229 1995 1230 1995 1137 1995 1231 1996 1067 1996 1068 1996 1232 1997 1233 1997 1231 1997 1232 1998 1231 1998 1068 1998 1234 1999 1068 1999 1067 1999 1234 2000 1067 2000 1063 2000 1234 2001 1138 2001 1235 2001 1234 2002 1063 2002 1138 2002 1237 2003 1235 2003 1138 2003 1238 2004 1070 2004 1140 2004 1240 2005 1141 2005 1143 2005 1238 2006 1140 2006 1141 2006 1238 2007 1141 2007 1240 2007 1241 2008 1143 2008 1142 2008 1242 2009 1241 2009 1142 2009 1144 2010 1243 2010 1142 2010 1146 2011 1147 2011 1144 2011 1244 2012 967 2012 1322 2012 1244 2013 1150 2013 1149 2013 1244 2014 1322 2014 1245 2014 1071 2015 1144 2015 1141 2015 1149 2016 1246 2016 1247 2016 1153 2017 1144 2017 1071 2017 1153 2018 1146 2018 1144 2018 1071 2019 1145 2019 1086 2019 1155 2020 1151 2020 1152 2020 1155 2021 1149 2021 1151 2021 1155 2022 1246 2022 1149 2022 1155 2023 1154 2023 1156 2023 1248 2024 1155 2024 1156 2024 1248 2025 1246 2025 1155 2025 1153 2026 1086 2026 1160 2026 1153 2027 1071 2027 1086 2027 1158 2028 1248 2028 1156 2028 1158 2029 1156 2029 1076 2029 1072 2030 1086 2030 1145 2030 1072 2031 1075 2031 1086 2031 1249 2032 1157 2032 1159 2032 1250 2033 1249 2033 1159 2033 1081 2034 1159 2034 1079 2034 1081 2035 1251 2035 1159 2035 1252 2036 1082 2036 1162 2036 1252 2037 1083 2037 1082 2037 1164 2038 1252 2038 1162 2038 1253 2039 1164 2039 1163 2039 1253 2040 1163 2040 1166 2040 1255 2041 1166 2041 1165 2041 1256 2042 980 2042 1255 2042 1256 2043 1171 2043 1170 2043 1256 2044 1255 2044 1165 2044 1171 2045 1163 2045 1089 2045 1257 2046 1167 2046 1168 2046 1257 2047 1170 2047 1090 2047 1257 2048 1168 2048 1170 2048 1257 2049 1090 2049 1091 2049 1261 2050 1260 2050 1179 2050 1022 2051 1179 2051 1023 2051 1097 2052 1096 2052 1004 2052 1097 2053 1022 2053 1096 2053 1097 2054 1004 2054 1182 2054 1183 2055 1098 2055 1182 2055 1183 2056 1182 2056 994 2056 1263 2057 1262 2057 1098 2057 1183 2058 1263 2058 1098 2058 1183 2059 1027 2059 1263 2059 1264 2060 1349 2060 1265 2060 1185 2061 1263 2061 1027 2061 1187 2062 1186 2062 1026 2062 1272 2063 1269 2063 1270 2063 1273 2064 1187 2064 1030 2064 1273 2065 1272 2065 1270 2065 1273 2066 1030 2066 1103 2066 1190 2067 1273 2067 1103 2067 1190 2068 1355 2068 1272 2068 1190 2069 1272 2069 1273 2069 1191 2070 1188 2070 1422 2070 1191 2071 1190 2071 1189 2071 1191 2072 1422 2072 1190 2072 1104 2073 1189 2073 1102 2073 1104 2074 1192 2074 1189 2074 853 2075 606 2075 834 2075 853 2076 834 2076 840 2076 1276 2077 1277 2077 1107 2077 1106 2078 1104 2078 1105 2078 1280 2079 1279 2079 1107 2079 1361 2080 1196 2080 1197 2080 1282 2081 1197 2081 1196 2081 1282 2082 1196 2082 1198 2082 1363 2083 1199 2083 1200 2083 1203 2084 1202 2084 1038 2084 1204 2085 1203 2085 1038 2085 874 2086 1206 2086 1284 2086 874 2087 1204 2087 1206 2087 878 2088 877 2088 1284 2088 1206 2089 1204 2089 1205 2089 1285 2090 1206 2090 1205 2090 1290 2091 1286 2091 1208 2091 1290 2092 1208 2092 1288 2092 1289 2093 1207 2093 1111 2093 886 2094 1288 2094 1209 2094 1113 2095 1111 2095 1110 2095 1113 2096 1112 2096 1111 2096 1293 2097 1209 2097 1044 2097 1293 2098 1044 2098 1115 2098 893 2099 1374 2099 1210 2099 1115 2100 1210 2100 1293 2100 1294 2101 1210 2101 1115 2101 1294 2102 893 2102 1210 2102 1294 2103 1115 2103 896 2103 1295 2104 1117 2104 1211 2104 1296 2105 1120 2105 1119 2105 1214 2106 1212 2106 1123 2106 1051 2107 1127 2107 1052 2107 1051 2108 1126 2108 1127 2108 1218 2109 1128 2109 1126 2109 1218 2110 1126 2110 1054 2110 1385 2111 908 2111 1463 2111 1301 2112 1059 2112 911 2112 1301 2113 1132 2113 1059 2113 1301 2114 1220 2114 1132 2114 1224 2115 1223 2115 1305 2115 1388 2116 1224 2116 1305 2116 1058 2117 1225 2117 1223 2117 1058 2118 1060 2118 1225 2118 1058 2119 1223 2119 1222 2119 1304 2120 1225 2120 1306 2120 923 2121 921 2121 1133 2121 1226 2122 1306 2122 1225 2122 1227 2123 1306 2123 1226 2123 1227 2124 1226 2124 1136 2124 1307 2125 1134 2125 1136 2125 1307 2126 1137 2126 1134 2126 1307 2127 1136 2127 1137 2127 1309 2128 1308 2128 1228 2128 1229 2129 1065 2129 1067 2129 1229 2130 1067 2130 1231 2130 1232 2131 1390 2131 1233 2131 938 2132 853 2132 884 2132 938 2133 48 2133 606 2133 938 2134 606 2134 853 2134 1068 2135 1234 2135 1235 2135 1312 2136 1235 2136 1237 2136 1314 2137 1236 2137 1139 2137 1314 2138 1139 2138 1237 2138 1138 2139 1070 2139 1238 2139 1138 2140 1238 2140 1237 2140 1238 2141 1240 2141 1239 2141 1315 2142 959 2142 958 2142 1315 2143 1240 2143 959 2143 1143 2144 959 2144 1240 2144 1320 2145 1319 2145 1243 2145 1320 2146 1243 2146 1144 2146 1321 2147 1320 2147 1245 2147 1321 2148 1319 2148 1320 2148 964 2149 1321 2149 1245 2149 1147 2150 1245 2150 1320 2150 970 2151 967 2151 1244 2151 970 2152 1244 2152 1149 2152 1147 2153 1148 2153 1150 2153 1147 2154 1152 2154 1148 2154 1247 2155 1246 2155 1248 2155 971 2156 1247 2156 1248 2156 971 2157 972 2157 1247 2157 1250 2158 971 2158 1249 2158 1164 2159 1083 2159 1252 2159 1166 2160 1328 2160 1254 2160 1166 2161 1254 2161 1253 2161 980 2162 979 2162 1255 2162 1329 2163 1171 2163 1256 2163 1329 2164 1165 2164 1163 2164 1329 2165 1163 2165 1171 2165 1329 2166 1256 2166 1165 2166 983 2167 48 2167 938 2167 983 2168 938 2168 1330 2168 1169 2169 1334 2169 1167 2169 1091 2170 1167 2170 1257 2170 987 2171 1169 2171 1091 2171 1336 2172 1172 2172 1176 2172 1338 2173 1339 2173 1258 2173 1338 2174 1258 2174 1178 2174 1338 2175 1178 2175 1340 2175 1341 2176 1339 2176 1338 2176 1178 2177 821 2177 1340 2177 991 2178 48 2178 983 2178 991 2179 983 2179 1453 2179 1343 2180 1340 2180 820 2180 1179 2181 1260 2181 1095 2181 1179 2182 1095 2182 1023 2182 1345 2183 834 2183 606 2183 1181 2184 1179 2184 1022 2184 1181 2185 1022 2185 1097 2185 1181 2186 1180 2186 1179 2186 1263 2187 1185 2187 1349 2187 1263 2188 1349 2188 1262 2188 1265 2189 1349 2189 1185 2189 1266 2190 1185 2190 1184 2190 1266 2191 1265 2191 1185 2191 1351 2192 1266 2192 1184 2192 839 2193 1267 2193 1352 2193 1268 2194 1351 2194 1184 2194 1352 2195 1353 2195 841 2195 1268 2196 1352 2196 1351 2196 1354 2197 1352 2197 1268 2197 1354 2198 1268 2198 1269 2198 1271 2199 1354 2199 1269 2199 1270 2200 1186 2200 1187 2200 1270 2201 1269 2201 1268 2201 1270 2202 1268 2202 1186 2202 1273 2203 1270 2203 1187 2203 1191 2204 1193 2204 1358 2204 847 2205 840 2205 1357 2205 847 2206 853 2206 840 2206 851 2207 848 2207 1358 2207 1193 2208 1191 2208 1189 2208 1193 2209 1277 2209 1275 2209 1193 2210 1192 2210 1277 2210 850 2211 853 2211 847 2211 1278 2212 1277 2212 1276 2212 1107 2213 1277 2213 1192 2213 1107 2214 1192 2214 1104 2214 1107 2215 1104 2215 1106 2215 1276 2216 1107 2216 1279 2216 1279 2217 1280 2217 1424 2217 1280 2218 1107 2218 1106 2218 1280 2219 1106 2219 1194 2219 1280 2220 1194 2220 1361 2220 1197 2221 1280 2221 1361 2221 862 2222 884 2222 853 2222 862 2223 872 2223 884 2223 864 2224 1424 2224 1197 2224 864 2225 1282 2225 865 2225 864 2226 1197 2226 1282 2226 1194 2227 1195 2227 1036 2227 1194 2228 1196 2228 1361 2228 1194 2229 1036 2229 1196 2229 1282 2230 1362 2230 1281 2230 1458 2231 1282 2231 1198 2231 1458 2232 1362 2232 1282 2232 1200 2233 1108 2233 1202 2233 1365 2234 1200 2234 1202 2234 1366 2235 1365 2235 1202 2235 1366 2236 1367 2236 1426 2236 1366 2237 1202 2237 1203 2237 1204 2238 874 2238 1366 2238 1204 2239 1366 2239 1203 2239 877 2240 873 2240 1284 2240 878 2241 1284 2241 1206 2241 1206 2242 881 2242 878 2242 1206 2243 1285 2243 881 2243 1208 2244 1286 2244 881 2244 1208 2245 881 2245 1285 2245 880 2246 1287 2246 1368 2246 1287 2247 1286 2247 1290 2247 1289 2248 1288 2248 1208 2248 1289 2249 1208 2249 1207 2249 1288 2250 1291 2250 1290 2250 886 2251 1291 2251 1288 2251 886 2252 1209 2252 1370 2252 1371 2253 886 2253 1370 2253 1292 2254 1209 2254 1293 2254 1210 2255 1373 2255 1293 2255 1294 2256 894 2256 893 2256 895 2257 896 2257 1295 2257 1117 2258 1295 2258 896 2258 1120 2259 1211 2259 1117 2259 1296 2260 1119 2260 1121 2260 900 2261 905 2261 892 2261 900 2262 892 2262 1378 2262 1297 2263 902 2263 1216 2263 1297 2264 1216 2264 1217 2264 1379 2265 1128 2265 1218 2265 1379 2266 1298 2266 1128 2266 1381 2267 1379 2267 1218 2267 1381 2268 1382 2268 1379 2268 1381 2269 1219 2269 1299 2269 1381 2270 1131 2270 1219 2270 1383 2271 1384 2271 1300 2271 1383 2272 1300 2272 1299 2272 1384 2273 906 2273 1300 2273 1385 2274 1130 2274 1220 2274 1385 2275 1220 2275 908 2275 1301 2276 908 2276 1220 2276 1301 2277 911 2277 908 2277 914 2278 1303 2278 1302 2278 914 2279 1222 2279 1303 2279 917 2280 884 2280 905 2280 917 2281 938 2281 884 2281 1303 2282 1222 2282 1224 2282 1303 2283 1224 2283 1387 2283 1223 2284 1224 2284 1222 2284 1305 2285 1225 2285 1304 2285 1304 2286 921 2286 1305 2286 921 2287 1304 2287 1306 2287 924 2288 923 2288 1133 2288 1306 2289 1227 2289 1133 2289 1308 2290 1135 2290 1134 2290 1308 2291 924 2291 1135 2291 1308 2292 1134 2292 1228 2292 1228 2293 1137 2293 1309 2293 1309 2294 1230 2294 1310 2294 1231 2295 1311 2295 1229 2295 1231 2296 932 2296 1311 2296 1233 2297 933 2297 932 2297 1232 2298 1068 2298 1391 2298 1390 2299 1232 2299 1391 2299 1391 2300 1438 2300 1390 2300 1235 2301 1391 2301 1068 2301 1313 2302 942 2302 1235 2302 1313 2303 1235 2303 1312 2303 1312 2304 1237 2304 1139 2304 1439 2305 1236 2305 1464 2305 948 2306 1392 2306 1330 2306 948 2307 1330 2307 938 2307 1239 2308 1314 2308 1237 2308 1239 2309 1237 2309 1238 2309 1315 2310 1239 2310 1240 2310 1393 2311 1315 2311 958 2311 1394 2312 1143 2312 1241 2312 1394 2313 959 2313 1143 2313 1394 2314 1316 2314 959 2314 1394 2315 1241 2315 1242 2315 1242 2316 1142 2316 1243 2316 1242 2317 1243 2317 1318 2317 1318 2318 1243 2318 1319 2318 1144 2319 1147 2319 1320 2319 1397 2320 964 2320 1322 2320 1322 2321 964 2321 1245 2321 1322 2322 967 2322 1397 2322 1245 2323 1150 2323 1244 2323 1245 2324 1147 2324 1150 2324 1398 2325 971 2325 1250 2325 1398 2326 1250 2326 1445 2326 1084 2327 1251 2327 1081 2327 1084 2328 1083 2328 1324 2328 1325 2329 1399 2329 1324 2329 1327 2330 1450 2330 1326 2330 977 2331 983 2331 1330 2331 977 2332 1330 2332 1448 2332 1328 2333 1402 2333 976 2333 1254 2334 1328 2334 1327 2334 1254 2335 1327 2335 1253 2335 1328 2336 1255 2336 979 2336 1328 2337 1166 2337 1255 2337 981 2338 983 2338 977 2338 980 2339 1403 2339 978 2339 980 2340 1404 2340 1403 2340 1331 2341 1404 2341 980 2341 1168 2342 980 2342 1256 2342 1168 2343 1256 2343 1170 2343 1168 2344 1331 2344 980 2344 1168 2345 1167 2345 1331 2345 1404 2346 1331 2346 1167 2346 1404 2347 1167 2347 1334 2347 1333 2348 1332 2348 1405 2348 1405 2349 1332 2349 1334 2349 1169 2350 1167 2350 1091 2350 987 2351 1173 2351 986 2351 1407 2352 1406 2352 1173 2352 1173 2353 1172 2353 1335 2353 1258 2354 1409 2354 1336 2354 1337 2355 1454 2355 1258 2355 989 2356 991 2356 1453 2356 989 2357 1453 2357 1454 2357 1337 2358 1258 2358 1339 2358 1338 2359 1340 2359 1341 2359 1259 2360 1341 2360 1340 2360 1342 2361 1455 2361 991 2361 1259 2362 1340 2362 1343 2362 1411 2363 1342 2363 1343 2363 1343 2364 820 2364 819 2364 1412 2365 1343 2365 819 2365 1412 2366 1411 2366 1343 2366 1412 2367 1455 2367 1411 2367 992 2368 48 2368 991 2368 992 2369 991 2369 1455 2369 1413 2370 1260 2370 1344 2370 1456 2371 834 2371 1345 2371 1348 2372 1346 2372 1262 2372 1347 2373 834 2373 1417 2373 1347 2374 1417 2374 1418 2374 1098 2375 1262 2375 1181 2375 833 2376 1347 2376 1348 2376 833 2377 834 2377 1347 2377 1349 2378 1348 2378 1262 2378 835 2379 833 2379 837 2379 1264 2380 1348 2380 1349 2380 1264 2381 837 2381 833 2381 1264 2382 833 2382 1348 2382 1267 2383 1266 2383 1351 2383 1268 2384 1184 2384 1186 2384 839 2385 838 2385 1350 2385 839 2386 840 2386 838 2386 1351 2387 1352 2387 1267 2387 1353 2388 843 2388 1420 2388 842 2389 1357 2389 840 2389 842 2390 840 2390 1420 2390 1354 2391 1353 2391 1352 2391 1354 2392 843 2392 1353 2392 1354 2393 1271 2393 843 2393 846 2394 1357 2394 1356 2394 1274 2395 847 2395 1357 2395 1358 2396 1188 2396 1191 2396 849 2397 848 2397 851 2397 849 2398 850 2398 847 2398 1275 2399 1358 2399 1193 2399 851 2400 1275 2400 1359 2400 850 2401 1423 2401 852 2401 1423 2402 1359 2402 1360 2402 1359 2403 1277 2403 1278 2403 855 2404 1360 2404 1278 2404 1278 2405 1276 2405 855 2405 1279 2406 855 2406 1276 2406 1424 2407 1280 2407 1197 2407 867 2408 1281 2408 1362 2408 867 2409 1458 2409 868 2409 1364 2410 1458 2410 1363 2410 1198 2411 1040 2411 1199 2411 869 2412 870 2412 1283 2412 1283 2413 870 2413 1364 2413 1283 2414 1364 2414 1201 2414 1200 2415 1201 2415 1364 2415 1200 2416 1364 2416 1363 2416 872 2417 871 2417 876 2417 1201 2418 1200 2418 1365 2418 1426 2419 1283 2419 1201 2419 1427 2420 871 2420 1283 2420 1427 2421 1283 2421 1426 2421 1426 2422 1201 2422 1365 2422 1367 2423 1366 2423 874 2423 877 2424 878 2424 875 2424 1286 2425 882 2425 881 2425 880 2426 883 2426 1286 2426 1428 2427 884 2427 880 2427 1428 2428 880 2428 1368 2428 1428 2429 1369 2429 1291 2429 1291 2430 1369 2430 1290 2430 1459 2431 884 2431 885 2431 887 2432 884 2432 1459 2432 886 2433 1371 2433 1459 2433 1372 2434 889 2434 1292 2434 890 2435 905 2435 884 2435 890 2436 892 2436 905 2436 1293 2437 1373 2437 1292 2437 1374 2438 1429 2438 1373 2438 1374 2439 1373 2439 1210 2439 892 2440 1430 2440 1378 2440 1376 2441 1431 2441 1211 2441 1376 2442 1211 2442 1120 2442 1296 2443 1376 2443 1120 2443 1296 2444 1432 2444 1376 2444 897 2445 1378 2445 1377 2445 1213 2446 1432 2446 1296 2446 899 2447 1213 2447 1212 2447 1298 2448 1125 2448 1128 2448 1433 2449 1380 2449 904 2449 1380 2450 1298 2450 1379 2450 1380 2451 1433 2451 1298 2451 906 2452 1384 2452 905 2452 1380 2453 1434 2453 904 2453 1380 2454 1379 2454 1382 2454 906 2455 1435 2455 1300 2455 1381 2456 1218 2456 1131 2456 1299 2457 1300 2457 1435 2457 1219 2458 1383 2458 1299 2458 1385 2459 1219 2459 1130 2459 1385 2460 1383 2460 1219 2460 909 2461 905 2461 1384 2461 909 2462 917 2462 905 2462 1224 2463 916 2463 1387 2463 1436 2464 1224 2464 1388 2464 923 2465 920 2465 921 2465 1133 2466 921 2466 1306 2466 1437 2467 925 2467 922 2467 1437 2468 922 2468 1389 2468 1309 2469 1389 2469 1308 2469 1230 2470 1309 2470 1137 2470 932 2471 929 2471 926 2471 1311 2472 932 2472 926 2472 1311 2473 926 2473 1310 2473 929 2474 932 2474 930 2474 930 2475 932 2475 933 2475 932 2476 1231 2476 1233 2476 1233 2477 1390 2477 933 2477 1391 2478 942 2478 1438 2478 941 2479 1438 2479 942 2479 942 2480 1391 2480 1235 2480 1139 2481 1313 2481 1312 2481 1139 2482 947 2482 1313 2482 1440 2483 1314 2483 1239 2483 1440 2484 1236 2484 1314 2484 1393 2485 1239 2485 1315 2485 1393 2486 1440 2486 1239 2486 1393 2487 952 2487 1440 2487 1393 2488 958 2488 955 2488 958 2489 1316 2489 955 2489 958 2490 959 2490 1316 2490 1442 2491 1317 2491 1443 2491 1318 2492 1394 2492 1242 2492 961 2493 960 2493 1395 2493 1321 2494 962 2494 1319 2494 1397 2495 963 2495 964 2495 1397 2496 965 2496 963 2496 1323 2497 972 2497 1444 2497 1323 2498 1247 2498 972 2498 973 2499 1330 2499 1465 2499 1398 2500 972 2500 971 2500 1248 2501 1158 2501 1157 2501 1248 2502 1157 2502 1249 2502 974 2503 1400 2503 1448 2503 974 2504 1330 2504 1466 2504 974 2505 1448 2505 1330 2505 1251 2506 1445 2506 1250 2506 1251 2507 1446 2507 1445 2507 1251 2508 1250 2508 1159 2508 1446 2509 1251 2509 1084 2509 1399 2510 1446 2510 1084 2510 1081 2511 1078 2511 1084 2511 1400 2512 1399 2512 1447 2512 1447 2513 1448 2513 1400 2513 1325 2514 1447 2514 1399 2514 1326 2515 1325 2515 1324 2515 975 2516 977 2516 1448 2516 1450 2517 1327 2517 1401 2517 976 2518 975 2518 1401 2518 1326 2519 1164 2519 1253 2519 1326 2520 1253 2520 1327 2520 1401 2521 1328 2521 976 2521 1401 2522 1327 2522 1328 2522 976 2523 1402 2523 1451 2523 977 2524 1451 2524 981 2524 979 2525 1402 2525 1328 2525 1402 2526 978 2526 1451 2526 1402 2527 979 2527 978 2527 1452 2528 981 2528 1403 2528 1452 2529 1403 2529 1404 2529 1452 2530 1404 2530 1332 2530 982 2531 1452 2531 1333 2531 1332 2532 1333 2532 1452 2532 1332 2533 1404 2533 1334 2533 985 2534 982 2534 1333 2534 985 2535 1406 2535 1453 2535 985 2536 983 2536 982 2536 985 2537 1453 2537 983 2537 1454 2538 1408 2538 1258 2538 1336 2539 1178 2539 1258 2539 989 2540 1454 2540 1337 2540 1339 2541 1410 2541 1337 2541 1410 2542 991 2542 989 2542 1339 2543 1341 2543 1410 2543 1341 2544 1259 2544 1410 2544 1342 2545 991 2545 1410 2545 1342 2546 1410 2546 1259 2546 1411 2547 1455 2547 1342 2547 1412 2548 992 2548 1455 2548 1412 2549 819 2549 46 2549 992 2550 1412 2550 46 2550 1345 2551 1260 2551 1261 2551 1180 2552 1261 2552 1179 2552 1416 2553 1456 2553 1414 2553 1346 2554 1416 2554 1415 2554 1418 2555 1346 2555 1348 2555 836 2556 838 2556 840 2556 836 2557 840 2557 834 2557 836 2558 834 2558 833 2558 836 2559 833 2559 835 2559 836 2560 837 2560 838 2560 1419 2561 837 2561 1264 2561 1419 2562 1264 2562 1265 2562 1419 2563 838 2563 837 2563 841 2564 839 2564 1352 2564 840 2565 839 2565 841 2565 841 2566 1353 2566 1420 2566 844 2567 843 2567 1271 2567 844 2568 1271 2568 1421 2568 1355 2569 1269 2569 1272 2569 1355 2570 1421 2570 1271 2570 1355 2571 1271 2571 1269 2571 845 2572 1421 2572 1356 2572 845 2573 1356 2573 1357 2573 1357 2574 842 2574 845 2574 1356 2575 1457 2575 846 2575 1356 2576 1422 2576 1457 2576 1457 2577 1274 2577 1357 2577 1422 2578 1355 2578 1190 2578 1188 2579 1274 2579 1457 2579 1188 2580 1457 2580 1422 2580 848 2581 1188 2581 1358 2581 848 2582 1274 2582 1188 2582 849 2583 847 2583 848 2583 851 2584 1358 2584 1275 2584 1360 2585 852 2585 1423 2585 1360 2586 1359 2586 1278 2586 852 2587 853 2587 850 2587 1360 2588 855 2588 852 2588 852 2589 855 2589 854 2589 1279 2590 859 2590 857 2590 1424 2591 865 2591 859 2591 860 2592 856 2592 858 2592 863 2593 861 2593 1425 2593 1281 2594 1425 2594 861 2594 1281 2595 861 2595 865 2595 867 2596 1425 2596 1281 2596 1362 2597 1458 2597 867 2597 868 2598 870 2598 867 2598 869 2599 866 2599 870 2599 869 2600 872 2600 866 2600 870 2601 868 2601 1364 2601 1458 2602 1198 2602 1199 2602 1458 2603 1199 2603 1363 2603 1426 2604 876 2604 1427 2604 1426 2605 1365 2605 1366 2605 876 2606 1426 2606 1367 2606 1367 2607 873 2607 876 2607 875 2608 872 2608 876 2608 875 2609 880 2609 884 2609 875 2610 884 2610 872 2610 883 2611 882 2611 1286 2611 1287 2612 1290 2612 1368 2612 1368 2613 1369 2613 1428 2613 1369 2614 1368 2614 1290 2614 1428 2615 885 2615 884 2615 1428 2616 1291 2616 885 2616 885 2617 886 2617 1459 2617 887 2618 890 2618 884 2618 887 2619 1459 2619 890 2619 1371 2620 890 2620 1459 2620 889 2621 1371 2621 1370 2621 1370 2622 1209 2622 1292 2622 1370 2623 1292 2623 889 2623 889 2624 1372 2624 888 2624 888 2625 1372 2625 891 2625 1429 2626 1372 2626 1292 2626 1429 2627 1292 2627 1373 2627 892 2628 891 2628 1460 2628 1375 2629 1374 2629 893 2629 1460 2630 1375 2630 893 2630 894 2631 892 2631 1460 2631 894 2632 1430 2632 892 2632 895 2633 1430 2633 894 2633 1295 2634 1430 2634 895 2634 1211 2635 1430 2635 1295 2635 1431 2636 1378 2636 1430 2636 1377 2637 1431 2637 1376 2637 1377 2638 1376 2638 1432 2638 897 2639 1377 2639 1432 2639 1296 2640 1121 2640 1213 2640 898 2641 897 2641 899 2641 898 2642 1378 2642 897 2642 898 2643 900 2643 1378 2643 899 2644 1212 2644 1214 2644 898 2645 1461 2645 901 2645 900 2646 898 2646 901 2646 1216 2647 1461 2647 1214 2647 1216 2648 901 2648 1461 2648 1216 2649 902 2649 901 2649 1216 2650 1214 2650 1127 2650 903 2651 1462 2651 1297 2651 903 2652 900 2652 1462 2652 1217 2653 1433 2653 903 2653 1217 2654 1125 2654 1298 2654 1217 2655 1298 2655 1433 2655 905 2656 904 2656 906 2656 906 2657 904 2657 1434 2657 906 2658 1382 2658 1435 2658 1435 2659 1382 2659 1381 2659 1435 2660 1381 2660 1299 2660 1463 2661 1384 2661 1383 2661 1463 2662 1383 2662 1385 2662 1386 2663 915 2663 912 2663 915 2664 1386 2664 1387 2664 916 2665 1224 2665 1436 2665 918 2666 917 2666 1436 2666 919 2667 1436 2667 1388 2667 919 2668 921 2668 920 2668 1437 2669 1389 2669 1309 2669 1437 2670 1309 2670 1310 2670 925 2671 938 2671 917 2671 925 2672 917 2672 922 2672 1230 2673 1229 2673 1311 2673 1230 2674 1311 2674 1310 2674 935 2675 938 2675 925 2675 935 2676 925 2676 931 2676 933 2677 936 2677 935 2677 933 2678 1390 2678 936 2678 937 2679 935 2679 1438 2679 936 2680 1438 2680 935 2680 936 2681 1390 2681 1438 2681 939 2682 937 2682 1438 2682 943 2683 946 2683 948 2683 943 2684 948 2684 938 2684 943 2685 938 2685 940 2685 947 2686 942 2686 1313 2686 946 2687 945 2687 1439 2687 1236 2688 1439 2688 947 2688 1236 2689 947 2689 1139 2689 1464 2690 946 2690 1439 2690 949 2691 1464 2691 1236 2691 1440 2692 949 2692 1236 2692 1440 2693 951 2693 949 2693 952 2694 951 2694 1440 2694 953 2695 1392 2695 948 2695 953 2696 948 2696 950 2696 953 2697 957 2697 1392 2697 955 2698 952 2698 1393 2698 955 2699 954 2699 952 2699 955 2700 956 2700 954 2700 957 2701 955 2701 1316 2701 1442 2702 957 2702 1316 2702 1441 2703 957 2703 1442 2703 1316 2704 1317 2704 1442 2704 1316 2705 1394 2705 1317 2705 1443 2706 960 2706 1392 2706 1443 2707 1392 2707 1441 2707 1317 2708 960 2708 1443 2708 1317 2709 1318 2709 1395 2709 1317 2710 1395 2710 960 2710 1395 2711 1318 2711 961 2711 962 2712 961 2712 1318 2712 962 2713 1318 2713 1319 2713 962 2714 1396 2714 961 2714 966 2715 1465 2715 1330 2715 966 2716 1330 2716 1392 2716 966 2717 1392 2717 960 2717 966 2718 960 2718 961 2718 966 2719 968 2719 1465 2719 970 2720 1149 2720 1247 2720 970 2721 1247 2721 969 2721 1323 2722 969 2722 1247 2722 1323 2723 968 2723 969 2723 1444 2724 968 2724 1323 2724 1465 2725 968 2725 1444 2725 972 2726 1465 2726 1444 2726 974 2727 1466 2727 1445 2727 1400 2728 1446 2728 1399 2728 1084 2729 1324 2729 1399 2729 1450 2730 1447 2730 1325 2730 1450 2731 1448 2731 1447 2731 1450 2732 1325 2732 1326 2732 1324 2733 1164 2733 1326 2733 1324 2734 1083 2734 1164 2734 1449 2735 1448 2735 1450 2735 975 2736 1448 2736 1449 2736 977 2737 976 2737 1451 2737 1452 2738 982 2738 981 2738 982 2739 983 2739 981 2739 1334 2740 987 2740 1405 2740 1334 2741 1169 2741 987 2741 1406 2742 985 2742 986 2742 986 2743 1173 2743 1406 2743 988 2744 1091 2744 1094 2744 1407 2745 1173 2745 1335 2745 1406 2746 1407 2746 1453 2746 1409 2747 1453 2747 1407 2747 1409 2748 1407 2748 1335 2748 1409 2749 1408 2749 1453 2749 1453 2750 1408 2750 1454 2750 1409 2751 1258 2751 1408 2751 989 2752 1337 2752 1410 2752 1259 2753 1343 2753 1342 2753 1414 2754 1345 2754 1261 2754 1261 2755 1415 2755 1414 2755 1261 2756 1180 2756 1415 2756 1416 2757 1414 2757 1415 2757 1417 2758 1346 2758 1418 2758 1347 2759 1418 2759 1348 2759 837 2760 836 2760 835 2760 1267 2761 1265 2761 1266 2761 1267 2762 1419 2762 1265 2762 1350 2763 838 2763 1419 2763 1350 2764 1419 2764 1267 2764 1350 2765 1267 2765 839 2765 845 2766 842 2766 844 2766 845 2767 844 2767 1421 2767 1422 2768 1356 2768 1421 2768 1422 2769 1421 2769 1355 2769 1457 2770 1357 2770 846 2770 847 2771 1274 2771 848 2771 1359 2772 1423 2772 851 2772 1277 2773 1359 2773 1275 2773 854 2774 856 2774 862 2774 854 2775 862 2775 853 2775 854 2776 853 2776 852 2776 857 2777 855 2777 1279 2777 859 2778 1279 2778 1424 2778 857 2779 858 2779 856 2779 857 2780 859 2780 858 2780 860 2781 862 2781 856 2781 863 2782 860 2782 861 2782 866 2783 872 2783 862 2783 1281 2784 865 2784 1282 2784 866 2785 1425 2785 867 2785 869 2786 871 2786 872 2786 869 2787 1283 2787 871 2787 876 2788 871 2788 1427 2788 880 2789 1286 2789 1287 2789 890 2790 888 2790 892 2790 1372 2791 1429 2791 891 2791 891 2792 892 2792 888 2792 891 2793 1429 2793 1375 2793 891 2794 1375 2794 1460 2794 1374 2795 1375 2795 1429 2795 1431 2796 1430 2796 1211 2796 1431 2797 1377 2797 1378 2797 899 2798 1432 2798 1213 2798 899 2799 897 2799 1432 2799 1461 2800 899 2800 1214 2800 1461 2801 898 2801 899 2801 900 2802 901 2802 1462 2802 1462 2803 902 2803 1297 2803 905 2804 900 2804 903 2804 1382 2805 1434 2805 1380 2805 1463 2806 907 2806 1384 2806 908 2807 907 2807 1463 2807 907 2808 908 2808 910 2808 909 2809 1384 2809 907 2809 909 2810 913 2810 912 2810 1221 2811 913 2811 910 2811 912 2812 913 2812 1221 2812 912 2813 1302 2813 1386 2813 1302 2814 1303 2814 1386 2814 915 2815 909 2815 912 2815 916 2816 915 2816 1387 2816 1386 2817 1303 2817 1387 2817 917 2818 916 2818 1436 2818 918 2819 922 2819 917 2819 918 2820 920 2820 922 2820 918 2821 1436 2821 919 2821 921 2822 919 2822 1388 2822 921 2823 1388 2823 1305 2823 920 2824 918 2824 919 2824 922 2825 920 2825 923 2825 928 2826 931 2826 925 2826 934 2827 931 2827 933 2827 934 2828 935 2828 931 2828 934 2829 933 2829 935 2829 947 2830 941 2830 942 2830 944 2831 940 2831 941 2831 947 2832 944 2832 941 2832 945 2833 944 2833 947 2833 946 2834 1464 2834 949 2834 950 2835 948 2835 949 2835 950 2836 949 2836 951 2836 951 2837 953 2837 950 2837 953 2838 954 2838 956 2838 953 2839 956 2839 957 2839 956 2840 955 2840 957 2840 1441 2841 1392 2841 957 2841 1441 2842 1442 2842 1443 2842 1317 2843 1394 2843 1318 2843 1396 2844 962 2844 1321 2844 963 2845 961 2845 1396 2845 966 2846 969 2846 968 2846 972 2847 973 2847 1465 2847 971 2848 1248 2848 1249 2848 972 2849 1398 2849 973 2849 973 2850 1466 2850 1330 2850 1466 2851 1398 2851 1445 2851 1445 2852 1446 2852 974 2852 974 2853 1446 2853 1400 2853 1401 2854 1449 2854 1450 2854 1401 2855 975 2855 1449 2855 975 2856 976 2856 977 2856 981 2857 1451 2857 978 2857 981 2858 978 2858 1403 2858 985 2859 1333 2859 1405 2859 986 2860 985 2860 1405 2860 986 2861 1405 2861 987 2861 988 2862 987 2862 1091 2862 988 2863 1173 2863 987 2863 1409 2864 1335 2864 1172 2864 1409 2865 1172 2865 1336 2865 1344 2866 606 2866 1413 2866 1344 2867 1345 2867 606 2867 1345 2868 1344 2868 1260 2868 1345 2869 1414 2869 1456 2869 1416 2870 1417 2870 834 2870 1416 2871 834 2871 1456 2871 1416 2872 1346 2872 1417 2872 1180 2873 1346 2873 1415 2873 1180 2874 1262 2874 1346 2874 1180 2875 1181 2875 1262 2875 34 2876 33 2876 797 2876 33 2877 1467 2877 797 2877 797 2878 1467 2878 800 2878 1467 2879 1468 2879 800 2879 800 2880 1468 2880 802 2880 1468 2881 1469 2881 802 2881 802 2882 1470 2882 805 2882 1469 2883 1470 2883 802 2883 1470 2884 1471 2884 805 2884 805 2885 1471 2885 811 2885 1471 2886 1472 2886 811 2886 811 2887 1472 2887 816 2887 1472 2888 1473 2888 816 2888 816 2889 1473 2889 814 2889 1473 2890 1474 2890 814 2890 814 2891 1474 2891 810 2891 1474 2892 1475 2892 810 2892 810 2893 1475 2893 17 2893 52 2894 29 2894 55 2894 52 2895 31 2895 29 2895 55 2896 29 2896 27 2896 56 2897 55 2897 27 2897 56 2898 27 2898 25 2898 52 2899 33 2899 31 2899 51 2900 33 2900 52 2900 58 2901 56 2901 25 2901 58 2902 25 2902 23 2902 781 2903 33 2903 51 2903 781 2904 1467 2904 33 2904 60 2905 58 2905 23 2905 60 2906 23 2906 21 2906 779 2907 1467 2907 781 2907 779 2908 1468 2908 1467 2908 62 2909 60 2909 21 2909 19 2910 62 2910 21 2910 1469 2911 1468 2911 779 2911 16 2912 63 2912 62 2912 16 2913 62 2913 19 2913 1469 2914 779 2914 777 2914 1470 2915 1469 2915 777 2915 1471 2916 1470 2916 777 2916 1475 2917 65 2917 63 2917 1475 2918 63 2918 16 2918 1471 2919 777 2919 775 2919 1474 2920 65 2920 1475 2920 1472 2921 1471 2921 775 2921 1474 2922 773 2922 65 2922 1473 2923 773 2923 1474 2923 1473 2924 1472 2924 775 2924 1473 2925 775 2925 773 2925 14 2926 15 2926 764 2926 15 2927 1476 2927 764 2927 764 2928 1476 2928 770 2928 1476 2929 1477 2929 770 2929 1477 2930 1478 2930 770 2930 770 2931 1478 2931 768 2931 768 2932 1479 2932 763 2932 1478 2933 1479 2933 768 2933 763 2934 1479 2934 759 2934 1479 2935 1480 2935 759 2935 759 2936 1481 2936 756 2936 1480 2937 1481 2937 759 2937 1481 2938 1482 2938 756 2938 756 2939 1482 2939 754 2939 754 2940 1482 2940 750 2940 1482 2941 1483 2941 750 2941 750 2942 1483 2942 1 2942 1483 2943 0 2943 1 2943 61 2944 11 2944 9 2944 59 2945 61 2945 9 2945 61 2946 13 2946 11 2946 64 2947 13 2947 61 2947 59 2948 9 2948 7 2948 57 2949 59 2949 7 2949 64 2950 15 2950 13 2950 66 2951 15 2951 64 2951 57 2952 7 2952 5 2952 66 2953 1476 2953 15 2953 54 2954 57 2954 5 2954 66 2955 1477 2955 1476 2955 54 2956 5 2956 3 2956 774 2957 1477 2957 66 2957 1478 2958 1477 2958 774 2958 3 2959 53 2959 54 2959 0 2960 53 2960 3 2960 0 2961 782 2961 53 2961 1479 2962 1478 2962 774 2962 1479 2963 774 2963 776 2963 1483 2964 782 2964 0 2964 1480 2965 1479 2965 776 2965 1480 2966 776 2966 778 2966 1482 2967 782 2967 1483 2967 1482 2968 780 2968 782 2968 1481 2969 1480 2969 778 2969 1481 2970 778 2970 780 2970 1481 2971 780 2971 1482 2971</p>
        </triangles>
      </mesh>
    </geometry>
  </library_geometries>
  <library_visual_scenes>
    <visual_scene id="Scene" name="Scene">
      <node id="MainBlade" name="MainBlade" type="NODE">
        <matrix sid="transform">0.9959069 3.95083e-9 0.09038436 0.03752831 0.09038436 -4.35325e-8 -0.9959069 1.53798e-4 0 1 -4.37114e-8 -0.1233512 0 0 0 1</matrix>
        <instance_geometry url="#Part__Feature017_001-mesh" name="MainBlade">
          <bind_material>
            <technique_common>
              <instance_material symbol="Part__Feature017_002-material" target="#Part__Feature017_002-material"/>
            </technique_common>
          </bind_material>
        </instance_geometry>
      </node>
    </visual_scene>
  </library_visual_scenes>
  <scene>
    <instance_visual_scene url="#Scene"/>
  </scene>
</COLLADA>