<?xml version="1.0" encoding="utf-8"?>
<COLLADA xmlns="http://www.collada.org/2005/11/COLLADASchema" version="1.4.1" xmlns:xsi="http://www.w3.org/2001/XMLSchema-instance">
  <asset>
    <contributor>
      <author>Blender User</author>
      <authoring_tool>Blender 2.93.6 commit date:2021-11-16, commit time:14:54, hash:c842a90e2fa1</authoring_tool>
    </contributor>
    <created>2025-07-02T18:23:01</created>
    <modified>2025-07-02T18:23:01</modified>
    <unit name="meter" meter="1"/>
    <up_axis>Z_UP</up_axis>
  </asset>
  <library_effects>
    <effect id="Part__Feature116_001-effect">
      <profile_COMMON>
        <technique sid="common">
          <lambert>
            <emission>
              <color sid="emission">0 0 0 1</color>
            </emission>
            <diffuse>
              <color sid="diffuse">0.3686275 0.3686275 0.3686275 1</color>
            </diffuse>
            <index_of_refraction>
              <float sid="ior">1.45</float>
            </index_of_refraction>
          </lambert>
        </technique>
      </profile_COMMON>
    </effect>
  </library_effects>
  <library_images/>
  <library_materials>
    <material id="Part__Feature116_001-material" name="Part__Feature116.001">
      <instance_effect url="#Part__Feature116_001-effect"/>
    </material>
  </library_materials>
  <library_geometries>
    <geometry id="Part__Feature116_001-mesh" name="Part__Feature116.001">
      <mesh>
        <source id="Part__Feature116_001-mesh-positions">
          <float_array id="Part__Feature116_001-mesh-positions-array" count="5598">-9.29332e-4 -0.003521561 8.25071e-4 0.001038312 -0.002606034 0.002598583 6.58276e-4 -0.002408564 0.002882301 -0.001396954 -0.003251791 0.001160323 3.36739e-4 -0.002192616 0.003097116 -0.001768529 -0.002960205 0.001386761 -2.82977e-5 -0.00187993 0.003305971 -0.002160489 -0.002570807 0.001583158 -4.24903e-4 -0.001448869 0.003485441 -0.002481281 -0.002161562 0.001697003 -7.71753e-4 -9.59455e-4 0.003584265 -0.002715051 -0.001804649 0.001749455 -9.84495e-4 -5.85597e-4 0.003606677 -0.002996504 -0.001265943 0.00175631 -0.00117284 -1.86055e-4 0.003591001 -0.0032112 -6.96339e-4 0.00167936 -0.001367986 3.62767e-4 0.003504872 -0.00334239 -1.8388e-4 0.001547098 -0.001479685 8.47124e-4 0.003367483 -0.001823604 9.35405e-4 0.002981841 -0.001543641 0.001351654 0.003170967 -0.003091752 3.0395e-4 0.001728892 -0.00341928 3.99958e-4 0.001322746 -0.001853227 0.001487553 0.002724707 -0.003118634 8.49901e-4 0.001474618 -0.001535475 0.001881837 0.002888023 -0.001823604 0.001867711 0.002497792 -0.003398835 0.001072943 9.53311e-4 -0.001454293 0.002378463 0.002548277 -0.003071308 0.00135833 0.001162827 -0.001757144 0.00222218 0.00224775 -0.001600682 0.0026564 0.001866757 -0.001294016 0.002814948 0.002159416 -0.003251373 0.00167191 4.93167e-4 -0.002931833 0.001869201 7.53779e-4 -0.001069426 0.003183603 0.001740217 -0.001410484 0.002972185 0.00151211 -0.00301218 0.002135813 9.87173e-6 -0.002709329 0.002287566 3.07948e-4 -0.001181602 0.003231048 0.001146316 -7.21543e-4 0.003514111 0.001215517 -0.002414464 0.002619802 -1.64786e-4 -0.002735137 0.002445101 -4.3172e-4 -9.04746e-4 0.003431558 7.58654e-4 -3.65221e-4 0.003695845 7.59463e-4 -0.002500414 0.002614915 -7.58142e-4 -0.002083718 0.002831876 -6.08022e-4 -6.27854e-4 0.003554761 4.10542e-4 -0.002174198 0.002764999 -0.001167237 2.72741e-5 0.003786861 3.1367e-4 -0.001802802 0.002935588 -9.42424e-4 -2.40005e-4 0.003633797 -3.22626e-5 -0.001458168 0.002992331 -0.001314759 -0.001773595 0.002833127 -0.001609504 5.31478e-4 0.003766179 -1.8788e-4 2.17306e-4 0.003605365 -4.92707e-4 -0.001342177 0.002809464 -0.002035498 -0.001029253 0.00296688 -0.001727402 6.70556e-4 0.003476738 -8.97667e-4 9.90146e-4 0.003635764 -5.86216e-4 -5.83474e-4 0.002848088 -0.002108097 -8.94695e-4 0.002682566 -0.002424299 0.001430869 0.003422915 -9.23631e-4 0.001097559 0.003264009 -0.001230597 -4.43621e-4 0.00246632 -0.002770543 -7.5554e-4 4.03546e-4 -0.001384973 0.001093745 0.001371204 4.81747e-4 8.72853e-4 0.001442372 6.69315e-4 -9.34725e-4 4.69306e-4 -0.001237034 -0.00110805 4.85508e-4 -0.001069366 6.52483e-4 0.001416921 9.06349e-4 -0.001327574 4.12288e-4 -8.08416e-4 4.83918e-4 0.001313984 0.001130878 -0.001477301 2.39906e-4 -5.67077e-4 3.74066e-4 0.001146316 0.001329302 -0.001558482 2.9491e-6 -3.61782e-4 3.13752e-4 9.31482e-4 0.001501917 -0.00155878 -2.84827e-4 -2.12376e-4 3.15121e-4 6.94137e-4 0.001623451 3.51668e-4 4.91811e-4 0.001691162 -0.001505851 -5.25974e-4 -1.41233e-4 4.28536e-4 2.75347e-4 0.001725256 -0.001422703 -7.32375e-4 -1.18724e-4 5.60152e-4 3.49375e-5 0.001716077 -0.001282215 -9.68438e-4 -1.392e-4 7.26643e-4 -1.636e-4 0.001649856 -0.001070797 -0.001193344 -2.37409e-4 9.18687e-4 -3.21825e-4 0.001536726 -8.15485e-4 -0.001352667 -4.14291e-4 -0.00359863 0.01678067 -0.006093561 -0.003498852 0.01678198 -0.006254374 -0.003653347 0.01675951 -0.005965232 -0.003700733 0.01680153 -0.005772113 0.00226444 -0.001458823 -0.002772748 0.001984119 -0.002231657 -0.002083539 0.002072274 -0.001784741 -0.002405643 -0.003678977 0.01684975 -0.005918979 -0.00368905 0.0169658 -0.00579226 -0.003661751 0.01708948 -0.005747139 0.002094388 -0.001212656 -0.00272423 -0.003677785 0.0170781 -0.005982756 -0.003628075 0.01735335 -0.00627911 -0.003650009 0.01739418 -0.006211698 0.002043366 -7.35614e-4 -0.002918183 0.002781629 -3.54983e-4 -0.003874242 0.00196135 -3.22384e-4 -0.00304681 -0.003670692 0.01729619 -0.00604397 -0.003544151 0.01747709 -0.006519436 -0.00362569 0.01772338 -0.006422221 -0.003587305 0.01783567 -0.00658828 -0.00364995 0.01761668 -0.006235122 0.001786947 2.38039e-4 -0.003155767 -0.003614008 0.01819247 -0.006556212 -0.003601312 0.01818972 -0.006672441 -0.003484308 0.01849102 -0.007101714 -0.00354427 0.01860153 -0.007022023 -0.003388166 0.01842093 -0.007216811 0.001513123 8.48612e-4 -0.003187954 -0.003579139 0.01855283 -0.006882369 0.003432869 7.68831e-4 -0.00511223 -0.003563821 0.01890391 -0.007044851 -0.003519892 0.01892298 -0.007218778 -0.003452539 0.0190857 -0.007436454 -0.00338149 0.0189507 -0.007487952 -0.003566384 0.01885104 -0.00685358 -0.003557026 0.0190609 -0.007007479 -0.003403127 0.01975113 -0.007841408 -0.003481566 0.01928859 -0.007469892 -0.00353235 0.01945686 -0.007329761 -0.003516972 0.01939809 -0.007410228 0.001174867 0.001399815 -0.003124475 -0.003507435 0.01954728 -0.007501363 -0.003472864 0.01971977 -0.007674098 -0.003527104 0.01954549 -0.00730431 -0.003502726 0.01966828 -0.007257521 -0.003490746 0.01991194 -0.00768578 -0.003415286 0.02018511 -0.00801444 -0.003514528 0.01976954 -0.007461488 -0.003497302 0.02001619 -0.007663965 -0.003445982 0.02024817 -0.007966399 -0.003473818 0.02033215 -0.007878303 -0.003327727 0.02035719 -0.008256673 -0.003458142 0.02047854 -0.008001983 -0.003317892 0.02110898 -0.008630275 -0.003147959 0.02040112 -0.008515357 -0.003410816 0.02072614 -0.008259534 -0.003471493 0.02046722 -0.00785619 -0.003444731 0.02076882 -0.008144557 -0.003444552 0.02087956 -0.008126199 -0.003400444 0.02113252 -0.008454144 -0.003241062 0.0212509 -0.008820593 -0.003390073 0.02128463 -0.008538842 -0.00340873 0.02139073 -0.008349478 -0.003329694 0.02142649 -0.008752524 -0.003413319 0.02132725 -0.008439719 -0.003384351 0.02174568 -0.008703827 -0.003405749 0.02150255 -0.008481085 -0.003352701 0.02172815 -0.008827567 -0.00329566 0.02190816 -0.00904107 -0.003254234 0.02230393 -0.009303987 -0.00318247 0.02211081 -0.009328007 -0.003293156 0.02241599 -0.009269297 -0.00330317 0.02312654 -0.009450912 -0.003343164 0.02233058 -0.009069323 -0.003150761 0.02250665 -0.009569346 -0.003303825 0.02263736 -0.009333372 -0.003241956 0.02267265 -0.009495735 -0.003293573 0.02310454 -0.009524464 -0.003186106 0.02336341 -0.009925007 -0.003270745 0.02316278 -0.009637653 -0.003270864 0.0234605 -0.009735524 -0.00323826 0.02344399 -0.00984472 -0.003234803 0.02390259 -0.01003044 -0.00318861 0.02401459 -0.01020997 -0.003210961 0.02429956 -0.0102542 -0.003219842 0.02442777 -0.01023429 -0.003132224 0.0243386 -0.01047772 -0.003162622 0.02466315 -0.01054835 -0.003130614 0.02489626 -0.01073098 -0.003170788 0.02488464 -0.01060885 -0.003187417 0.02493429 -0.01052999 -0.003181397 0.02501761 -0.01045972 -0.003096759 0.02531558 -0.0109921 -0.003171622 0.02519184 -0.01067399 -0.003141343 0.02542471 -0.01090884 -0.003639221 0.003673791 5.80402e-4 -0.002988219 0.02515411 -0.01110446 -0.002907633 0.0258128 -0.01154118 -0.003133952 0.02582705 -0.01097816 -0.003026723 0.02592504 -0.01140993 -0.003113567 0.02577918 -0.01113748 -0.002936601 0.02629303 -0.01173603 -0.003124356 0.02589982 -0.01111882 -0.003072261 0.02623468 -0.01144057 -0.003116607 0.02609282 -0.01116281 -0.003094851 0.02629852 -0.01137357 -0.003092586 0.02647835 -0.01140004 -0.003080546 0.02664017 -0.01141434 -0.003010928 0.02679067 -0.01183283 -0.002947807 0.02685439 -0.01198709 -0.003062129 0.02660655 -0.01161205 -0.003067731 0.02688902 -0.01160919 -0.003052353 0.02689808 -0.01174962 -0.003004729 0.02714616 -0.01200145 -0.003031373 0.02708607 -0.01155161 -0.003039658 0.02721434 -0.01190328 -0.002585351 0.0271964 -0.01263475 -0.002784073 0.0279197 -0.0127539 -0.002816915 0.02704483 -0.01227742 -0.002889335 0.0277853 -0.01252824 -0.00304985 0.02713477 -0.01170825 -0.003035306 0.0273621 -0.01182955 -0.003029704 0.02742165 -0.01199311 -0.003010749 0.02770346 -0.01216441 -0.002981066 0.02768713 -0.01229017 -0.002954185 0.02739357 -0.01222771 -0.003013193 0.02775031 -0.01210105 -0.002975106 0.02801603 -0.01242744 -0.002999663 0.02795481 -0.01225811 -0.002911925 0.02808892 -0.01263046 -0.002973675 0.028355 -0.01250547 -0.002949774 0.02866423 -0.01255977 -0.002947151 0.02840566 -0.01266956 -0.002892851 0.02845174 -0.012829 -0.002955615 0.02865189 -0.01267021 -0.002938568 0.02877187 -0.01281917 -0.002907037 0.02881199 -0.01294934 -0.002788066 0.02878183 -0.01317238 -0.002914845 0.02930897 -0.01303136 -0.002925634 0.02907997 -0.01295506 -0.002856552 0.02891755 -0.01311796 -0.002902507 0.02939045 -0.01297247 -0.002862632 0.02940267 -0.01331818 -0.002892613 0.02949887 -0.01324886 -0.002750337 0.02946323 -0.01356303 -0.002892017 0.02967041 -0.01325201 -0.002884209 0.02973639 -0.01320189 -0.002824366 0.02979463 -0.01357918 -0.002869188 0.02997338 -0.01348167 -0.002857387 0.02976042 -0.01308631 -0.002775073 0.03019595 -0.01386117 -0.002681314 0.03015023 -0.01399922 -0.002839446 0.03006786 -0.01364564 -0.002855002 0.03013288 -0.01340121 -0.002862095 0.03014838 -0.01351124 -0.002811133 0.03043127 -0.01387691 -0.002850651 0.03021901 -0.01364403 -0.002811491 0.03053104 -0.01354879 -0.002734184 0.03090953 -0.01361137 -0.002835988 0.03050649 -0.01365613 -0.002828359 0.03068727 -0.0138517 -0.002788603 0.03075093 -0.01407212 -0.002628445 0.03105145 -0.01452064 -0.002719461 0.03109574 -0.01438444 -0.002606928 0.0318349 -0.01493567 -0.002613246 0.03086936 -0.01445639 -0.002796053 0.03110182 -0.01414787 -0.002794802 0.03121399 -0.01414233 -0.002766668 0.03123921 -0.01432693 -0.002787828 0.03124427 -0.01406449 -0.00274378 0.03198301 -0.01464271 -0.002717912 0.03176158 -0.01468199 -0.002736985 0.0321269 -0.01462721 -0.002725422 0.03207552 -0.01449185 -0.00271821 0.03222513 -0.01484507 -0.002691388 0.03214466 -0.01490646 -0.002721726 0.03173041 -0.01419806 -0.002727866 0.03226399 -0.01477652 -0.002717554 0.0324738 -0.01488095 -0.002698659 0.03275877 -0.0150175 -0.002683222 0.03288626 -0.01519423 -0.002657592 0.03280943 -0.0152747 -0.0026654 0.03325062 -0.01525324 -0.002575159 0.03292489 -0.01550614 -0.002585709 0.03349167 -0.01574409 -0.002638936 0.03310859 -0.01544457 -0.002661943 0.03324156 -0.01539885 -0.002487063 0.03348475 -0.01591825 -0.002625703 0.03355926 -0.01565837 -0.002644836 0.03360265 -0.01556313 -0.002574026 0.03378021 -0.01589971 -0.002626001 0.03392249 -0.0157212 -0.002598583 0.03409028 -0.01566404 -0.002604544 0.0340659 -0.0159074 -0.00256437 0.03480023 -0.0161345 -0.002571761 0.03477334 -0.01620358 -0.002550423 0.03485912 -0.01639384 -0.002475917 0.03512597 -0.01670891 -0.002495944 0.03527837 -0.01625132 -0.002514004 0.03524506 -0.0166592 -0.002546787 0.03516989 -0.01647198 -0.002532243 0.0352953 -0.01641356 -0.002519667 0.03552889 -0.01671224 -0.002515733 0.03566318 -0.01670277 -0.002497732 0.03593736 -0.01691043 -0.002496421 0.03552961 -0.0168271 -0.002455055 0.03582823 -0.01706439 -0.002498984 0.03569388 -0.01659691 -0.002478539 0.03600496 -0.01705127 -0.002487242 0.03602725 -0.01684546 -0.002464175 0.03641504 -0.01722764 -0.002471446 0.03633302 -0.01705127 -0.002412557 0.03685277 -0.01759797 -0.002417504 0.03704518 -0.01763308 -0.002364158 0.03734987 -0.01793575 -0.002391278 0.03747403 -0.01788586 -0.002386033 0.03773266 -0.01791656 -0.002340257 0.038015 -0.01827293 -0.002362191 0.03793889 -0.01792788 -0.002368092 0.03794455 -0.01811319 -0.002367317 0.03802341 -0.01807224 -0.002331137 0.03842514 -0.01844465 -0.002281367 0.03936976 -0.0189346 -0.004077196 0.0108062 -0.002239882 -0.004089951 0.01052433 -0.002176582 0.01100218 0.04360073 -0.03394955 0.01101499 0.04205244 -0.03313463 0.01042306 0.0437926 -0.0336703 0.00985831 0.04398483 -0.03338402 -0.004066348 0.01084965 -0.002385735 -0.004065334 0.01085817 -0.002181231 -0.004058361 0.01060634 -0.001935839 -0.004047393 0.01120966 -0.002571165 -0.004038274 0.01135665 -0.002491116 -0.00401467 0.01148563 -0.002804994 0.01044195 0.04112017 -0.03224241 -0.003811776 0.01290178 -0.003890216 -0.003931522 0.01274567 -0.003558814 -0.003944814 0.01287406 -0.003510773 -0.003900051 0.01315081 -0.003814578 -0.003923654 0.01325345 -0.003708302 -0.003886818 0.01353555 -0.003995716 -0.003729403 0.01368969 -0.004403233 -0.003828227 0.0137251 -0.004239678 -0.003852546 0.01397234 -0.00427258 -0.003901422 0.01361972 -0.00390011 -0.003864109 0.0141431 -0.004261434 -0.003791272 0.01457738 -0.004695117 -0.003683388 0.01417928 -0.004713177 -0.003844797 0.0144459 -0.004301667 -0.003814339 0.01500141 -0.004677772 -0.003835976 0.01458001 -0.004538476 -0.003782629 0.01524913 -0.004978299 -0.003754436 0.01595008 -0.005250751 -0.003763258 0.01576811 -0.005191147 -0.003746211 0.0159856 -0.005187451 -0.003725647 0.01631695 -0.005543708 -0.003717958 0.01621562 -0.005244135 -0.003727078 0.01636165 -0.005459368 -0.003588259 0.01858037 -0.006788551 0.002023756 0.004995524 -0.005859315 9.10058e-4 0.001741051 -0.003030955 6.23439e-4 0.00205326 -0.00290209 0.00416845 0.001831293 -0.006379544 -0.00315088 0.02147787 -0.009056806 0.004662036 0.002450227 -0.007161378 -0.003327846 0.02218931 -0.009082973 0.002650558 0.00561887 -0.006831109 0.003349304 0.00604403 -0.007766544 0.005334794 0.00317049 -0.008131146 0.00496155 0.002787709 -0.007606744 8.62161e-4 0.006526112 -0.005461156 2.09031e-4 0.002409875 -0.002670347 -1.87032e-4 0.002663731 -0.002406597 -0.00237137 0.005044698 -0.001466512 -0.002353847 0.03579694 -0.01724624 -0.002358496 0.03761804 -0.01763993 -0.003941893 0.01292771 -0.003439426 -0.003751397 0.01575732 -0.005267739 -0.004083633 0.006550133 -3.7841e-4 -0.001583576 0.007567822 -0.003566443 -0.003123402 0.006144165 -0.001249551 0.002786159 0.02147293 -0.01516509 -6.91417e-5 0.01732337 -0.0101391 9.19789e-4 0.02718204 -0.01624244 0.003046035 0.03756064 -0.02375775 0.007910907 0.04085975 -0.03023755 0.009445905 0.03864544 -0.03022766 0.009689867 0.03948879 -0.03085076 0.007304906 0.04039084 -0.02947092 0.01003152 0.04032754 -0.03154075 9.66968e-4 0.03780937 -0.02181059 0.007217407 0.04212725 -0.03030616 0.003640055 0.03937786 -0.02530711 0.005724668 0.03930771 -0.02740889 0.008491516 0.04443234 -0.03260397 0.006367623 0.04178905 -0.02933466 0.006792008 0.04013895 -0.0288738 0.001936614 0.04029744 -0.02406758 0.00367695 0.04186058 -0.02662944 0.005528628 0.04183512 -0.02852523 0.006941497 0.0431233 -0.03057497 0.006357848 0.04515367 -0.03107279 0.007665634 0.04472714 -0.03206956 -0.001496791 0.04311037 -0.02198499 -0.001399278 0.04335004 -0.02221912 0.005161583 0.04553735 -0.03005933 -0.001082301 0.04401028 -0.02291065 -7.49141e-4 0.04453098 -0.02354258 0.002581 0.04173684 -0.02545624 -3.27733e-4 0.04503262 -0.02424603 0.003986895 0.04590636 -0.02902901 0.003611624 0.04596722 -0.02868348 -1.26259e-4 0.04523044 -0.0245555 5.87957e-5 0.04538089 -0.02482402 2.75293e-4 0.04553061 -0.02512305 0.00333482 0.04602289 -0.02843213 8.28702e-4 0.04582715 -0.02583342 0.001068651 0.04592657 -0.02612251 0.001583337 0.04606509 -0.02670615 0.002054989 0.04612088 -0.02720266 0.006102025 0.005131363 -0.009804248 0.007860839 0.004782319 -0.01089936 0.006589829 0.004181563 -0.009668469 0.007280468 0.0045529 -0.01037216 0.005837321 0.003626942 -0.008787512 0.005261421 0.005242228 -0.00916171 0.007689416 0.008643388 -0.01286345 0.009061157 0.005032062 -0.01183664 0.009598314 0.005050539 -0.01218688 0.008391439 0.004926621 -0.01133686 0.006801426 0.008555054 -0.01216518 0.005112111 0.008870899 -0.01093977 0.006913602 0.01038205 -0.01322919 0.006022036 0.01032358 -0.01249331 0.006057679 0.01224237 -0.01353859 0.004772305 0.0159595 -0.01433432 0.005768179 0.01221513 -0.01327919 -0.002151787 0.007880449 -0.003157794 -0.002763509 0.008181989 -0.002681553 -0.003680169 0.007084071 -0.001119136 -0.003366827 0.008384346 -0.002134919 -0.003960311 0.007545769 -0.001030802 0.007171452 0.01572835 -0.0162782 0.006416857 0.01578897 -0.015715 -0.001870155 0.01125198 -0.005189538 -0.003231048 0.01178216 -0.004025638 -0.002457797 0.0131579 -0.005569398 0.007858633 0.02273094 -0.02053898 0.009237706 0.03673946 -0.02905428 -0.002674996 0.0216009 -0.009670674 -0.001429557 0.02794921 -0.01428419 0.005659103 0.03356319 -0.0243588 0.00498861 0.02657026 -0.02006107 -9.97085e-4 0.03282308 -0.01725083 0.006002187 0.03707456 -0.02652233 0.00742352 0.03799694 -0.02831226 0.009249866 0.03731012 -0.02936953 0.009327232 0.03803223 -0.02981257 0.00500977 0.0372352 -0.02561128 -4.05878e-4 0.03445649 -0.01869869 -0.001730382 0.03466302 -0.01740998 -0.001008331 0.03813898 -0.01997882 -0.001684367 0.03822416 -0.01928323 -4.48114e-4 0.0398221 -0.02143347 -0.00128591 0.0394302 -0.02034461 -0.001628816 0.04281824 -0.02167433 -0.00417608 0.007272064 -5.98842e-4 -0.004093468 0.007810652 -9.8803e-4 -0.003922879 0.008379638 -0.001496613 -0.004092276 0.008551537 -0.001345813 -0.004006326 0.008691787 -0.001547157 -0.003800809 0.009767413 -0.00234574 0.005007147 0.01860111 -0.01593261 0.00592935 0.01996034 -0.01750099 0.005340337 0.02209597 -0.01807516 -0.002106487 0.03365188 -0.016469 -0.002448379 0.03302192 -0.01574575 -0.002252995 0.03605705 -0.01751852 -0.002221226 0.03711402 -0.01808857 -0.002327799 0.03656566 -0.01765525 -0.002005577 0.03912925 -0.01937329 -0.00218898 0.03859698 -0.01885509 -0.001852571 0.03964531 -0.0198149 -0.002146542 0.03936254 -0.01929181 -0.002066731 0.03962671 -0.01954221 -0.001927435 0.04170846 -0.02076268 -0.001842141 0.04066413 -0.02034777 -0.004173278 0.007826685 -8.61585e-4 -0.004223704 0.007817029 -7.4117e-4 -0.004144072 0.008020162 -0.001004815 -0.004235208 0.008099973 -8.01731e-4 -0.004207313 0.008113622 -9.07236e-4 -0.004120707 0.008734703 -0.001379847 -0.004156827 0.008813023 -0.001331508 -0.004205584 0.008711576 -0.001091361 -0.004199504 0.008828282 -0.001049995 -0.003641843 0.01111775 -0.003218829 -0.003098666 0.01423656 -0.00542891 -0.00194931 0.01631915 -0.007731795 -0.003212749 0.01847642 -0.007461488 -0.0025478 0.02544921 -0.01178038 -0.001821577 0.03053873 -0.01519823 -0.002419888 0.02929788 -0.01388949 -0.003952383 0.00914222 -6.7328e-4 -0.003657817 0.01612663 -0.004999995 -0.002332925 0.0351504 -0.01696097 -0.002254068 0.03780823 -0.01837331 -0.002109766 0.03832304 -0.01883763 -0.002307593 0.03841233 -0.0185278 -0.002281725 0.03834474 -0.01856344 -0.002233743 0.03836828 -0.01867282 -0.002228975 0.03881663 -0.01889133 -0.002247512 0.03852152 -0.01802229 -0.00212562 0.03868997 -0.01791644 -0.00202763 0.04011356 -0.01983726 -0.004189729 0.008448123 -0.001091778 -0.004151761 0.008520007 -0.00121814 -0.004227638 0.008397638 -8.4315e-4 -0.004213094 0.008422493 -9.95732e-4 -0.004207015 0.008604943 -0.001078009 -0.003782749 0.008910119 -0.001931071 -0.004186153 0.008732974 -0.001210093 -0.004182934 0.008866846 -0.001262426 -0.004193484 0.008773148 -9.545e-4 -0.004151582 0.008821725 -8.32695e-4 -0.004196763 0.008871734 -0.001180589 -0.004167735 0.008903622 -9.52441e-4 -0.004190862 0.008946895 -0.001099944 -0.004052519 0.00916773 -8.61981e-4 -0.003965914 0.009275257 -0.001893341 -0.00401467 0.009809732 -0.002076208 -0.003985285 0.01047903 -0.002446413 -0.004108548 0.01012468 -0.001981794 -0.00405699 0.0103811 -0.002246856 -0.004100441 0.01028949 -0.002066671 -0.004127025 0.01002764 -0.001837849 -0.003907263 0.01086556 -0.002760529 -0.003988623 0.01061272 -0.001756072 -0.003813982 0.01148688 -0.003196299 -0.003816187 0.01197141 -0.003433883 -0.00343126 0.01479995 -0.005336761 -0.003711283 0.01468908 -0.004914641 -0.003040671 0.01614826 -0.006473422 -0.003359854 0.01603424 -0.006048381 -0.003014445 0.02425211 -0.01061981 -0.002473831 0.03016209 -0.01426863 -0.002480387 0.03392988 -0.01614475 -0.002359628 0.03635001 -0.01670742 -0.002376854 0.03670483 -0.01762729 -0.002315461 0.0372802 -0.01801544 -0.002420663 0.03716778 -0.01760941 -0.002342879 0.03840178 -0.01833778 -0.002339363 0.03845244 -0.01829731 -0.002186715 0.03821057 -0.01768827 -0.002319872 0.0384972 -0.01821565 -0.002278685 0.03861898 -0.01817458 -0.00231862 0.03870612 -0.01857429 -0.00219804 0.03877907 -0.01810407 -0.00226444 0.03904724 -0.01845824 -0.00230956 0.03878766 -0.01842129 -0.00220865 0.03948056 -0.01863431 -0.00225073 0.03932362 -0.01905763 -0.002164185 0.0396369 -0.01939177 -0.002284884 0.0392726 -0.01874321 -0.002237498 0.03961682 -0.01920908 -0.002204298 0.03988987 -0.01941752 -0.002132177 0.04012042 -0.01967537 -0.002156436 0.04027783 -0.01969856 -0.002074837 0.04105329 -0.02021586 -0.004223763 0.008458971 -9.21827e-4 -0.004211127 0.008563756 -8.54941e-4 -0.004213094 0.008639931 -9.99341e-4 -0.004115462 0.009401202 -0.001179993 -0.004108607 0.009627103 -0.001330256 -0.00403136 0.009664952 -0.001170575 -0.004052579 0.009986162 -0.002087235 -0.004121184 0.009944558 -0.00164318 -0.003937005 0.01137864 -0.002955555 -0.003984212 0.01146292 -0.002371132 -0.003774702 0.01258015 -0.003792405 -0.004011213 0.01176023 -0.002721488 -0.003965079 0.01235145 -0.003014206 -0.003867506 0.01266294 -0.003676176 -0.003538072 0.01261603 -0.004101514 -0.003587841 0.01508104 -0.005287051 -0.003593742 0.01555621 -0.005515754 -0.003772258 0.01514595 -0.004574954 -0.003471612 0.01748859 -0.006641626 -0.002662718 0.02883684 -0.01337283 -0.002419173 0.03535068 -0.01692301 -0.00245136 0.03544288 -0.01626217 -0.002395093 0.0361551 -0.01734244 -0.00237441 0.03698503 -0.01775938 -0.00234735 0.03725588 -0.01733297 -0.00240314 0.03738576 -0.01765358 -0.002256274 0.03788286 -0.01758342 -0.002290904 0.03843504 -0.01807057 -0.002322435 0.03873431 -0.01848256 -0.002282381 0.03887641 -0.01878362 -0.002302348 0.03903222 -0.01872777 -0.002261817 0.03965985 -0.01911073 -0.002238035 0.03983139 -0.01928305 -0.002255558 0.03982287 -0.01913589 -0.002238869 0.04002451 -0.01920813 -0.002230703 0.04001426 -0.01936978 -0.002234041 0.04011094 -0.01935845 -0.002193748 0.04038411 -0.0196439 -0.00410974 0.00959593 -0.001783311 -0.004083216 0.009095013 -0.001621603 -0.004160344 0.009296298 -0.001254498 -0.00414896 0.009599089 -0.00162971 -0.004148125 0.009673118 -0.001571178 -0.004116177 0.009804785 -0.001495599 -0.004055082 0.01026386 -0.00165838 -0.00400716 0.01072853 -0.002515614 -0.004008829 0.01108235 -0.002667009 -0.003904938 0.01210671 -0.00334984 -0.003963708 0.01231205 -0.003279626 -0.003960371 0.01207429 -0.003204703 -0.003971695 0.01241749 -0.00326097 -0.003977477 0.01238507 -0.003149747 -0.003487884 0.01338106 -0.004549503 -0.003693044 0.01526099 -0.005214512 -0.003713011 0.01560127 -0.00532788 -0.003603816 0.01609385 -0.00576359 -0.003698766 0.0160607 -0.005557835 -0.003032386 0.02499598 -0.0109604 -0.002795875 0.0308724 -0.01376932 -0.002548158 0.03438782 -0.01622122 -0.002430915 0.03639942 -0.01692134 -0.002428114 0.03665792 -0.01747411 -0.002426564 0.03704255 -0.01746457 -0.002402901 0.03710711 -0.01738905 -0.004105091 0.01031821 -0.001891076 -0.00409621 0.01047152 -0.002000153 -0.004014074 0.01179271 -0.002875328 -0.003808557 0.01489204 -0.004755735 -0.003768324 0.01510119 -0.004971086 -0.003783226 0.01532 -0.004764914 -0.003790438 0.0153734 -0.004930853 -0.003645539 0.01634347 -0.005802929 -0.0036996 0.01637744 -0.005680084 -0.00260502 0.0342617 -0.01589155 -0.002442419 0.03683149 -0.0174238 0.00995922 0.0372166 -0.02839493 0.01192653 0.04328316 -0.03435796 -0.001811385 0.03930854 -0.01794534 -0.00193876 0.03877615 -0.01772689 -0.002056062 0.03847748 -0.01767039 0.01191407 0.04324883 -0.03428673 0.0118559 0.04336363 -0.03432822 0.01171535 0.04349476 -0.03425407 0.01147121 0.04364663 -0.03380334 0.01113486 0.04388475 -0.03339225 0.01003909 0.04470616 -0.03257763 0.009821832 0.04485011 -0.03232073 0.002996325 0.04689574 -0.02603071 0.003003299 0.04689568 -0.02613943 0.003224194 0.04680341 -0.02596926 0.002453505 0.04667347 -0.02510184 0.001277744 0.04629284 -0.02393692 0.00136125 0.04630458 -0.02394288 3.93036e-4 0.04553312 -0.02275842 6.81091e-4 0.04579645 -0.02308589 9.66297e-4 0.04572415 -0.02306181 6.26092e-4 0.04544228 -0.02260953 6.97187e-6 0.04501336 -0.02212005 -1.1041e-5 0.04435104 -0.02140688 4.44235e-4 0.04509937 -0.02222663 -5.26798e-4 0.04396378 -0.02102857 -3.06801e-4 0.0439344 -0.02095848 -3.37484e-4 0.04366022 -0.02075201 -0.0016433 0.03978902 -0.01810717 0.01181542 0.04336208 -0.03420388 0.01143425 0.0437054 -0.03407734 0.01028096 0.0444895 -0.03244155 0.009721219 0.0448445 -0.03186023 0.00962156 0.04493546 -0.03220826 0.009845197 0.04478728 -0.03200644 0.008142232 0.04566109 -0.03043037 0.007792472 0.04571568 -0.03002756 0.006924927 0.04603171 -0.02930051 0.00598973 0.04629719 -0.02849507 0.007159769 0.04593861 -0.02948433 0.004164874 0.04682421 -0.02730798 0.003834545 0.04687023 -0.02698707 0.004444837 0.04669666 -0.02715992 0.004120945 0.04680854 -0.02695482 0.003668844 0.04689544 -0.02672564 0.004031479 0.04672384 -0.02673482 0.00270605 0.04686623 -0.02581864 0.002992093 0.04672408 -0.02565675 0.002106785 0.04672336 -0.02511829 0.002361714 0.04679822 -0.02542507 0.00193417 0.04666203 -0.02491939 0.002285718 0.046691 -0.02500051 0.001853168 0.04661905 -0.02473139 0.002076327 0.04646337 -0.02456998 0.0014835 0.04643285 -0.02425116 0.001263141 0.04631721 -0.02404916 0.001422405 0.04609519 -0.02371096 0.001446902 0.04619497 -0.0238167 6.42119e-4 0.04570055 -0.02292156 4.54625e-4 0.04551368 -0.02266937 1.53844e-4 0.04507982 -0.02212536 6.44188e-5 0.04474133 -0.021748 -4.03682e-4 0.0439276 -0.02093923 -6.49069e-4 0.04275882 -0.02000004 -7.68752e-4 0.04249179 -0.01977252 -8.84041e-4 0.04183298 -0.01932317 -8.78473e-4 0.04222714 -0.01956152 -0.001114487 0.04226642 -0.01965689 -0.001267969 0.04159551 -0.01917487 -0.001125276 0.04208385 -0.01949441 -0.001063108 0.04204314 -0.01942908 -0.001550018 0.04029691 -0.01838076 -0.001507401 0.04058039 -0.01855921 -0.001462578 0.04056102 -0.01850283 -0.001421689 0.04041886 -0.01838749 -0.001491129 0.04024368 -0.01830494 0.01172423 0.04346644 -0.03414642 0.01149886 0.04366934 -0.03394502 0.0112065 0.04388672 -0.03382349 0.01117396 0.0438596 -0.03391259 0.01108354 0.04397743 -0.03370225 0.01116031 0.04390823 -0.03347122 0.01101815 0.04397737 -0.03375273 0.01074862 0.04422038 -0.03335475 0.01086837 0.04412847 -0.03314149 0.01030963 0.04453015 -0.03286546 0.01006299 0.04471468 -0.03248894 0.0100978 0.04466539 -0.03232324 0.009666323 0.04494923 -0.03212416 0.009818971 0.04486769 -0.03217136 0.009290933 0.04512107 -0.03187257 0.008508682 0.04551297 -0.03109836 0.007884621 0.04576599 -0.03054404 0.008060455 0.04572784 -0.03055691 0.007805109 0.04576778 -0.03009754 0.007745504 0.04583376 -0.03014409 0.007638812 0.04581969 -0.02994114 0.00714308 0.04599648 -0.02952712 0.006574988 0.04620879 -0.0294221 0.006030499 0.04633522 -0.02858608 0.005384087 0.04654133 -0.0284391 0.005450606 0.04655671 -0.02835202 0.005199193 0.04661595 -0.02818 0.005274653 0.04660207 -0.02813822 0.005338072 0.04657965 -0.02813369 0.005153298 0.04660391 -0.0278961 0.005037069 0.04658049 -0.02770674 0.005192279 0.04651111 -0.02781057 0.004414141 0.04678177 -0.02753442 0.004725098 0.04661101 -0.02738744 0.004061996 0.04684454 -0.02699166 0.00378865 0.04685193 -0.02664911 0.004103481 0.04677003 -0.02686494 0.00337553 0.04690802 -0.02645325 0.003515124 0.04681169 -0.0262773 0.003712177 0.04682081 -0.0264995 0.003579914 0.04675656 -0.02628481 0.003170967 0.04690313 -0.02617508 0.00350672 0.04685246 -0.026335 0.003232121 0.0468524 -0.0260545 0.002915501 0.04684734 -0.02575945 0.003059148 0.04688745 -0.02600187 0.002808451 0.04685908 -0.02572238 0.002709865 0.04686254 -0.02571165 0.002768039 0.04673194 -0.02544689 0.0028975 0.04679226 -0.02564126 0.00250864 0.04673874 -0.02523773 0.002523422 0.04662948 -0.02512151 0.002144157 0.04672282 -0.02505165 0.002301573 0.04674369 -0.0251308 0.002069354 0.04662942 -0.02476942 0.001717031 0.04642015 -0.02424728 0.002016484 0.04653394 -0.02458888 0.001614153 0.04652017 -0.02451294 0.001678586 0.04652005 -0.0244404 0.001786887 0.04640299 -0.02427279 0.001618087 0.04622459 -0.02397674 0.001012861 0.04613536 -0.02368885 0.001294076 0.04620832 -0.02375686 0.001333713 0.04618662 -0.02374237 0.001145184 0.04610437 -0.02356326 0.001087248 0.04613715 -0.02362656 0.001198232 0.04608285 -0.02354967 0.00123769 0.04604673 -0.02353072 0.00122416 0.04594731 -0.02343487 7.2597e-4 0.04588782 -0.02327507 8.93274e-4 0.0459702 -0.02333903 8.33743e-4 0.04575735 -0.02301728 9.41999e-4 0.04578399 -0.02309703 2.49198e-4 0.04529005 -0.02240151 4.27172e-4 0.04528772 -0.022376 -3.5131e-5 0.04486668 -0.02190923 9.07826e-5 0.04488742 -0.02190101 -7.76153e-5 0.04470491 -0.02171236 -3.36556e-4 0.04441314 -0.02147781 -3.09088e-4 0.0443719 -0.02139598 -2.04148e-5 0.04447245 -0.02148967 -5.85771e-4 0.04368203 -0.02073872 -4.57858e-4 0.04394197 -0.02096462 -3.94034e-4 0.04374021 -0.02078133 -6.994e-4 0.04359334 -0.02072232 -4.62886e-4 0.04329359 -0.02044349 -6.67654e-4 0.04332333 -0.02041471 -5.26585e-4 0.04332333 -0.0204302 -8.47794e-4 0.04317951 -0.02037203 -7.80788e-4 0.04321235 -0.02035206 -7.29274e-4 0.04312598 -0.02025038 -7.27866e-4 0.04287302 -0.02004748 -9.98312e-4 0.04270166 -0.01999104 -8.8465e-4 0.0428214 -0.02002394 -0.001190602 0.04162734 -0.0191518 -0.00110048 0.04169237 -0.0191763 -0.001384139 0.04106986 -0.01883304 -0.001323938 0.04102975 -0.01876354 -9.9818e-4 0.0416035 -0.01913321 -0.001152098 0.04135555 -0.01895022 -0.001382827 0.04068297 -0.0185464 -0.001154899 0.04108369 -0.01878154 -0.001253426 0.04083055 -0.01861786 0.01153558 0.04364359 -0.03406018 0.01138168 0.04376471 -0.03394323 0.01141202 0.04372918 -0.03380292 0.01123094 0.04388624 -0.03364568 0.01128327 0.04384618 -0.03380513 0.01112359 0.04396653 -0.03366255 0.01112288 0.0439738 -0.03358215 0.01108461 0.04399412 -0.03345656 0.01079791 0.04421252 -0.03329205 0.0109598 0.04409801 -0.03339529 0.01066225 0.04430484 -0.03317958 0.01054656 0.04435133 -0.03317201 0.01057374 0.04437428 -0.03304177 0.01068586 0.04424184 -0.03291249 0.01047825 0.04444015 -0.03281152 0.0101397 0.04461163 -0.03276413 0.01056128 0.04434686 -0.03280252 0.01033395 0.04453337 -0.03264021 0.01017987 0.04463356 -0.03265559 0.01033937 0.04449641 -0.03255748 0.01015454 0.04465961 -0.03252315 0.01017183 0.04464066 -0.03247058 0.009945809 0.04478222 -0.0322293 0.009884774 0.04479855 -0.03210461 0.009778261 0.04488205 -0.03205269 0.009511291 0.04504472 -0.03183358 0.009675443 0.04493176 -0.03190916 0.00923717 0.04517352 -0.03174668 0.009148061 0.04523998 -0.03153711 0.008887767 0.04533088 -0.03147006 0.009075284 0.04525977 -0.03158146 0.009395301 0.04504132 -0.03154546 0.00913906 0.04515188 -0.03127163 0.009569168 0.04496997 -0.03175354 0.00897473 0.04532235 -0.03142046 0.009122788 0.0452063 -0.03131192 0.008881092 0.04536461 -0.03118187 0.008788347 0.04539859 -0.03131204 0.008965015 0.04529696 -0.03118157 0.008773267 0.04541963 -0.0312252 0.008911728 0.04535663 -0.03126507 0.008827388 0.04530352 -0.03097265 0.008815824 0.04536658 -0.03103673 0.00865072 0.04547905 -0.0310266 0.008561074 0.04551243 -0.0310505 0.008658528 0.04545974 -0.03094375 0.008572816 0.04547232 -0.03080457 0.008285343 0.04562109 -0.03085392 0.00844419 0.04557019 -0.03087687 0.008542835 0.04543656 -0.03071385 0.00828576 0.04563587 -0.03075003 0.008374869 0.04559427 -0.03073203 0.008320271 0.0455572 -0.03054034 0.008214175 0.04566103 -0.03059029 0.008358418 0.04557412 -0.0306282 0.008303463 0.04552364 -0.03048461 0.007770836 0.04582321 -0.03039479 0.008021414 0.04573941 -0.03042834 0.007964611 0.04574471 -0.0303111 0.007871866 0.04580098 -0.03034836 0.0072847 0.04598796 -0.03000336 0.007662653 0.04587751 -0.03016704 0.007602751 0.04589074 -0.03021818 0.007212281 0.0460155 -0.02967065 0.007343292 0.04598701 -0.02986675 0.007142007 0.04605531 -0.02977162 0.007015466 0.0460847 -0.02974438 0.006754219 0.04616779 -0.02951914 0.006937026 0.0460717 -0.02936708 0.0068928 0.04613125 -0.02945744 0.00671792 0.04619115 -0.02935093 0.006669461 0.04615545 -0.02914053 0.006471812 0.04626166 -0.02910953 0.006771922 0.04615497 -0.02929615 0.006500303 0.04623681 -0.02906346 0.006453633 0.04627048 -0.02918767 0.006170213 0.04635345 -0.0289694 0.005849003 0.04644453 -0.02870428 0.006197869 0.04628705 -0.02872669 0.006242334 0.04630517 -0.02882295 0.006013453 0.04639959 -0.02875715 0.006020843 0.04637765 -0.02865558 0.005730271 0.04646927 -0.02844113 0.005646228 0.04649853 -0.02855175 0.005385994 0.04654908 -0.0281077 0.005464971 0.04645407 -0.02805906 0.004769682 0.04671174 -0.02784138 0.004920721 0.04665249 -0.02767479 0.00491923 0.04669064 -0.02785527 0.004678666 0.04674404 -0.02764827 0.004684388 0.04668122 -0.02742099 0.004459321 0.04678535 -0.02740275 0.00443989 0.04678952 -0.02746707 0.004420518 0.04675954 -0.02723145 0.004210174 0.04683029 -0.02724772 0.003541052 0.04689514 -0.02670222 0.003838479 0.04687333 -0.02679961 0.003593325 0.04689115 -0.02655303 0.003186345 0.04690212 -0.02633929 0.003466069 0.0468927 -0.02640509 0.003263473 0.04688394 -0.02616614 0.00265181 0.0468356 -0.02555853 0.002720892 0.04679226 -0.02549183 0.002531528 0.0467894 -0.02535647 0.002414226 0.04679816 -0.02534961 0.002143919 0.0466966 -0.02495217 0.001883745 0.04658967 -0.02462166 0.001815497 0.04652023 -0.02445328 0.001612186 0.04640698 -0.02417975 0.001820206 0.04635018 -0.0242511 0.001574516 0.04643338 -0.02422291 0.001224219 0.04621696 -0.0237714 7.81427e-4 0.04577952 -0.02303194 3.74158e-4 0.04530668 -0.02238851 2.90505e-4 0.04499691 -0.02205497 -1.36526e-4 0.04449361 -0.02148264 -2.70455e-4 0.0443437 -0.021344 -1.64307e-4 0.04431664 -0.0213136 -5.17306e-4 0.04365748 -0.02069908 -4.46329e-4 0.04363089 -0.02068233 -6.34137e-4 0.04356986 -0.02064335 -5.86893e-4 0.04330766 -0.02040207 -8.07158e-4 0.04277813 -0.01996946 -6.64155e-4 0.04292029 -0.02009832 -8.97878e-4 0.04266762 -0.01989281 -9.83832e-4 0.04256343 -0.01983898 -8.37161e-4 0.04254186 -0.01978832 -0.001031696 0.0422973 -0.01962631 -9.39642e-4 0.04245358 -0.01972484 -9.72405e-4 0.04227852 -0.01959347 -9.57447e-4 0.04215377 -0.0194993 -0.001229226 0.04142665 -0.01901495 -0.001307904 0.04079514 -0.01859897 0.01083177 0.04419088 -0.03320711 0.01067489 0.04430675 -0.03309732 0.01067233 0.04430472 -0.0330277 0.0106405 0.04431498 -0.0329433 0.01031786 0.04454517 -0.03278541 0.01035612 0.04452675 -0.03273618 0.009380638 0.04511117 -0.03182578 0.009325385 0.04514628 -0.03172361 0.009380817 0.04511225 -0.03167796 0.009147107 0.04523557 -0.03145134 0.009348332 0.04510599 -0.03156226 0.009123206 0.04523241 -0.03136759 0.007625818 0.04585814 -0.02998965 0.007367849 0.0459792 -0.02996599 0.007520198 0.04591673 -0.02995949 0.006847739 0.04614895 -0.02952837 0.007066488 0.046081 -0.02964329 0.00703752 0.04606872 -0.02951461 0.006187021 0.04634612 -0.02886933 0.005897223 0.0464307 -0.02862685 0.005884587 0.04639643 -0.02849256 0.005672514 0.04649686 -0.02849054 0.005761742 0.04642814 -0.02838516 0.005575537 0.04648458 -0.02823609 0.0055238 0.04653269 -0.02830487 0.005266904 0.04654508 -0.02793645 0.004917204 0.04667586 -0.02773505 0.004797518 0.04671347 -0.02768158 0.00461471 0.04673963 -0.02745866 0.004332482 0.04680448 -0.02725142 -0.001161634 0.04149383 -0.01904511 -0.001046478 0.04160612 -0.01912188 0.01188868 0.04324382 -0.03433483 0.01161319 0.04347014 -0.03422337 0.009113788 0.04433125 -0.03299206 0.009162068 0.04422068 -0.03300595 0.003027439 0.046144 -0.02815455 0.003048837 0.04607015 -0.02816826 0.002600133 0.04612004 -0.02774477 0.003020226 0.04640841 -0.02793592 0.002152204 0.04643684 -0.02709007 0.002011775 0.04638713 -0.02702695 0.001202583 0.04621797 -0.02616447 5.01654e-4 0.04567474 -0.02542501 3.27998e-4 0.04563784 -0.02520459 -3.06347e-4 0.04531335 -0.0240392 -2.88787e-4 0.04532486 -0.02416133 -5.07883e-4 0.04509001 -0.02381128 -4.98836e-4 0.04509931 -0.02372133 -9.09648e-4 0.04453468 -0.02299839 -9.20177e-4 0.04453182 -0.02308243 -0.001461982 0.04339498 -0.02209591 -0.001445114 0.04335623 -0.02214062 -0.0014503 0.0434882 -0.02206838 -0.001457273 0.04343295 -0.02183711 -0.001289427 0.04382306 -0.02221363 -0.001965701 0.04169344 -0.02033203 -0.002017736 0.04153901 -0.02027606 0.01179015 0.0433427 -0.0343014 0.00986731 0.04433768 -0.03326493 0.009673893 0.04408675 -0.03329634 0.00924468 0.04435819 -0.03305482 0.009301781 0.04440766 -0.03305983 0.009380102 0.04428344 -0.03313642 0.009149551 0.04459905 -0.03285264 0.007583856 0.04513305 -0.03183001 0.006944954 0.04533749 -0.03136312 0.00512433 0.04558527 -0.03003472 0.005052328 0.04566031 -0.02997183 0.005069255 0.04586321 -0.02987784 0.005053579 0.04593855 -0.02976906 0.006360471 0.04554885 -0.03085511 0.005931079 0.04563605 -0.03057682 0.005675494 0.04570728 -0.03036791 0.004458308 0.04612106 -0.02922469 0.0042122 0.0458762 -0.02923142 0.004474282 0.04582685 -0.02946358 0.00336641 0.04636216 -0.02825236 0.003022909 0.04630839 -0.02807718 0.002136886 0.04635077 -0.02721434 0.001885354 0.04613363 -0.02703452 0.001974284 0.04642301 -0.0269041 0.001309037 0.04599422 -0.02639806 9.79417e-4 0.04610967 -0.02594786 0.001029491 0.04619878 -0.02584648 3.6406e-4 0.04583442 -0.02512615 3.45377e-4 0.04584866 -0.02498596 -5.5335e-4 0.04499018 -0.02385914 -5.81739e-4 0.04481047 -0.02384865 -8.15573e-4 0.04453361 -0.02344155 -0.001118063 0.04408448 -0.02286159 -0.001135349 0.04415792 -0.02273368 -0.002058267 0.04125833 -0.02032214 -0.002228498 0.03998118 -0.01910185 -0.002187848 0.04017436 -0.01917892 0.01152014 0.04354947 -0.03417438 0.0114634 0.04346477 -0.03416126 0.01129233 0.04361653 -0.03407829 0.01122945 0.04355102 -0.03405588 0.01123368 0.04375845 -0.03400248 0.01098692 0.04370379 -0.03394407 0.01098448 0.04381954 -0.03390717 0.01091355 0.04396426 -0.03377974 0.01013869 0.04424428 -0.03340137 0.01071745 0.04399198 -0.03373128 0.009666264 0.04433524 -0.03322541 0.009361684 0.04444944 -0.0330519 0.009108006 0.04442709 -0.03297019 0.009157598 0.04452252 -0.03293347 0.009027063 0.04460877 -0.03281855 0.00836879 0.04486221 -0.03237789 0.007130324 0.04505693 -0.0316801 0.007351338 0.04514294 -0.03174918 0.007100701 0.0451706 -0.03160601 0.006939709 0.04529041 -0.03142237 0.00658065 0.04520279 -0.03126198 0.00677061 0.04507088 -0.0314151 0.005319356 0.04558753 -0.03020465 0.005581438 0.04546481 -0.03043293 0.005043864 0.04572457 -0.02995204 0.00522089 0.04579156 -0.030034 0.004680335 0.04591083 -0.0295937 0.004537284 0.04588592 -0.02950084 0.004422128 0.04607206 -0.02928286 0.003819048 0.04597377 -0.02887868 0.003094911 0.0461862 -0.02820807 0.003132343 0.04635143 -0.02811533 0.002708077 0.04643523 -0.02764058 0.002243816 0.04612445 -0.02739298 0.002276241 0.04619628 -0.0274316 0.00229299 0.04635125 -0.02737563 0.002253472 0.04640054 -0.02727401 0.00212109 0.04621475 -0.02727401 0.001978814 0.04620337 -0.02712899 0.002052009 0.04629254 -0.0271728 0.001688838 0.04620182 -0.02681541 0.001873552 0.04632294 -0.02695071 0.001824915 0.0463683 -0.0268284 0.001613616 0.04628658 -0.02667003 0.001680493 0.04614824 -0.02681624 0.00147134 0.04613435 -0.02658671 0.001563251 0.04632407 -0.02654618 0.001465797 0.04625529 -0.02650845 0.001591444 0.04636245 -0.02649623 0.001212537 0.0460366 -0.02629661 0.001306056 0.04624593 -0.02628821 0.001250982 0.04612392 -0.02632415 0.001103937 0.04608917 -0.02614969 8.47389e-4 0.04591119 -0.02586483 8.63293e-4 0.04598534 -0.02586984 8.85528e-4 0.04610085 -0.02579367 8.52031e-4 0.04611092 -0.02568984 6.26715e-4 0.045834 -0.02559071 6.89295e-4 0.04604798 -0.0254265 6.65281e-4 0.04597318 -0.02556318 4.90301e-4 0.04590624 -0.02529746 4.7925e-4 0.04593193 -0.0251587 2.09773e-4 0.04563516 -0.02502948 3.46437e-5 0.04543977 -0.02480053 1.84522e-4 0.04570019 -0.02491575 5.36766e-5 0.04551303 -0.02481669 1.53551e-4 0.04570305 -0.02480816 1.51491e-4 0.04571497 -0.02471852 -1.89781e-4 0.04531097 -0.02446126 -1.16492e-4 0.04546338 -0.0244897 -2.85666e-4 0.04516357 -0.02432763 -1.1515e-4 0.04549646 -0.02433717 -4.12376e-4 0.04518085 -0.02403587 -4.91565e-4 0.04501068 -0.02399146 -6.99873e-4 0.04484313 -0.02338218 -6.93844e-4 0.04485416 -0.02353852 -8.38309e-4 0.04456716 -0.02339261 -8.74522e-4 0.0445913 -0.02324056 -0.001110911 0.04418373 -0.02259916 -0.00113815 0.04415512 -0.02265352 -0.001331269 0.04359233 -0.02240312 -0.00133413 0.04368364 -0.02239459 -0.001310527 0.04379737 -0.02240014 -0.001272916 0.04388809 -0.02236831 -0.00149703 0.04337751 -0.0219019 -0.001437842 0.04351502 -0.02198708 -0.001516163 0.04329037 -0.02195417 -0.00165224 0.04293268 -0.02158963 -0.00157994 0.04309499 -0.02151513 -0.001704812 0.04270952 -0.02117007 -0.001615703 0.04304635 -0.02155113 -0.001755416 0.04262864 -0.02128207 -0.001739323 0.04266595 -0.02121567 -0.001766502 0.04240095 -0.02129483 -0.001814067 0.04232877 -0.02084887 -0.001885831 0.04201257 -0.02094161 -0.002002358 0.04160726 -0.02055245 -0.002001345 0.04167193 -0.02044689 -0.001892149 0.04213327 -0.02079266 -0.00203222 0.04151916 -0.02041912 -0.002097308 0.0411514 -0.02015244 -0.002101719 0.04114776 -0.02005857 -0.002094149 0.0410611 -0.0198822 -0.002119898 0.04085928 -0.01971584 -0.002130091 0.04091387 -0.02000659 -0.002196311 0.04048806 -0.01962715 -0.002208769 0.04038757 -0.01949846 -0.002192318 0.04042911 -0.01945108 0.01137071 0.04365849 -0.03408998 0.01056253 0.04392921 -0.03372776 0.01042324 0.04391604 -0.03367692 0.01064485 0.04395681 -0.0337404 0.01028728 0.04411369 -0.03354924 0.009722173 0.04422777 -0.03330475 0.009414076 0.04419088 -0.03315806 0.009152412 0.04446148 -0.03297358 0.008891522 0.04432839 -0.03285491 0.008844733 0.04451972 -0.03281664 0.008935809 0.04459834 -0.03280556 0.008842945 0.04439139 -0.03283411 0.008772432 0.04460954 -0.03273999 0.008510053 0.0444954 -0.03263258 0.008501768 0.0445764 -0.03262454 0.008390545 0.04472088 -0.03251689 0.008385956 0.04480022 -0.03245347 0.008031308 0.04461544 -0.03231966 0.008325576 0.04456591 -0.03251862 0.008122801 0.0448088 -0.03234422 0.008189499 0.04487746 -0.03231626 0.007816553 0.04473787 -0.03218418 0.007909476 0.04480355 -0.03223502 0.007998764 0.04497897 -0.03214281 0.007297456 0.04486483 -0.03180891 0.007692217 0.04504507 -0.03197675 0.007306098 0.04495555 -0.03181999 0.007318258 0.04504388 -0.0318014 0.007038474 0.04494333 -0.03161352 0.007174074 0.04510325 -0.03168839 0.00703442 0.0450266 -0.03161811 0.006918728 0.04523849 -0.03146111 0.00632143 0.04531568 -0.03104472 0.006317138 0.04523348 -0.03105175 0.006571948 0.04543024 -0.03110909 0.006746888 0.04536014 -0.03126335 0.005984306 0.04534268 -0.03077572 0.006349742 0.04549646 -0.03093296 0.006024479 0.04542398 -0.0307939 0.005980908 0.04527151 -0.03075838 0.005936861 0.04558163 -0.03063875 0.004765987 0.04573565 -0.02972251 0.004926264 0.04592019 -0.02973592 0.00473541 0.04596745 -0.02957755 0.00408554 0.04612267 -0.02902513 0.004175484 0.04616862 -0.0290206 0.003819048 0.04627472 -0.02866423 0.003755509 0.04608047 -0.0288071 0.003857791 0.04616558 -0.02883082 0.003564655 0.04607522 -0.02864593 0.003933668 0.04621326 -0.02882707 0.003598749 0.04615211 -0.02864831 0.003766953 0.04621434 -0.02872163 0.003552854 0.04622668 -0.02856028 0.003566324 0.04629313 -0.02849364 0.003199577 0.04627662 -0.02824759 0.003185212 0.04622387 -0.02827113 0.002786636 0.04627597 -0.02789717 0.002968549 0.04621213 -0.02808749 0.002682447 0.04620367 -0.02782702 0.002785444 0.04638302 -0.02779483 0.002452075 0.04632031 -0.0275585 0.002311468 0.04626405 -0.02745264 0.002492845 0.04638528 -0.027534 0.002405583 0.04644435 -0.02734494 0.001887917 0.04624557 -0.02701956 0.001785933 0.04639905 -0.02670311 0.001672804 0.04624664 -0.02677607 0.001448154 0.04620438 -0.02652961 0.001217663 0.04616594 -0.02625173 0.001326799 0.04629886 -0.02619373 7.84012e-4 0.04599314 -0.02574884 6.69978e-4 0.04601329 -0.02549839 5.02097e-4 0.04581189 -0.02541822 5.06629e-4 0.04586607 -0.02538889 3.62666e-4 0.04573184 -0.02523565 2.45041e-4 0.04571121 -0.02504092 5.51038e-5 0.04556113 -0.02479112 6.72803e-5 0.04560977 -0.02475869 -7.04188e-5 0.04552674 -0.02449166 -2.09091e-4 0.04534441 -0.02440243 -9.26199e-4 0.04448527 -0.0231989 -0.001155912 0.04409056 -0.02274435 -0.001515507 0.04318898 -0.02197086 -0.001634478 0.0430032 -0.02158075 -0.001649856 0.04288744 -0.02162671 -0.001880705 0.04211366 -0.02096229 -0.001801431 0.04247242 -0.02111375 -0.001867592 0.04222816 -0.02097338 -0.002139985 0.04091125 -0.01992821 0.01102 0.04375869 -0.0339443 0.01088166 0.04390418 -0.03383171 0.01046854 0.04383832 -0.03370165 0.01033186 0.04401862 -0.03361314 0.01018637 0.04396158 -0.03356337 0.01012837 0.04407721 -0.03351747 0.009947299 0.04413068 -0.03342759 0.009915173 0.04406106 -0.0334255 0.009929001 0.04420167 -0.03339087 0.01009774 0.04418736 -0.03344827 0.009905815 0.04428946 -0.03332036 0.009648203 0.04417765 -0.03328275 0.008995532 0.04451304 -0.03288429 0.008505821 0.04462981 -0.03261214 0.008267164 0.0446884 -0.03246974 0.008256793 0.04481565 -0.03239625 0.008077681 0.04465758 -0.03235918 0.007885158 0.04492431 -0.03216105 0.007740259 0.04480969 -0.03213024 0.0078184 0.04487419 -0.03215938 0.007926583 0.04495972 -0.03214651 0.007611989 0.04483443 -0.03204184 0.007677912 0.04497748 -0.03202939 0.007550299 0.04493975 -0.03198128 0.007410109 0.04488652 -0.03189796 0.007506489 0.04503095 -0.03190958 0.007510602 0.04509931 -0.03185337 0.006783246 0.04521989 -0.03139418 0.006575584 0.04535359 -0.03118687 0.006510496 0.04529988 -0.03118181 0.006304562 0.04545724 -0.03095352 0.006251692 0.045412 -0.03095501 0.006133973 0.04547762 -0.03083896 0.005937635 0.04550683 -0.03069591 0.005843877 0.04546189 -0.03064751 0.005678594 0.04554182 -0.03049892 0.005633711 0.04565542 -0.03039968 0.005529761 0.04558354 -0.03037232 0.005468845 0.04566675 -0.03028804 0.005332887 0.04566812 -0.03019118 0.005177915 0.04565912 -0.03007662 0.005158185 0.04574489 -0.03002732 0.004988253 0.04578208 -0.02988678 0.004855573 0.04585915 -0.02974778 0.004687309 0.04582345 -0.02964127 0.004327952 0.04596596 -0.02930641 0.004504501 0.04601579 -0.02939218 0.004369914 0.0460087 -0.02931058 0.004199147 0.04595625 -0.029208 0.003994405 0.04607182 -0.02899789 0.00395441 0.0460174 -0.0289902 0.003793656 0.04612493 -0.02881461 0.003400981 0.04610401 -0.02849793 0.002751946 0.04633599 -0.02782088 0.001033842 0.0459851 -0.02608823 -0.001784741 0.04245913 -0.02125239 -0.001838505 0.04233431 -0.02095198 -0.002144098 0.04085499 -0.01980489 0.008868753 0.04444468 -0.03284698 0.008104622 0.04470539 -0.03237241 0.006789445 0.04515641 -0.03142166 0.005836188 0.04541474 -0.03064924 0.00581032 0.0455746 -0.03057026 0.003402411 -0.001091897 -0.00130397 0.003213584 -0.001630008 -8.36222e-4 0.00393629 1.09417e-4 -0.002463042 0.00459212 0.001259744 -0.003729283 0.005217969 0.002220511 -0.004881739 0.005742371 0.002926945 -0.005823194 0.006010413 0.003255844 -0.006296396 0.00635612 0.003650128 -0.006897747 0.0069893 0.004261791 -0.008003056 0.007473945 0.004631161 -0.008827209 0.008059501 0.004949152 -0.009802222 0.008584499 0.005098462 -0.01064783 0.008931636 0.005133211 -0.01119112 0.009299993 0.005113124 -0.011747 -4.02761e-4 -0.001363933 -8.27666e-4 6.47721e-4 -0.003635406 -7.17969e-4 -2.66885e-4 -0.001280248 -0.001008987 0.001008272 -0.003424763 -0.001193344 -5.39832e-4 2.51001e-4 -0.001525104 7.46356e-5 0.002093553 -0.003103852 5.86463e-4 0.001578748 -0.003357052 -3.78778e-4 7.32339e-5 -0.00159657 0.001029253 9.63078e-4 -0.003487944 -2.44485e-4 -1.3378e-4 -0.001625776 0.001288175 4.83049e-4 -0.003502249 0.001461088 8.44847e-5 -0.003471434 -1.16551e-4 -4.56259e-4 -0.001588642 0.001643598 -4.83701e-4 -0.003362476 0.001761019 -0.001148104 -0.003137528 -7.83265e-5 -7.56666e-4 -0.001471817 0.001775026 -0.001687645 -0.002872169 0.001737594 -0.00205928 -0.002641677 -9.39035e-5 -9.33327e-4 -0.001364529 -5.48045e-4 -0.003661215 5.10022e-4 0.001663684 -0.002399623 -0.002390265 -1.45261e-4 -0.001108527 -0.001221597 -2.23764e-4 -0.003731131 2.16877e-4 -5.61204e-4 -0.00139898 -6.48547e-4 0.001532196 -0.002754092 -0.002073109 1.92358e-4 -0.003742396 -1.99949e-4 0.00130397 -0.003132998 -0.001644909 0.002616882 -0.002631545 0.001008212 0.001442551 -4.21249e-4 0.001056015 0.002906262 -0.002453804 6.22299e-4 0.001312792 0.00123018 3.32328e-4 0.001937806 0.003060221 -0.001250684 0.002345204 0.002662837 -0.001458585 0.001564323 9.39489e-4 2.27406e-4 0.002615749 0.002336025 -0.001564204 0.002920627 0.001893222 -0.001644432 0.003200948 0.001362025 -0.001654028 0.001698553 6.73153e-4 2.29001e-4 0.003423631 8.01452e-4 -0.001589775 0.001771271 4.38208e-4 2.76888e-4 0.003571212 2.31742e-4 -0.001444578 0.003631412 -1.73925e-4 -0.001295566 0.001795887 2.15053e-4 3.67501e-4 0.003654837 -6.65592e-4 -0.001064538 0.001782774 2.25642e-5 4.80499e-4 0.003602206 -0.001172304 -7.48689e-4 0.001196146 -4.36218e-4 0.001314103 0.001433372 -0.002732634 0.00226289 0.00349754 -0.001575648 -4.33339e-4 0.001723647 -1.62753e-4 6.36591e-4 0.001746177 -0.002784907 0.001972198 0.003362774 -0.001883983 -1.36693e-4 0.002056121 -0.002783656 0.001656651 0.003194987 -0.002152323 1.72714e-4 0.00161606 -3.16647e-4 8.25624e-4 0.002343058 -0.002735435 0.00134021 0.00145334 0.003020286 -0.001471996 0.001805663 0.002717971 -0.001677215 0.002239346 0.002239406 -0.001870632 0.002533078 0.001822292 -0.001949608 0.00275743 0.001442432 -0.001977086 0.002945601 0.00104618 -0.001958787 0.003102183 6.38932e-4 -0.001903295 0.003252446 7.8316e-5 -0.001761913 0.00333333 -5.38387e-4 -0.001522421 0.00331211 -0.001175403 -0.001170516 -0.003752827 0.009206295 -4.707e-4 -0.003547489 0.009096145 -2.32618e-4 -0.003393411 0.008874475 -3.07076e-5 -0.00330919 0.008683741 9.14518e-5 -0.003206908 0.008372664 2.53559e-4 -0.003015875 0.007595539 5.88238e-4 -0.002491772 0.004766941 0.001624584 0.010939 0.04146003 -0.03192228 0.01142573 0.04240465 -0.033113 -0.001853823 0.006709754 6.97256e-6 -0.00100547 0.005957424 -4.43328e-4 -7.58379e-4 0.008568286 -0.002047359 0.001538217 0.006348967 -0.003280699 0.00240153 0.007338702 -0.00467801 0.003567516 0.005763947 -0.005032122 0.004544079 0.006701827 -0.006494343 0.001175761 0.0179584 -0.008903682 0.005958378 0.01655495 -0.01304954 0.003948748 0.02211391 -0.01389873 0.002191841 0.02784085 -0.01506507 0.00221306 0.03844428 -0.02056467 0.004276335 0.03819143 -0.02256578 0.003307878 0.04157394 -0.02331942 0.005138218 0.04140681 -0.02510082 0.004066348 0.04252207 -0.02459186 0.004936754 0.04369568 -0.02608799 0.00704962 0.0401473 -0.02637374 0.006883144 0.04239767 -0.02736234 0.008284151 0.04087245 -0.02807772 0.007621347 0.04234105 -0.028104 0.01009446 0.03873872 -0.02934426 0.008017957 0.04297989 -0.02885997 0.0088467 0.04124909 -0.02893787 0.01024234 0.03945487 -0.02990156 0.008817017 0.04282814 -0.02970033 0.009289145 0.04157459 -0.02965575 0.01050001 0.04034894 -0.0307151 -0.002505898 0.007804989 4.50691e-5 -0.002783477 0.008291602 3.52968e-5 -0.002145707 0.009020447 -9.23267e-4 -0.001485109 0.008820533 -0.001450836 -0.002010941 0.01240313 -0.002819538 -5.97436e-4 0.01189899 -0.00393784 -0.001195847 0.01379966 -0.00432527 0.006384491 0.005818903 -0.008037805 0.007115602 0.005639076 -0.00884813 -0.001460254 0.02222043 -0.008471548 0.006278753 0.009468197 -0.009771347 0.007672905 0.009002089 -0.01126939 0.00707823 0.0108655 -0.01142966 0.008327543 0.008980095 -0.01216715 0.007851362 0.01088243 -0.0124439 0.006895124 0.01278477 -0.01217728 -1.63485e-4 0.02859407 -0.0130313 0.007461965 0.01632946 -0.01466059 0.008077204 0.01619029 -0.01538836 3.06202e-4 0.0332964 -0.01594221 0.00623387 0.0272054 -0.018839 -4.83556e-4 0.03529328 -0.01622223 8.83812e-4 0.0351057 -0.01746547 2.55217e-4 0.03878468 -0.01874798 -4.39219e-4 0.03887057 -0.01813673 0.008706569 0.02316343 -0.01970541 -8.65026e-5 0.03982514 -0.01896375 9.29538e-4 0.04075479 -0.02043908 0.00689876 0.03419584 -0.02314221 0.006248474 0.03785723 -0.02436882 0.007239997 0.03770911 -0.02531355 0.008530795 0.03852367 -0.02717697 0.01000392 0.0380128 -0.02885431 -0.002962648 0.008359014 1.4005e-4 -0.002760648 0.008991658 -3.54648e-4 -0.002982079 0.009106397 -2.54503e-4 -0.002867937 0.009283721 -4.23882e-4 -0.003022551 0.00927633 -3.24409e-4 -0.002628743 0.01036399 -0.001192569 0.006235837 0.0192278 -0.01472681 -9.05205e-4 0.03426164 -0.0152955 -0.00129646 0.03361034 -0.01461088 0.007093489 0.02055412 -0.01635789 0.006563127 0.02271968 -0.01687479 -0.001090943 0.03668981 -0.01641196 -9.55791e-4 0.03770887 -0.0170657 -0.001204371 0.03713536 -0.01657378 -7.67539e-4 0.03896421 -0.01789093 -0.001013636 0.03940331 -0.01792299 -8.07442e-4 0.03982746 -0.01831066 -0.001037657 0.03990727 -0.01818221 -8.83045e-4 0.04059922 -0.01865994 -5.9456e-4 0.04041361 -0.01880729 4.74711e-5 0.04130738 -0.01986563 -0.003062844 0.008464932 1.43055e-4 -0.003186643 0.008618175 1.0996e-4 -0.003122985 0.009175896 -2.24999e-4 -0.003233969 0.01045411 -9.40489e-4 -0.002461612 0.01172161 -0.002053976 -0.001880049 0.01485759 -0.004226744 -6.82421e-4 0.01696532 -0.006478846 -0.00203669 0.01907622 -0.006301343 -0.001344561 0.0260629 -0.01059299 -0.002243936 0.0311588 -0.01312816 -0.003180325 0.01637059 -0.004530191 -5.77202e-4 0.03117275 -0.01397621 -0.001229584 0.02990502 -0.01271498 -0.001775562 0.03877162 -0.01756626 -0.001126348 0.03816497 -0.01717889 -0.001133024 0.03896582 -0.01761192 -0.00119102 0.03947222 -0.01786446 -0.003197014 0.008952438 -7.60919e-5 -0.003677666 0.00929892 -4.6123e-4 -0.00350213 0.009253919 -3.03787e-4 -0.003409445 0.009075939 -1.55333e-4 -0.003393292 0.009305596 -2.86625e-4 -0.003062188 0.008963763 -1.32766e-4 -0.003314137 0.009240329 -2.3395e-4 -0.003191292 0.009261727 -2.5328e-4 -0.002599298 0.00951147 -7.69524e-4 -0.003557026 0.0108332 -0.00133109 -0.002819061 0.009866476 -7.71096e-4 -0.003239154 0.01062059 -0.001036047 -0.003112971 0.010329 -8.76298e-4 -0.003073096 0.01076936 -0.001136779 -0.0028885 0.01042997 -0.001030206 -0.002886712 0.01104068 -0.001362502 -0.002779066 0.01144134 -0.001645028 -0.002673149 0.01206254 -0.002056062 -0.002680897 0.01254904 -0.002310633 -0.002252578 0.01540011 -0.004175424 -0.002604186 0.01525312 -0.003822743 -0.002481102 0.01432037 -0.00340873 -0.00182867 0.01676982 -0.005274713 -0.002182841 0.01663541 -0.004886925 -0.001979887 0.02099686 -0.00736314 -0.001869499 0.02483606 -0.009490668 -0.002343952 0.0274378 -0.01087558 -0.002791523 0.02002811 -0.00655508 -0.001394212 0.02780473 -0.01145774 -0.001639127 0.02850365 -0.01162481 -0.001294732 0.03076338 -0.01310729 -0.001364171 0.0345121 -0.01504939 -0.001360416 0.03405815 -0.01480603 -0.001959443 0.03655499 -0.0163142 -0.001297712 0.03725677 -0.01659035 -0.001389086 0.03738743 -0.01662945 -0.001909434 0.0383147 -0.01739591 -0.001217484 0.03769701 -0.01687145 -0.001707077 0.03897452 -0.01764309 -0.001647531 0.03879606 -0.01749378 -0.001583933 0.03894615 -0.01755475 -0.001435875 0.03888797 -0.01748389 -0.00151962 0.03888005 -0.01749253 -0.001338303 0.0388813 -0.01748752 -0.001294791 0.0390051 -0.01756793 -9.79339e-4 0.03891134 -0.01768445 -0.001527905 0.03960764 -0.0179333 -0.001291871 0.03952741 -0.01786434 -0.001485645 0.03990185 -0.01809614 -0.001222074 0.0399006 -0.01809132 -0.001206278 0.04021883 -0.01827776 -0.001067757 0.04018449 -0.01831632 -0.001231908 0.04050505 -0.01843309 -0.001088142 0.04050552 -0.01848274 -0.001111626 0.04077565 -0.0186221 -9.86549e-4 0.04085236 -0.01872694 -0.003330707 0.008917272 -4.49046e-5 -0.003336131 0.009042024 -1.19792e-4 -0.003266632 0.009093701 -1.47571e-4 -0.003262817 0.009365856 -3.05588e-4 -0.003481745 0.009697318 -5.66544e-4 -0.003545463 0.009858369 -7.06124e-4 -0.00336647 0.01032847 -8.97365e-4 -0.002992153 0.01012486 -8.05428e-4 -0.002984225 0.01053154 -0.001034796 -0.003402411 0.01176023 -0.001798272 -0.0032323 0.01215714 -0.001953244 -0.003238916 0.01272183 -0.002298772 -0.002843141 0.01193851 -0.001877784 -0.002747058 0.01314836 -0.002593219 -0.002548396 0.01326537 -0.002791941 -0.003119111 0.01547741 -0.003930568 -0.003048658 0.01485204 -0.003516495 -0.00281161 0.01574558 -0.004021704 -0.002888739 0.01639205 -0.004397809 -0.0024423 0.01566565 -0.004156887 -0.002458095 0.01613485 -0.004395365 -0.002961993 0.01744568 -0.005057215 -0.002356767 0.01736491 -0.005128443 -0.002343952 0.0180608 -0.005511105 -0.00230211 0.01906412 -0.006082177 -0.002605438 0.02180016 -0.007558047 -0.002649664 0.02083998 -0.006993949 -0.00199455 0.02206444 -0.007914721 -0.002094149 0.02391564 -0.008845686 -0.002378106 0.02542722 -0.009668111 -0.002416193 0.02357953 -0.008577346 -0.002285957 0.02625828 -0.01014149 -0.00185132 0.02573394 -0.009983539 -0.002226173 0.02777373 -0.0110315 -0.00216782 0.02906203 -0.0117889 -0.00166279 0.02763468 -0.01114034 -0.001845777 0.02741593 -0.01090002 -0.002195 0.03009504 -0.01243185 -0.001500368 0.0294283 -0.01222425 -0.00186485 0.03157716 -0.01323062 -0.001485168 0.0324071 -0.01383006 -0.001947999 0.0356996 -0.01576656 -0.001557052 0.03609561 -0.01585924 -0.001385509 0.03700202 -0.0164135 -0.001286029 0.03661829 -0.01624244 -0.001745402 0.0378502 -0.01696652 -0.001892805 0.03803884 -0.0172013 -0.001464784 0.0375089 -0.01668423 -0.001532495 0.03776967 -0.01683568 -0.001793861 0.03809446 -0.01715379 -0.001592278 0.03781205 -0.01687353 -0.001670241 0.03794234 -0.01698285 -0.001456439 0.03818809 -0.01707667 -0.001327335 0.03756302 -0.01674586 -0.001758575 0.03839153 -0.01731455 -0.001414895 0.03868305 -0.01736485 -0.001199781 0.03886741 -0.01752603 -0.001442909 0.03910923 -0.01761269 -0.001437425 0.03955692 -0.01787745 -0.001346409 0.03973245 -0.01797544 -0.001359879 0.03998327 -0.01812106 -0.001415133 0.04010355 -0.01819807 -0.001350343 0.04029238 -0.01830166 -0.001268863 0.04025471 -0.01828444 -0.003644704 0.009519338 -5.6937e-4 -0.003647804 0.01009315 -9.41375e-4 -0.00349164 0.01055192 -0.001103043 -0.003407657 0.00964123 -4.9619e-4 -0.002992749 0.00966978 -5.5362e-4 -0.003427684 0.01014417 -8.12183e-4 -0.003293633 0.01007544 -7.2276e-4 -0.003191709 0.01010948 -7.39709e-4 -0.003403127 0.01094108 -0.001290082 -0.002942025 0.01127243 -0.001464545 -0.002934575 0.01162701 -0.001664698 -0.003037214 0.01160883 -0.001620173 -0.002825736 0.01265692 -0.002283573 -0.002987265 0.01281172 -0.002316951 -0.00294435 0.01259428 -0.002202868 -0.00305283 0.0128864 -0.002354443 -0.003136277 0.01281368 -0.00232023 -0.002935826 0.01325339 -0.002576053 -0.003125131 0.01334494 -0.002634584 -0.003031075 0.01406115 -0.003040075 -0.002588629 0.01474928 -0.003561079 -0.002723753 0.01480984 -0.003520846 -0.003008246 0.01657837 -0.004548311 -0.002858936 0.01622861 -0.004299461 -0.002597987 0.01581716 -0.004135668 -0.002656877 0.0161395 -0.00428617 -0.002485752 0.01666384 -0.004661679 -0.002508521 0.0173372 -0.005018889 -0.002473771 0.01877063 -0.005825161 -0.002740085 0.01947891 -0.006203353 -0.00258708 0.0210343 -0.007098317 -0.002206802 0.02092844 -0.007150769 -0.002303838 0.02031046 -0.006756722 -0.002108573 0.0218293 -0.007704317 -0.002219676 0.02166819 -0.007546782 -0.002012491 0.02308821 -0.008447647 -0.002047955 0.02268987 -0.008209347 -0.00231111 0.02489203 -0.009339332 -0.001910746 0.02556723 -0.009854078 -0.002046644 0.02489346 -0.009408056 -0.001759231 0.02639836 -0.01040774 -0.001809477 0.02686727 -0.01062422 -0.001850962 0.02793216 -0.01118004 -0.0016644 0.02935451 -0.01206409 -0.001838862 0.02863514 -0.01157158 -0.002093911 0.03122997 -0.01307773 -0.002100229 0.03205114 -0.0135883 -0.001548886 0.03072708 -0.01288294 -0.001701354 0.03074276 -0.01280277 -0.002002894 0.03164321 -0.01329028 -0.00146687 0.03145372 -0.01332712 -0.001770555 0.03126877 -0.01306796 -0.001880407 0.03360563 -0.01443201 -0.001886785 0.03558987 -0.01565212 -0.001687407 0.03228729 -0.01366585 -0.001645147 0.03164446 -0.01332634 -0.001753509 0.03405904 -0.01467448 -0.001476764 0.03348511 -0.01442354 -0.001636624 0.03333234 -0.01427006 -0.001872479 0.03446495 -0.01495164 -0.001748502 0.03436976 -0.01485645 -0.001519083 0.03432047 -0.01486349 -0.00150913 0.0348978 -0.01519024 -0.00141859 0.03581583 -0.01573699 -0.001507341 0.03574866 -0.01567167 -0.001278102 0.03575026 -0.01577621 -0.001686871 0.03626364 -0.01597028 -0.001756608 0.03607881 -0.01588243 -0.001144886 0.03548091 -0.0157265 -0.001605451 0.03643602 -0.01605862 -0.001798868 0.03672683 -0.01630389 -0.001657605 0.03674501 -0.01625078 -0.001505672 0.03657484 -0.01614278 -0.001654744 0.03745257 -0.01667565 -0.001519978 0.03697532 -0.01637101 -0.001540303 0.03756928 -0.0167182 -0.001286089 0.03831702 -0.01718461 -0.001387596 0.03823912 -0.01711314 -0.001525461 0.03835618 -0.0171808 -0.001613914 0.03844696 -0.0172649 -0.00312817 0.009786128 -5.66991e-4 -0.003364682 0.010679 -0.001109063 -0.003288686 0.01088404 -0.001204073 -0.003158867 0.01083791 -0.001162528 -0.003204643 0.01109743 -0.001314938 -0.003302395 0.01124799 -0.001429259 -0.00322926 0.01138287 -0.001488387 -0.003118157 0.01133424 -0.001450657 -0.00314337 0.01173478 -0.001684784 -0.003253877 0.01175546 -0.001716971 -0.003033339 0.01198714 -0.001837432 -0.003111004 0.01225304 -0.001985251 -0.003035128 0.01370674 -0.002831935 -0.002706825 0.01345437 -0.002784609 -0.002927839 0.01370638 -0.002837598 -0.002824783 0.01355409 -0.002781927 -0.002699732 0.0141924 -0.003191113 -0.002921521 0.01409643 -0.00306195 -0.002814173 0.0140618 -0.003068506 -0.002948105 0.01460707 -0.003355205 -0.002848684 0.01491361 -0.003539741 -0.00294727 0.01507759 -0.003630697 -0.002966761 0.01543396 -0.003842711 -0.002775788 0.01517117 -0.003704249 -0.002847492 0.01538181 -0.003807961 -0.003032505 0.01570314 -0.00402522 -0.002749085 0.01562196 -0.003966331 -0.002910912 0.01582217 -0.004064321 -0.00295943 0.01638823 -0.004413485 -0.002784729 0.0162484 -0.004314422 -0.00266236 0.01658892 -0.004535913 -0.00286287 0.01733976 -0.004955351 -0.002699851 0.0168873 -0.004693984 -0.002569496 0.01689308 -0.004743158 -0.002617478 0.01728767 -0.004944264 -0.002795219 0.01774299 -0.00518155 -0.002771079 0.01806461 -0.005368828 -0.002635002 0.01767569 -0.005156457 -0.002570688 0.0179966 -0.005357384 -0.002690136 0.01788437 -0.005265772 -0.002488434 0.01831072 -0.005565404 -0.002747118 0.0186333 -0.005701243 -0.002627313 0.01826614 -0.005492687 -0.002780854 0.0192511 -0.006079316 -0.002515971 0.01912432 -0.006007254 -0.002487063 0.01945137 -0.006201088 -0.002607285 0.01951795 -0.006213784 -0.002648353 0.01930719 -0.006089329 -0.00224781 0.0195294 -0.006369709 -0.002696931 0.01996904 -0.006486058 -0.002634346 0.01991313 -0.00644356 -0.002361834 0.01964211 -0.006361484 -0.002427935 0.01982814 -0.006433069 -0.002658963 0.0202068 -0.006619036 -0.002591013 0.02047842 -0.006771206 -0.002544403 0.02080678 -0.006962358 -0.002350687 0.02072751 -0.006964743 -0.002540409 0.02194339 -0.007627904 -0.002257704 0.0219739 -0.007696628 -0.002164542 0.02285915 -0.008229672 -0.002220153 0.02245676 -0.007980823 -0.002314388 0.02394777 -0.008792579 -0.002162873 0.02322351 -0.00843209 -0.002252638 0.02440381 -0.009062409 -0.002206563 0.02396476 -0.008825719 -0.0021407 0.02454769 -0.009175956 -0.00207746 0.02543318 -0.009693384 -0.002135574 0.02518707 -0.009536325 -0.002267301 0.02565258 -0.009782791 -0.002035439 0.02585762 -0.009946584 -0.002120971 0.02628505 -0.01015901 -0.002267003 0.02705454 -0.01061242 -0.002242147 0.02653825 -0.01030111 -0.002208113 0.02736341 -0.01078259 -0.001938343 0.02647936 -0.01033633 -0.001958966 0.02732652 -0.01079583 -0.002064585 0.02727299 -0.01073414 -0.001972496 0.02767312 -0.01098388 -0.001787662 0.02834737 -0.01144212 -0.002153694 0.02819782 -0.01126801 -0.002111971 0.02843314 -0.01140159 -0.00194031 0.02817624 -0.01127636 -0.00182718 0.02899533 -0.01177865 -0.001952707 0.02891159 -0.01168847 -0.001887142 0.02933204 -0.01194417 -0.002130746 0.02978408 -0.01221221 -0.001781404 0.02946662 -0.01205855 -0.001827359 0.02992999 -0.01229703 -0.001627266 0.03003674 -0.01245599 -0.002134263 0.03087556 -0.01288115 -0.002086699 0.03052413 -0.01264423 -0.001772224 0.03033232 -0.01254248 -0.00203073 0.0309174 -0.01286298 -0.001940429 0.03113836 -0.01297545 -0.001911699 0.03069776 -0.01271855 -0.001798987 0.0309475 -0.01287943 -0.001839756 0.0305801 -0.01266205 -0.001766681 0.03175014 -0.0133419 -0.001920998 0.03165727 -0.01327997 -0.001999616 0.03244543 -0.01377636 -0.00149554 0.03162956 -0.01340389 -0.00166136 0.03266888 -0.01389062 -0.001766443 0.03262555 -0.01384305 -0.0017457 0.03336477 -0.01427054 -0.001845061 0.03319412 -0.01417636 -0.001738548 0.03364676 -0.01443302 -0.001621007 0.03362047 -0.01443862 -0.001637816 0.03406411 -0.01468527 -0.001526832 0.03403049 -0.01470011 -0.001749694 0.03469878 -0.01505076 -0.001645565 0.03455454 -0.01496464 -0.001779437 0.03516769 -0.01534032 -0.001601874 0.03535532 -0.01543056 -0.001482307 0.03530061 -0.0154252 -0.001704692 0.03521418 -0.0153501 -0.0016523 0.03556376 -0.0155484 -0.001754045 0.03571641 -0.01566272 -0.001668512 0.03579384 -0.01568764 -0.001578211 0.03586566 -0.01572602 -0.001553773 0.03728795 -0.01655364 -0.003038346 0.01333755 -0.002617001 -0.002889692 0.01678884 -0.004634439 -0.002794802 0.01679188 -0.004626393 -0.002702414 0.01734817 -0.004956603 -0.002775788 0.01739948 -0.004980325 -0.002641677 0.01867842 -0.005726695 -0.002620339 0.01904153 -0.005937397 -0.002534508 0.01989883 -0.006441891 -0.002521574 0.02005034 -0.006529569 -0.002523243 0.02040576 -0.006733 -0.002444028 0.02024441 -0.006660282 -0.002424955 0.02076882 -0.006960213 -0.002500176 0.02096617 -0.007057487 -0.002506077 0.02124726 -0.007218956 -0.002381384 0.02125102 -0.007244646 -0.002527534 0.02171844 -0.007493555 -0.002392649 0.0216844 -0.00748527 -0.00245279 0.0222209 -0.007785618 -0.00239408 0.02188026 -0.007597148 -0.002331912 0.0222485 -0.0078215 -0.002393066 0.02281266 -0.008131742 -0.002296447 0.02315187 -0.008340775 -0.002250432 0.02294802 -0.008241832 -0.002340435 0.02359002 -0.008584499 -0.002263724 0.02367269 -0.008644342 -0.00223416 0.02479648 -0.009290695 -0.002278447 0.0253973 -0.009633958 -0.002184689 0.02538639 -0.009635925 -0.002163708 0.02592337 -0.009945154 -0.002194106 0.02637416 -0.01020151 -0.002206802 0.02693235 -0.01052844 -0.002148211 0.0267812 -0.01044052 -0.002057731 0.02675431 -0.01044142 -0.002150535 0.0272544 -0.01071369 -0.00222969 0.02755439 -0.0109018 -0.002093732 0.02769672 -0.010971 -0.002108275 0.02789252 -0.01108551 -0.002053022 0.02819913 -0.01126503 -0.001988828 0.02857577 -0.01148986 -0.002068579 0.02907222 -0.01177364 -0.002006649 0.02954804 -0.01204913 -0.002042531 0.02975356 -0.01217204 -0.001987278 0.02925646 -0.01188105 -0.002085268 0.03014522 -0.01241499 -0.002010643 0.03012043 -0.01238435 -0.001935541 0.02998632 -0.01230514 -0.001944482 0.03044408 -0.01256996 -0.001997351 0.03059118 -0.01266062 -0.001838266 0.03258472 -0.01381713 -0.001904368 0.03255093 -0.0138067 -0.001843094 0.03285908 -0.0139774 -0.001752495 0.03280824 -0.01394855 -0.00135529 0.0352388 -0.01545137 -0.002717018 0.01902496 -0.005929887 -0.002315044 0.02270454 -0.00808382</float_array>
          <technique_common>
            <accessor source="#Part__Feature116_001-mesh-positions-array" count="1866" stride="3">
              <param name="X" type="float"/>
              <param name="Y" type="float"/>
              <param name="Z" type="float"/>
            </accessor>
          </technique_common>
        </source>
        <source id="Part__Feature116_001-mesh-normals">
          <float_array id="Part__Feature116_001-mesh-normals-array" count="11196">-0.06282806 -0.8567044 0.5119671 -0.102191 -0.8397974 0.5331954 -0.1538736 -0.8024213 0.5765789 -0.2215375 -0.758349 0.613048 -0.2551528 -0.7251815 0.6395381 -0.3259831 -0.6663222 0.6706339 -0.3606758 -0.621388 0.6955501 -0.4366388 -0.5420042 0.7180377 -0.4728393 -0.4837846 0.7364615 -0.5072066 -0.441086 0.740395 -0.5530365 -0.3597705 0.7514759 -0.582926 -0.31411 0.7493546 -0.6059789 -0.256152 0.7531109 -0.656696 -0.1475263 0.7395852 -0.6630361 -0.119787 0.7389414 -0.7044957 0.002762377 0.7097029 -0.7087131 0.03642827 0.7045557 -0.714995 0.1731741 0.6773425 -0.7270808 0.1200886 0.6759677 -0.727725 0.1223792 0.6748628 -0.7525788 0.1474749 0.641776 -0.7621042 0.2392546 0.6016265 -0.7194055 0.2638323 0.6425327 -0.7239865 0.3334509 0.603866 -0.7503267 0.3810525 0.5401936 -0.7672885 0.3263753 0.5520397 -0.7186403 0.4687779 0.513618 -0.717794 0.4113085 0.5617803 -0.730257 0.4798859 0.4862451 -0.6988962 0.5971375 0.3936636 -0.6904053 0.6058178 0.3953801 -0.7332278 0.5184828 0.4399463 -0.7048113 0.5505751 0.4473343 -0.6402625 0.7135318 0.2844932 -0.6374999 0.7127065 0.2926492 -0.6552725 0.6858664 0.3165521 -0.6706864 0.6723012 0.3133543 -0.6009045 0.7797447 0.1758186 -0.5347585 0.8282974 0.1672024 -0.5834497 0.7894032 0.1908641 -0.5849105 0.7894712 0.1860516 -0.5295494 0.8461955 0.05942112 -0.4398952 0.8979381 0.01412522 -0.5205341 0.8510991 0.06837272 -0.4784472 0.8759199 0.06206995 -0.4396563 0.8975917 -0.03211766 -0.4520576 0.8913594 -0.03350239 -0.3468474 0.9307949 -0.1154035 -0.3937383 0.9180641 -0.0461362 -0.3490289 0.926543 -0.1403459 -0.328868 0.9302809 -0.162553 -0.3275632 0.9323549 -0.1530256 -0.2130166 0.9437154 -0.253032 -0.2158656 0.9376907 -0.2722837 -0.2055227 0.9402036 -0.2716207 -0.2179855 0.9370427 -0.2728248 -0.08947306 0.9159888 -0.3911002 -0.07729429 0.9177981 -0.3894516 -0.08360743 0.9192319 -0.3847371 -0.08440637 0.9145442 -0.3955815 0.04484045 0.8702824 -0.4905079 0.04437041 0.8667014 -0.4968501 0.03212207 0.8688689 -0.493999 0.03853005 0.8692517 -0.4928661 0.02748084 -0.9006513 0.433673 0.05817699 -0.9086873 0.4134041 0.1954691 -0.9360822 0.2924757 0.2982407 -0.9380373 0.1764615 0.396983 -0.9145563 0.07740402 0.4801864 -0.8762011 -0.0411455 0.5933337 -0.7820645 -0.1906055 0.6303605 -0.7289543 -0.2669669 0.7007462 -0.5889594 -0.4025937 0.7098119 -0.5513538 -0.438379 0.7435463 -0.3087133 -0.5931568 0.7429578 -0.3017124 -0.597481 0.7222165 -0.09864056 -0.6845973 0.714883 -0.04889553 -0.6975325 0.6633966 0.1192097 -0.7387111 0.6440128 0.1782346 -0.7439624 0.5653121 0.3381891 -0.7523632 0.5411353 0.3869436 -0.7466238 0.4031455 0.5754696 -0.7115536 0.3565355 0.6345038 -0.6857751 0.2380052 0.7392104 -0.6300171 0.1314823 0.8234488 -0.5519462 -0.6762997 -0.3382682 -0.6543649 -0.6763216 -0.338247 -0.6543532 -0.9751485 -0.05497497 -0.2146232 -0.8939414 -0.1791474 -0.4108226 -0.9986801 0.01928985 -0.04760181 -0.9761026 0.1634272 0.1432322 -0.9923279 -0.00225073 -0.1236131 -0.676355 -0.3382803 -0.6543016 -0.6749564 -0.3381568 -0.6558078 -0.6749469 -0.3381755 -0.655808 -0.9914141 -0.01348358 -0.1300632 -0.9504081 -0.1068299 -0.2920823 -0.8938791 -0.1858876 -0.4079535 -0.6750805 -0.3376087 -0.6559625 -0.9905294 -0.01433646 -0.1365501 -0.994049 -0.006306529 -0.1087518 -0.9503553 -0.1070075 -0.2921887 -0.8911291 -0.1846818 -0.4144654 -0.6750403 -0.3372914 -0.656167 -0.9549511 -0.1038193 -0.2780109 -0.9565713 -0.1000196 -0.273802 -0.6739798 -0.3348402 -0.6585084 -0.8910024 -0.1856381 -0.4143107 -0.8913825 -0.1854682 -0.4135686 -0.9965269 0.08275014 0.009305119 -0.8290771 -0.2444409 -0.5028716 -0.8806889 -0.1968 -0.4308792 -0.985625 -0.02959477 -0.1663357 -0.6733692 -0.3374702 -0.6577901 -0.9378228 -0.1329686 -0.3206366 -0.9861649 -0.03589189 -0.1618348 -0.9491137 -0.1064419 -0.2964007 -0.8968695 -0.1744307 -0.4064468 -0.9176083 -0.1755186 -0.3566347 -0.9826254 -0.02291625 -0.1841796 -0.9702237 -0.08244317 -0.2277478 -0.9706436 -0.08577072 -0.2247092 -0.9017891 -0.1241197 -0.4139696 -0.766029 -0.2779717 -0.579596 -0.8806614 -0.2015156 -0.4287505 -0.9601213 -0.09132403 -0.2642486 -0.9637143 -0.08051234 -0.2545043 -0.9958294 0.00114566 -0.0912289 -0.9009663 -0.1685672 -0.3998059 -0.9975064 0.07056248 0.00137782 -0.9280103 -0.1307816 -0.3488453 -0.8989564 -0.1861599 -0.3965124 -0.9768515 -0.04915881 -0.2081938 -0.9772312 -0.06068497 -0.2033141 -0.9167698 -0.1608242 -0.3656075 -0.9974659 0.02766865 -0.0655474 -0.9686638 -0.07299107 -0.2374083 -0.9968575 0.01672852 -0.07742929 -0.9903053 -0.01639097 -0.1379375 -0.825873 -0.243805 -0.508422 -0.8722462 -0.1596938 -0.4622605 -0.978671 -0.04674911 -0.2000444 -0.8354333 -0.2397899 -0.4945222 -0.9092542 -0.1641961 -0.3824873 -0.9922887 -0.02769619 -0.120814 -0.9842795 0.08653622 -0.1539661 -0.9814647 -0.06018203 -0.1819484 -0.8990837 -0.1873624 -0.3956564 -0.9578853 -0.09000515 -0.2726809 -0.9572247 -0.1023761 -0.2706288 -0.9404141 -0.1215125 -0.3175786 -0.9399568 -0.1229684 -0.3183709 -0.9832654 -0.04098159 -0.17751 -0.9445762 -0.1212642 -0.3050754 -0.9019631 -0.1707348 -0.3966262 -0.9779809 -0.03628104 -0.2055169 -0.9392189 -0.1223832 -0.3207652 -0.9977304 0.06711655 0.005442738 -0.8590451 -0.218821 -0.4627733 -0.9389861 -0.1239616 -0.3208407 -0.997835 0.06533062 0.007564365 -0.9826171 -0.04107153 -0.1810441 -0.9353153 -0.1314136 -0.3285054 -0.6785883 -0.3217171 -0.6603151 -0.6807128 -0.3278962 -0.6550681 -0.6832898 -0.330402 -0.6511142 -0.6862266 -0.3312162 -0.6476026 -0.689186 -0.3311567 -0.6444827 -0.6990475 -0.3298071 -0.6344761 -0.9856631 -0.03756821 -0.1644901 -0.8450074 -0.2329211 -0.4813632 -0.8136784 -0.2488008 -0.5253816 -0.9911525 -0.004753708 -0.1326433 -0.9920127 -0.003607869 -0.1260873 -0.9917839 -0.07254689 -0.1053651 -0.9363905 -0.1354974 -0.323749 -0.8152326 -0.2592567 -0.5178628 -0.9084115 -0.1714237 -0.3813169 -0.9981623 0.0277816 -0.05385422 -0.9752792 -0.05419963 -0.2142264 -0.9963862 0.02123939 -0.08224141 -0.9659581 -0.08468043 -0.2444466 -0.9661239 -0.08588635 -0.2433682 -0.9967881 0.0765413 0.02355802 -0.8753352 -0.199239 -0.4405592 -0.9396641 -0.1217954 -0.319683 -0.9067971 -0.1715603 -0.3850795 -0.9964345 0.07740604 0.03356623 -0.9843205 -0.04720032 -0.1699572 -0.9411204 -0.1179566 -0.3168262 -0.9940794 0.00489062 -0.1085466 -0.8721185 -0.2080219 -0.4428728 -0.9076239 -0.166898 -0.3851804 -0.9437168 -0.1282004 -0.3048987 -0.9568493 -0.09496062 -0.2746306 -0.9938761 -0.01333266 -0.1096932 -0.7483205 -0.2773029 -0.6025941 -0.7807658 -0.3043364 -0.545696 -0.9783558 0.1346852 0.1570981 -0.9757261 0.1483904 0.1610556 -0.9306652 -0.1555881 -0.3311417 -0.9983816 0.04616367 -0.03321337 -0.9804277 -0.03672289 -0.1934243 -0.9976748 0.02994781 -0.06122267 -0.9988605 0.04422897 -0.01793342 -0.8940522 -0.1699767 -0.414462 -0.9726726 -0.07422798 -0.219996 -0.9981608 0.02298969 -0.05609428 -0.9889499 -0.01160299 -0.1477954 -0.9874518 -0.03147107 -0.1547533 -0.9848271 -0.03498148 -0.1699765 -0.9962567 0.08188098 0.02771699 -0.9954667 0.08459216 0.04347717 -0.9893631 -0.03448903 -0.1413202 -0.913316 -0.1609554 -0.3740956 -0.8446045 -0.2331939 -0.4819377 -0.9989939 0.04120385 -0.0177015 -0.910921 -0.1671 -0.3772273 -0.9925443 0.1022878 0.06628012 -0.9925391 0.1027216 0.06568425 -0.9954909 0.08303743 0.04585671 -0.9548209 -0.09432828 -0.2818141 -0.9566895 -0.08878266 -0.2772418 -0.9953223 0.001747548 -0.09659546 -0.8380076 -0.2410969 -0.4895053 -0.9645244 -0.1114171 -0.2393304 -0.9949476 0.09634274 0.02823823 -0.9990701 0.03685027 -0.02238404 -0.9235855 -0.1379539 -0.3577131 -0.9904003 0.1129825 0.07963794 -0.9675033 0.166804 0.1900367 -0.9970902 0.02861642 -0.0706554 -0.9736372 -0.06996798 -0.2171064 -0.9139416 -0.1648988 -0.3708357 -0.8798143 0.2467658 0.4062432 -0.9788751 -0.06274956 -0.1945927 -0.8416762 -0.2345407 -0.4863864 -0.8202359 -0.2500266 -0.5144899 -0.9773588 -0.05656248 -0.2038885 -0.9936861 0.1003634 0.05015057 -0.9576116 -0.1182004 -0.2626953 -0.9547364 -0.105495 -0.2781176 -0.9765399 0.1600653 0.144045 -0.9896247 0.1099574 0.09247994 -0.9704855 -0.08945411 -0.2239552 -0.9888657 0.1131469 0.09665685 -0.968493 -0.0744552 -0.2376503 -0.815887 -0.2366422 -0.5275691 -0.9017894 -0.1814357 -0.3922464 -0.9337805 -0.1307461 -0.3331059 -0.9610835 -0.07531267 -0.265794 -0.9990314 0.03566104 -0.02578061 -0.8523148 -0.221108 -0.4739947 -0.9368713 -0.124258 -0.3268522 -0.876622 -0.2025756 -0.4364598 -0.9255982 -0.1512023 -0.3469957 -0.9975091 0.03379702 -0.06191575 -0.9944639 0.08882999 0.05613136 -0.9985156 0.0325489 -0.04367291 -0.949377 -0.10405 -0.2964068 -0.9897063 -0.01575607 -0.1422432 -0.9884741 -0.02923983 -0.1485399 -0.9955185 0.08257347 0.04609304 -0.9967946 0.01083302 -0.07926696 -0.9808413 -0.04341173 -0.1899103 -0.9979889 0.03617399 -0.05205327 -0.9984323 0.03272932 -0.04540699 -0.9977909 0.06638169 0.002601027 -0.9619209 -0.08708226 -0.2590852 -0.4970304 -0.4073484 -0.7661775 -0.5024983 -0.4059134 -0.7633674 -0.5194371 -0.4078351 -0.7509033 -0.9634662 0.172788 0.2046393 -0.988335 0.1217634 0.09147572 -0.5212512 -0.4007294 -0.7534676 -0.5387735 -0.4169798 -0.7320184 -0.8352199 -0.2459334 -0.4918584 -0.8830825 -0.1816715 -0.4326208 -0.9103483 -0.1680482 -0.3781875 -0.8918277 -0.1917251 -0.4097376 -0.8555557 -0.2166559 -0.4701964 -0.9413709 -0.1165779 -0.3165919 -0.9824663 -0.03616952 -0.1828985 -0.9913723 -0.02626037 -0.1284192 -0.9811794 -0.05431133 -0.1853035 -0.994888 0.01830744 -0.09931164 -0.9894868 0.134524 0.05309796 -0.9826285 0.1316545 0.1307989 -0.9702982 -0.0891937 -0.2248685 -0.9818503 0.1351048 0.1331042 -0.9864952 -0.0393837 -0.1589848 -0.9974819 0.0684508 -0.01856011 -0.9476279 -0.1168303 -0.2972408 -0.9624229 -0.09860891 -0.2530188 -0.9621057 -0.09293532 -0.2563511 -0.9905459 -0.01415884 -0.136449 -0.9940507 7.44246e-4 -0.1089165 -0.9951931 0.004070699 -0.09784698 -0.9597927 -0.08222436 -0.2683975 -0.9641885 -0.08130562 -0.252448 -0.9953462 -0.001055479 -0.09635895 -0.9990513 0.04352152 -0.001564085 -0.9369635 -0.1256867 -0.3260405 -0.9624792 -0.09636241 -0.253669 -0.9987066 0.04747062 -0.01821333 -0.9397377 -0.1325016 -0.315177 -0.9983183 0.05791556 0.002550482 -0.9808784 0.1456762 0.1290583 -0.9892518 -0.005235671 -0.1461288 -0.9935864 -0.01140767 -0.1124987 -0.9460267 -0.1067374 -0.3060078 -0.8937103 -0.1875128 -0.4075794 -0.9912186 -0.03532332 -0.1274284 -0.9955416 0.03170615 -0.08883517 -0.8784997 -0.2010642 -0.4333724 -0.6718675 -0.3413413 -0.6573281 -0.6697866 -0.3431013 -0.6585343 -0.9637947 -0.09484428 -0.2492077 -0.9787909 -0.04998868 -0.1986696 -0.996797 0.0144698 -0.07865363 -0.673096 -0.3404472 -0.6565345 -0.6621115 -0.3388835 -0.6684059 -0.9987195 0.0473743 0.01775074 -0.8004393 -0.2492897 -0.5451163 -0.909557 -0.1642801 -0.3817306 -0.8397364 -0.2340512 -0.4899623 -0.6556996 -0.3330247 -0.6776081 -0.9111143 -0.1610224 -0.3793978 -0.9473422 -0.1303309 -0.2925005 -0.6658151 -0.3542189 -0.656673 -0.8425776 -0.2519232 -0.476023 -0.9694415 -0.07438886 -0.2337724 -0.9093951 -0.1641179 -0.3821857 -0.9614924 -0.1049609 -0.2539997 -0.6273551 -0.3448829 -0.6981987 -0.6432418 -0.3366575 -0.6876785 -0.9827013 -0.04227751 -0.1803075 -0.6616665 -0.3598878 -0.6577828 -0.6659319 -0.3433709 -0.6622923 -0.6633276 -0.3449856 -0.6640644 -0.6617046 -0.3462048 -0.6650484 -0.6730324 -0.3398979 -0.6568841 -0.9943634 -0.003294289 -0.1059748 -0.9889655 -0.009515702 -0.1478405 -0.9977172 0.06202107 -0.02671837 -0.9542543 -0.0707798 -0.2904979 -0.9990286 0.03942561 -0.01968598 -0.9729037 -0.06870144 -0.2207679 -0.6627116 -0.345316 -0.6645075 -0.6611586 -0.3432968 -0.6670957 -0.661581 -0.3436439 -0.666498 -0.9287108 -0.1453549 -0.3411281 -0.9848771 -0.03441089 -0.1698032 -0.9943338 0.09766983 0.04196465 -0.9921218 -0.01331186 -0.1245682 -0.9612257 -0.09044212 -0.2605102 -0.9743491 -0.05533152 -0.2181336 -0.9585931 -0.1090038 -0.2630922 -0.9961614 0.01846462 -0.08556771 -0.9949753 0.001681447 -0.1001073 -0.6624212 -0.3439446 -0.6655074 -0.9711118 -0.06966513 -0.2282291 -0.9914937 0.1038759 0.07842284 -0.9679632 0.1732074 0.1817874 -0.9984375 0.05004692 -0.02485591 -0.9967807 0.01483988 -0.07879114 -0.9818691 0.1336187 0.1344593 -0.9690666 -0.0713551 -0.2362593 -0.9989745 0.03487926 -0.0288704 -0.9975042 0.03746211 -0.0598486 -0.9784625 -0.05676984 -0.1984655 -0.86803 -0.2194705 -0.4453725 -0.9980015 0.06201922 -0.01211893 -0.97848 -0.06079465 -0.1971825 -0.9940554 0.001310288 -0.1088681 -0.9951356 0.09001505 0.04003173 -0.9684239 -0.07880693 -0.2365264 -0.9674722 -0.08147162 -0.2394996 -0.908077 -0.1617056 -0.3863259 -0.8981405 -0.1888493 -0.397089 -0.9589725 -0.07733672 -0.272747 -0.911666 -0.1542063 -0.380901 -0.9907591 -0.008311092 -0.1353787 -0.9986698 0.04908192 -0.01580464 -0.9912574 -0.01627618 -0.1309342 -0.985463 -0.02170652 -0.1684976 -0.6743083 -0.3372521 -0.6569395 -0.6745867 -0.3417421 -0.654328 -0.6637512 -0.3439701 -0.6641679 -0.6930301 -0.3220645 -0.644968 -0.6801962 -0.3403178 -0.6492433 -0.6622421 -0.3462671 -0.6644807 -0.7056282 -0.3625187 -0.6088261 -0.6686845 -0.3404866 -0.6610069 -0.5522813 -0.3861368 -0.7388395 -0.5801301 -0.4053021 -0.7065263 -0.5514572 -0.3843844 -0.7403672 -0.5519014 -0.3740246 -0.7453258 -0.6055876 -0.3695363 -0.7047742 -0.5602538 -0.4087042 -0.7204697 -0.5607193 -0.4081861 -0.7204014 -0.560078 -0.3471996 -0.7521736 -0.6299673 -0.354969 -0.690752 -0.6364535 -0.3601647 -0.6820619 -0.6634193 -0.3441432 -0.6644099 -0.6734248 -0.3397116 -0.6565783 -0.6591649 -0.3547443 -0.6630673 -0.6527148 -0.3478986 -0.6730008 -0.6746862 -0.3413891 -0.6544097 -0.6465269 -0.3518241 -0.6769217 -0.6266551 -0.3607782 -0.6907551 -0.594311 -0.3880912 -0.7044003 -0.6363784 -0.3603199 -0.6820499 -0.6148926 -0.3596996 -0.7018001 -0.6792591 -0.3525344 -0.643682 -0.6688226 -0.3427416 -0.6597004 -0.6460685 -0.3518024 -0.6773704 -0.666875 -0.3450943 -0.660445 -0.6784545 -0.3504889 -0.6456447 -0.6621049 -0.3419608 -0.6668433 -0.6752687 -0.3535135 -0.6473333 -0.6657244 -0.3332834 -0.6676326 -0.6706314 -0.3521534 -0.6528719 -0.6669694 -0.3413125 -0.6623125 -0.6783848 -0.3376421 -0.6525274 -0.6684748 -0.3418744 -0.6605024 -0.6670796 -0.3349624 -0.665436 -0.6681173 -0.3482061 -0.6575499 -0.668776 -0.3490018 -0.6564576 -0.6678376 -0.348106 -0.6578869 -0.6754315 -0.3384398 -0.6551724 -0.6685875 -0.3411324 -0.6607719 -0.6642832 -0.3455075 -0.6628366 -0.667261 -0.3415182 -0.6619125 -0.6651263 -0.345968 -0.6617502 -0.6648284 -0.3419625 -0.6641272 -0.6606938 -0.3445444 -0.666913 -0.6623001 -0.3419816 -0.6666388 -0.6636317 -0.3450924 -0.6637049 -0.6602869 -0.3448529 -0.6671564 -0.6619086 -0.3417602 -0.667141 -0.6638331 -0.3422034 -0.6649982 -0.6676347 -0.3444826 -0.6599968 -0.5475527 -0.387232 -0.7417799 -0.5432883 -0.3641256 -0.7564724 -0.56236 -0.392815 -0.7276316 -0.6436716 -0.3589882 -0.6758806 -0.5934462 -0.3764023 -0.7114372 -0.5907662 -0.3760125 -0.7138696 -0.4894134 -0.4054225 -0.7720799 -0.5039908 -0.4078996 -0.7613222 -0.5399388 -0.4050443 -0.7378382 -0.516169 -0.3991795 -0.7577766 -0.540327 -0.4000845 -0.7402563 -0.6436516 -0.3579488 -0.6764506 -0.5939092 -0.3735842 -0.7125355 -0.676442 -0.3218082 -0.6624695 -0.5894097 -0.3735319 -0.7162892 -0.5423961 -0.3976935 -0.7400314 -0.5719301 -0.3863296 -0.7236335 -0.587282 -0.3903828 -0.7090142 -0.5742629 -0.3786346 -0.7258499 -0.6032558 -0.3608552 -0.7112426 -0.5937417 -0.3902045 -0.7037124 -0.6048052 -0.3734083 -0.7034039 -0.6667034 -0.3610456 -0.6520375 -0.658718 -0.3402169 -0.6710761 -0.6655714 -0.3436068 -0.6625324 -0.6762405 -0.3380219 -0.6545534 -0.6804608 -0.3370457 -0.6506715 -0.706944 -0.332131 -0.6244352 -0.6981015 -0.3250132 -0.6379818 -0.6919546 -0.3334629 -0.6403135 -0.7154485 -0.3148308 -0.6237107 -0.5743766 -0.3844506 -0.722696 -0.4929332 -0.4067392 -0.7691426 -0.5401522 -0.3971029 -0.7419872 -0.6208581 -0.3633822 -0.6946141 -0.5714094 -0.3864206 -0.7239963 -0.6639503 -0.345768 -0.6630343 -0.6655755 -0.3436442 -0.6625088 -0.6622207 -0.3446348 -0.66535 -0.6640272 -0.3441615 -0.6637928 -0.6842372 -0.3395836 -0.6453701 -0.6713388 -0.3383997 -0.6593861 -0.5201835 -0.4061053 -0.7513239 -0.5179781 -0.4065049 -0.7526303 -0.6716836 -0.3369393 -0.6597827 -0.6650049 -0.3426374 -0.6636024 -0.6121106 -0.3706188 -0.6985431 -0.5998362 -0.3716607 -0.7085654 -0.66936 -0.3450659 -0.6579414 -0.6649022 -0.344417 -0.6627836 -0.5943273 -0.3789898 -0.7093249 -0.5667486 -0.3890973 -0.7262226 -0.5824165 -0.4350329 -0.6866858 -0.5666007 -0.3859542 -0.728013 -0.5672431 -0.3835623 -0.7287766 -0.5684024 -0.3811004 -0.7291648 -0.6410431 -0.365861 -0.6746922 -0.6245532 -0.3651118 -0.6903816 -0.6646401 -0.3438025 -0.6633653 -0.6743036 -0.3424091 -0.6542711 -0.6749662 -0.3383861 -0.6556795 -0.6724417 -0.3437755 -0.6554698 -0.6363815 -0.3516371 -0.6865639 -0.6666132 -0.3313378 -0.6677141 -0.6675058 -0.3423721 -0.6612242 -0.6683133 -0.3431338 -0.6600126 -0.6683841 -0.3372306 -0.6629769 -0.6632862 -0.3448538 -0.6641741 -0.6843802 -0.3290306 -0.6506633 -0.6694377 -0.3392685 -0.6608707 -0.6682652 -0.3464857 -0.6583079 -0.6968135 -0.3301464 -0.636753 -0.6709097 -0.3257084 -0.666179 -0.6647285 -0.3429902 -0.663697 -0.7151674 -0.3313144 -0.6154401 -0.6865637 -0.3309512 -0.6473806 -0.7810829 -0.2716994 -0.5622181 -0.7179672 -0.3171395 -0.6196336 -0.7140178 -0.3167353 -0.6243857 -0.7854684 -0.297768 -0.542562 -0.6930168 -0.3162243 -0.6478657 -0.6687028 -0.3404901 -0.6609866 -0.6205852 -0.3648091 -0.6941099 -0.5786781 -0.3471961 -0.7379611 -0.6148734 -0.3801178 -0.6909713 -0.5850253 -0.3788968 -0.7170653 -0.6602444 -0.3303356 -0.6745041 -0.6694227 -0.3447065 -0.6580659 -0.6034012 -0.3626569 -0.7102021 -0.6052731 -0.3580756 -0.7109336 -0.6683349 -0.3430525 -0.660033 -0.6618578 -0.3594101 -0.6578517 -0.6965351 -0.332589 -0.6357858 -0.6985598 -0.3422874 -0.6283738 -0.687552 -0.3089075 -0.6571518 -0.7006376 -0.3338488 -0.6305965 -0.6931798 -0.3259391 -0.6428573 -0.6939342 -0.3446904 -0.632174 -0.8075127 -0.2610571 -0.5289351 -0.7131279 -0.3153746 -0.626089 -0.7086982 -0.3254835 -0.6259452 -0.7722796 -0.2650544 -0.5773478 -0.7268022 -0.3440115 -0.5944869 -0.7182064 -0.3160044 -0.6199362 -0.6898839 -0.3239192 -0.6474077 -0.7089118 -0.3212078 -0.627909 -0.76766 -0.293826 -0.5695301 -0.8356866 -0.2316678 -0.4979539 -0.9018799 -0.1812075 -0.3921434 -0.8342472 -0.2411959 -0.4958389 -0.7790116 -0.2716171 -0.5651242 -0.762002 -0.2893989 -0.5793112 -0.8309028 -0.2408425 -0.501593 -0.8937599 -0.1718544 -0.4143181 -0.8303547 -0.2238948 -0.5102768 -0.6907004 -0.3300476 -0.6434296 -0.7028881 -0.3260016 -0.6321957 -0.6837381 -0.3528873 -0.6387275 -0.6754095 -0.3233736 -0.6627606 -0.6635736 -0.3467225 -0.6629131 -0.6797264 -0.3150955 -0.6623345 -0.6738702 -0.350178 -0.6505954 -0.6876397 -0.332 -0.6456995 -0.7008069 -0.329417 -0.6327354 -0.8174949 0.3273884 0.4738343 -0.8309891 0.3178611 0.4565321 -0.7504917 -0.2808312 -0.5982442 -0.7201931 -0.3169901 -0.6171218 -0.7914677 -0.2640089 -0.5512515 -0.8989756 -0.1213674 -0.420848 -0.8986953 -0.1518868 -0.4114333 -0.8656054 -0.2311669 -0.4441725 -0.824368 0.2917951 0.4850496 -0.8141155 -0.2360594 -0.5305582 -0.7864801 -0.2836571 -0.5486235 -0.7386743 -0.3049527 -0.6011358 -0.7405397 -0.3055249 -0.5985445 -0.6933371 -0.3142408 -0.6484878 -0.9121352 -0.1210042 -0.3916214 -0.9496997 -0.1557924 -0.2716603 -0.8950051 -0.1784734 -0.4087947 -0.9120606 -0.1727849 -0.3718749 -0.8659075 -0.2075939 -0.4550925 -0.9592689 -0.09436959 -0.2662658 -0.9614659 -0.09231799 -0.2589609 -0.8625004 -0.2188527 -0.4562857 -0.7126206 -0.3221479 -0.6232116 -0.7427564 -0.2957553 -0.600701 -0.7102919 -0.3185694 -0.6276935 -0.9239352 -0.1356951 -0.357674 -0.913089 -0.2020843 -0.3541617 -0.9527862 -0.09014725 -0.2899518 -0.9673714 0.1880841 0.1697558 -0.9497834 0.183299 0.2536004 -0.7654536 -0.2550699 -0.5907793 -0.9683551 0.1535943 0.1967166 -0.9041941 0.2857108 0.317494 -0.832158 0.2787916 0.4793623 -0.7364108 -0.3070898 -0.6028226 -0.7728315 -0.2808557 -0.5690797 -0.9552963 -0.096726 -0.27938 -0.7461618 -0.2973074 -0.5956936 -0.7907635 -0.2818691 -0.5433627 -0.8208811 0.3253721 0.4693477 -0.726406 -0.3010914 -0.6178011 -0.7240626 -0.3062817 -0.6180009 -0.7196366 -0.3244516 -0.6138847 -0.7677488 -0.2713286 -0.5804675 -0.7134488 -0.3191807 -0.6237904 -0.690747 -0.3292645 -0.6437807 -0.693968 -0.3288987 -0.6404951 -0.7154063 -0.3174635 -0.6224232 -0.6922673 -0.3246778 -0.6444768 -0.6848289 -0.3470295 -0.6407651 -0.6791592 -0.3348087 -0.6531814 -0.6747924 -0.3238078 -0.663177 -0.6761628 -0.3597726 -0.6429368 -0.6973664 -0.3268835 -0.6378302 -0.9202247 0.2382368 0.3105314 -0.9161192 0.2429915 0.3188741 -0.7114388 -0.3000786 -0.6354586 -0.7098649 -0.3196601 -0.627622 -0.7411791 -0.2918118 -0.6045656 -0.7789352 -0.2751174 -0.5635338 -0.7407182 -0.2889172 -0.6065176 -0.7937712 0.3411785 0.5035123 -0.8566912 -0.2069113 -0.4725126 -0.803902 -0.266362 -0.5317828 -0.800082 0.359434 0.4802875 -0.9086995 0.2859019 0.3041798 -0.9248742 0.2047412 0.3204508 -0.8295446 0.3073216 0.4662718 -0.8862533 0.2858823 0.3644537 -0.9457777 0.2006758 0.2554093 -0.8833003 0.2789787 0.3767647 -0.8919144 0.2640711 0.3670905 -0.8793061 -0.2120156 -0.4264623 -0.9450833 0.2199657 0.2417285 -0.8219782 -0.2409395 -0.5160428 -0.9053642 -0.1824452 -0.3834445 -0.8210271 -0.2461735 -0.5150858 -0.8919155 -0.1833608 -0.413359 -0.8183014 -0.2495108 -0.5178101 -0.8833862 -0.1985248 -0.4245195 -0.7748181 -0.2693191 -0.5719477 -0.7853787 -0.2828698 -0.5506044 -0.9905838 -0.0139811 -0.1361919 -0.9992578 0.02106547 -0.03225374 -0.9424892 -0.07539004 -0.3256232 -0.9944239 0.1010167 0.03027915 -0.9627924 -0.08364796 -0.2569707 -0.9898886 -0.002348184 -0.1418285 -0.9970344 -0.001269638 -0.07694703 -0.9948294 0.08347892 0.05784243 -0.9473091 -0.1421308 -0.2870617 -0.9866867 -0.007199287 -0.1624739 -0.9968683 0.003401994 -0.07900756 -0.9897755 0.1200312 0.07705116 -0.9485344 0.1975785 0.2474778 -0.9869573 0.1042667 0.1226529 -0.9974899 0.01652795 -0.06885296 -0.9973357 0.07287639 0.003234565 -0.9849991 -0.03938436 -0.1680055 -0.9855977 -0.04023152 -0.1642524 -0.9972175 0.07445257 0.003763794 -0.7681669 -0.3285378 -0.5495294 -0.8901613 0.2707742 0.3664619 -0.9393593 0.2092267 0.2717137 -0.7749539 -0.2667219 -0.5729799 -0.8640897 -0.2140566 -0.4555535 -0.8961355 -0.1749171 -0.4078546 -0.7735508 -0.3276758 -0.5424461 -0.893166 0.2666459 0.3621526 -0.8058897 -0.2635744 -0.5301607 -0.7226997 -0.3217373 -0.611711 -0.6938834 -0.3288325 -0.6406208 -0.7121588 -0.3190926 -0.6253078 -0.7505701 -0.3154218 -0.5806494 -0.8053517 -0.2549578 -0.5351685 -0.7345526 -0.3016944 -0.6077936 -0.7437272 -0.3010761 -0.5968443 -0.9639758 0.1772677 0.19831 -0.9118153 0.2481927 0.3270984 -0.9385349 0.2154006 0.2697309 -0.7202532 -0.3054549 -0.6228424 -0.7236429 -0.3100654 -0.616604 -0.9170577 0.2421163 0.3168358 -0.7317706 -0.3113797 -0.6062627 -0.740323 -0.3037174 -0.5997313 -0.7188841 -0.3138457 -0.6202472 -0.981765 0.1370757 0.1317103 -0.759394 -0.3032933 -0.5756162 -0.7307372 -0.3065361 -0.6099663 -0.9959384 0.08288389 0.03517121 -0.9719737 0.1609522 0.1713528 -0.9770304 0.1495542 0.1518061 -0.9832935 0.13549 0.1215575 -0.7313075 -0.3122366 -0.6063808 -0.9714977 0.1612447 0.1737596 -0.7033316 -0.331408 -0.6288828 -0.7036024 -0.3329219 -0.6277792 -0.9641308 0.176503 0.1982389 -0.911547 0.2476764 0.3282355 -0.7422569 -0.307534 -0.5953802 -0.9160699 -0.152362 -0.3709472 -0.9752545 -0.06620186 -0.2109412 -0.7031747 -0.317741 -0.6360707 -0.7276248 -0.3177164 -0.6079624 -0.8573212 -0.2232175 -0.4638691 -0.8901191 0.2701464 0.3670274 -0.817634 -0.2543962 -0.5164855 -0.7432526 -0.3241904 -0.5852146 -0.714463 -0.3017081 -0.6312804 -0.9218621 -0.1537568 -0.3557093 -0.8490044 -0.2191814 -0.4807818 -0.925489 -0.1548366 -0.3456817 -0.8336494 -0.257414 -0.4886376 -0.8997527 -0.1692683 -0.4022353 -0.9576301 -0.1004545 -0.2699142 -0.923964 0.2302633 0.3054007 -0.9670645 0.1748639 0.1849566 -0.9633333 0.1729651 0.2051149 -0.8047947 -0.256939 -0.5350589 -0.7157847 -0.3462437 -0.6064384 -0.8735969 0.2845361 0.3948006 -0.7942216 0.340986 0.5029322 -0.891947 0.2663937 0.3653284 -0.7651684 0.337803 0.5480935 -0.8938612 0.2352052 0.3816946 -0.9359112 0.2148197 0.2791466 -0.9766789 0.1558505 0.1476795 -0.9881108 0.1314733 -0.07969784 -0.9983828 0.02733212 -0.04984754 -0.9358984 0.225169 0.2709119 -0.9984204 0.0264396 -0.04957425 -0.9875848 0.1126897 0.1094409 -0.9865788 0.1381263 0.08708387 -0.9797402 -0.05676972 -0.192058 -0.9737328 -0.06480497 -0.2182769 -0.8878854 -0.1773052 -0.4245262 -0.9168496 -0.1593645 -0.3660462 -0.9541203 0.1977704 0.2248144 -0.9104953 -0.1566894 -0.3826838 -0.9737831 -0.06824588 -0.2170003 -0.996446 0.08106398 0.02289116 -0.9422098 0.2079561 0.2626694 -0.9749704 -0.06363224 -0.2130346 -0.9990583 0.03442573 -0.02641332 -0.9821528 0.1411151 0.1243484 -0.9752081 -0.07409292 -0.2085173 -0.9540345 -0.09960037 -0.2826625 -0.9793089 0.1349306 0.1508238 -0.9929203 0.02021944 -0.1170492 -0.9983851 -0.02921509 -0.04871988 -0.9965395 0.06278914 -0.05446553 -0.9927316 -0.01679229 -0.119172 -0.9550176 -0.09502983 -0.2809104 -0.9530097 -0.09159374 -0.2887613 -0.9296659 -0.154905 -0.334254 -0.8262642 -0.204489 -0.5248541 -0.9233981 -0.1410047 -0.3570066 -0.8366878 -0.2402828 -0.4921563 -0.8878745 -0.1832628 -0.4220114 -0.8162644 -0.2522555 -0.5196919 -0.9977416 0.06617069 0.01154106 -0.9639556 0.1733664 0.201826 -0.9544267 -0.1040742 -0.2797111 -0.9983825 0.04178637 -0.03855162 -0.8720031 -0.214775 -0.4398662 -0.975831 0.1411373 0.1668358 -0.9343971 -0.1233445 -0.3341981 -0.9840805 -0.06050246 -0.1671078 -0.9988676 0.03594982 -0.0311613 -0.9894989 0.119728 0.08097618 -0.8831518 0.2747015 0.3802396 -0.8131369 0.3320081 0.4780996 -0.8143545 0.3307071 0.4769274 -0.9384387 -0.1384599 -0.3164835 -0.8609822 -0.2045633 -0.4656863 -0.9015536 0.267047 0.3404219 -0.8616248 -0.2031127 -0.465132 -0.8708111 -0.217971 -0.4406551 -0.7623807 -0.2680681 -0.5889952 -0.9050645 0.2523527 0.3423103 -0.951466 0.2008965 0.2331372 -0.9529094 0.1909831 0.2355614 -0.8327432 -0.2348684 -0.5013738 -0.9688568 -0.08665776 -0.2319633 -0.9945452 0.09681409 0.03882223 -0.739203 -0.3036659 -0.6011372 -0.9805307 0.1405864 0.1370948 -0.9840276 0.1296087 0.1220305 -0.7392423 -0.3035346 -0.6011554 -0.7111806 -0.319922 -0.6259968 -0.7256215 -0.3042718 -0.6171647 -0.7468501 -0.3041785 -0.5913462 -0.9939121 0.09514343 0.05555826 -0.8555005 -0.2171954 -0.4700478 -0.8591346 -0.2117149 -0.465902 -0.810285 -0.2623187 -0.524049 -0.8449051 -0.2369055 -0.4795949 -0.9977369 0.02851355 -0.06089454 -0.8790924 -0.1912779 -0.4365884 -0.7565259 -0.2854053 -0.5883982 -0.9606408 -0.08602035 -0.26414 -0.940863 0.2210772 0.2567136 -0.9207127 0.2341185 0.3122127 -0.7544238 -0.3009206 -0.5833451 -0.8239843 -0.2402485 -0.5131575 -0.9187364 0.239733 0.31377 -0.822498 -0.2486728 -0.5115262 -0.8126426 -0.251558 -0.5256715 -0.7580692 -0.3018513 -0.5781149 -0.8005759 -0.278326 -0.5306722 -0.7680829 -0.2893435 -0.5712524 -0.9965797 0.07960045 0.02220112 -0.7206119 -0.3090866 -0.620632 -0.7804097 -0.278725 -0.559708 -0.8147227 -0.2511769 -0.5226253 -0.9977349 0.06706029 0.005294501 -0.8010224 -0.2651377 -0.5367171 -0.8150385 -0.2574048 -0.5190908 -0.7257191 -0.3163109 -0.6109659 -0.7414781 -0.3103688 -0.5948795 -0.8087816 -0.2534351 -0.5307005 -0.7788468 -0.2768289 -0.5628176 -0.8233054 -0.250961 -0.5091041 -0.7495982 -0.2994683 -0.5902722 -0.7483706 -0.3039739 -0.5895264 -0.7158613 -0.307484 -0.6268941 -0.849144 -0.2508071 -0.4648123 -0.9223082 0.2385505 0.3040416 -0.9197655 -0.1583298 -0.3591141 -0.8084802 -0.2542397 -0.5307751 -0.957013 0.1884807 0.2204569 -0.9100593 0.2500575 0.3305503 -0.893676 0.265999 0.3613695 0.5755698 0.3220304 0.7516754 -0.9929743 0.1053798 0.05382722 -0.8663486 -0.20428 -0.455752 -0.7196342 -0.3238039 -0.6142293 -0.8280354 -0.2628967 -0.4952201 -0.914557 -0.133094 -0.3819314 -0.9057362 0.267149 0.3290493 -0.8161895 -0.2355816 -0.5275756 -0.9603833 0.1874462 0.2062227 -0.8165541 -0.2440236 -0.5231558 -0.8906085 -0.2356411 -0.3889598 -0.9547626 -0.1061553 -0.277776 -0.9088715 -0.1605571 -0.3849338 -0.8941929 0.2668423 0.359464 -0.9541839 -0.07744938 -0.2890236 -0.9716215 0.1130957 0.2077525 -0.9553584 -0.106486 -0.2755921 -0.9956063 0.08704423 0.0345177 -0.925512 0.2336028 0.2980892 -0.8965672 0.2598839 0.3586469 -0.8270344 -0.246325 -0.50531 -0.9727292 0.1593092 0.1685788 -0.993891 -0.004148304 -0.1102895 -0.9942831 0.09119677 0.05553674 -0.995334 0.008802652 -0.09608811 -0.8996181 -0.1684556 -0.4028771 -0.9885473 0.1190878 0.09269529 -0.9580941 -0.10136 -0.2679215 -0.895727 -0.1749773 -0.408725 -0.8811683 -0.1977122 -0.4294794 -0.9011471 -0.1854144 -0.3918616 -0.9483368 0.2057755 0.2414823 -0.8527662 0.3144546 0.4170231 -0.9872859 0.1193869 0.1049457 -0.9769937 0.1514499 0.1501544 -0.9623163 -0.07741194 -0.2606813 -0.9981033 0.01720422 -0.05911004 -0.9711989 -0.07241433 -0.2269998 -0.9166073 -0.1537032 -0.3690614 -0.9764824 -0.05002623 -0.2097134 -0.9965355 0.07481467 0.03633052 -0.997092 0.07375752 0.01917052 -0.8993805 -0.1767199 -0.3998559 -0.9801706 0.1451682 0.1348779 -0.8915405 0.2625147 0.3691093 -0.9406265 0.2178949 0.2602761 -0.9663518 -0.07812798 -0.245072 -0.9856954 -0.03680157 -0.1644696 -0.8875302 0.2696807 0.3735806 -0.9773474 0.1538585 0.1453266 -0.9408804 0.2083921 0.2670524 -0.9669158 -0.06969964 -0.2453892 -0.885541 0.2956767 0.3583188 -0.9452364 0.2077005 0.2517713 -0.993892 0.08744359 0.06732374 -0.9989497 0.03289175 -0.03190255 -0.9988732 0.03484463 -0.03222012 -0.999136 0.03253126 -0.02586549 -0.9578286 -0.08555412 -0.2743082 -0.9491412 0.1925889 0.2490797 -0.9659649 0.184742 0.1810584 -0.8895156 -0.1927912 -0.4142388 -0.9974111 0.0305193 -0.06511336 -0.9398878 -0.1140853 -0.3218626 -0.9430584 -0.1346146 -0.3041709 -0.9974611 0.01678889 -0.06920582 -0.9590894 -0.08816713 -0.2690244 -0.9620616 -0.1007063 -0.2535662 -0.9885792 0.1145399 0.09793829 -0.9977467 0.06653642 -0.008637666 -0.9170527 -0.1409288 -0.3730329 -0.9474209 0.2044402 0.2461663 -0.998222 0.05943751 0.004472732 -0.9818702 -0.04043513 -0.1851918 -0.9077676 -0.1681545 -0.3842945 -0.9474177 0.2042097 0.2463697 -0.9954434 0.08790177 0.03695559 -0.9795824 -0.04299736 -0.1963917 -0.9861179 0.1159729 0.1188359 -0.9087546 -0.1640185 -0.3837487 -0.8336393 -0.2370098 -0.4988707 -0.8343315 -0.2361327 -0.498129 -0.998281 0.04340451 -0.03938412 -0.9831784 -0.04289186 -0.1775408 -0.9615458 -0.09468793 -0.2578061 -0.9098272 -0.1623703 -0.3819038 -0.9982431 0.04456591 -0.03904598 -0.7476577 -0.3056584 -0.58956 -0.7759297 -0.2637971 -0.5730134 -0.9838597 -0.03627145 -0.1752271 -0.9984638 0.05540508 -6.91773e-4 -0.9975314 0.0685392 0.01528167 -0.9909082 -0.02111923 -0.1328721 -0.9341593 -0.1358305 -0.3299949 -0.9979884 0.06201183 -0.01318383 -0.9578557 -0.09281015 -0.2718438 -0.8759962 -0.217896 -0.430293 -0.9006614 -0.1789299 -0.3959715 -0.9277943 -0.107297 -0.3573304 -0.9706276 0.1469425 0.1904993 -0.917995 -0.1729155 -0.3569111 -0.8472403 -0.2121079 -0.4870259 -0.9456014 -0.115183 -0.3042548 -0.9914957 -0.01281285 -0.1295076 -0.9883707 -0.03026086 -0.1490227 -0.9915412 0.1045666 0.07689005 -0.9725669 0.1607829 0.1681151 -0.9922555 0.1010306 0.07226353 -0.9477303 -0.1188386 -0.2961163 -0.9943704 -0.006366729 -0.1057692 -0.8586562 -0.216628 -0.4645233 -0.919848 -0.1438639 -0.3649422 -0.9743245 0.1561005 0.1622486 -0.9971616 0.07296341 0.01858311 -0.8221107 -0.2488515 -0.5120615 -0.8971065 -0.1773173 -0.4046709 -0.9822202 0.1388763 0.1263202 -0.8344032 -0.1990794 -0.5139444 -0.8645898 -0.2186028 -0.452435 -0.9867662 0.1214715 0.1074122 -0.7952282 -0.1125693 -0.5957688 -0.7661645 -0.3042812 -0.5660432 -0.8270387 -0.2415612 -0.5075976 -0.7878395 -0.2664591 -0.5552556 -0.7479221 -0.299266 -0.5924968 -0.8859721 -0.1958174 -0.4203677 -0.9802162 0.143678 0.1361357 -0.9878689 0.1173448 0.1017129 -0.9716596 0.161183 0.1729098 -0.998218 0.0595833 -0.003287434 -0.9804174 0.1432681 0.1351141 -0.9841994 0.129202 0.1210716 -0.8637408 -0.2073072 -0.4593207 -0.9985393 0.04333049 -0.03227698 -0.9973186 0.02824759 -0.0675106 -0.9968843 0.01428937 -0.07757377 -0.8335318 -0.2253022 -0.504444 -0.8225488 -0.2581329 -0.5067356 -0.829675 -0.2461291 -0.5010588 -0.9929856 0.1002075 0.06275618 -0.7032544 -0.297149 -0.6458605 -0.9963507 0.02745348 -0.08081877 -0.8976191 -0.179608 -0.4025183 -0.893994 -0.1825225 -0.4092192 -0.9857817 -0.03574252 -0.164186 -0.9129748 -0.1665111 -0.372493 -0.8639983 -0.2061139 -0.4593736 -0.8397183 -0.2183452 -0.4971906 -0.7187532 -0.2981545 -0.6280906 -0.9981184 0.06117475 0.004172563 -0.9159498 -0.1499583 -0.3722211 -0.8310701 -0.2407598 -0.5013554 -0.9818201 0.1456643 0.1217015 -0.9681968 0.1646813 0.1883484 -0.9977518 0.06696951 0.002554595 -0.8135614 -0.2450224 -0.5273347 -0.8244272 -0.2522435 -0.5066489 -0.8185481 -0.2370629 -0.5232402 -0.8806757 -0.2087003 -0.42527 -0.9342633 -0.122826 -0.3347627 -0.9226656 -0.1465994 -0.3566465 -0.8616994 -0.2079281 -0.4628611 -0.9970861 0.07531422 0.01213288 -0.9928985 0.1007156 0.06331592 -0.9203576 -0.1560524 -0.358594 -0.9624375 -0.08298707 -0.2585102 -0.7777727 -0.2796252 -0.5629205 -0.8433636 -0.2313245 -0.4850019 -0.8719534 -0.1960757 -0.4486108 -0.9607407 0.1817063 0.2096668 -0.7421603 -0.2875412 -0.6054075 -0.9663409 0.1756988 0.1879237 -0.8662327 -0.2154849 -0.4507851 -0.8550131 -0.21403 -0.4723811 -0.8384813 -0.2336344 -0.4923049 -0.8683202 -0.1945952 -0.4562376 -0.9949032 0.09043729 0.04459667 -0.9967734 0.01225465 -0.07932567 -0.9120991 -0.1649203 -0.3753352 -0.9772688 -0.04532802 -0.2071019 -0.9456139 0.2134927 0.2454287 -0.9805712 -0.04719555 -0.1904013 -0.9691955 0.1633538 0.1843249 -0.9871164 0.1349096 0.08602756 -0.9853947 0.1184481 0.1223419 -0.8412373 -0.2409993 -0.4839826 -0.7158754 -0.3066849 -0.6272693 -0.9942748 0.09267055 0.05319595 -0.9960644 0.01525795 -0.08730953 -0.9449127 0.1996996 0.2593456 -0.9191888 0.2568536 0.298527 -0.8767448 -0.1945149 -0.4398664 -0.968779 -0.07109957 -0.2375126 -0.9504139 0.195618 0.2417582 -0.8758704 -0.1973879 -0.4403284 -0.8944594 -0.1809948 -0.4088808 -0.8803573 -0.1995547 -0.4302895 -0.93092 0.2309023 0.2829703 -0.9970554 0.01658624 -0.07486993 -0.8967085 -0.1748574 -0.406619 -0.9659305 -0.08328247 -0.2450354 -0.9981485 0.05453413 -0.02693939 -0.847514 -0.246091 -0.4702757 -0.9834834 -0.05330085 -0.1729724 -0.982696 -0.03226685 -0.1823938 -0.9332294 -0.1262686 -0.3363618 -0.9552534 -0.109479 -0.2747824 -0.9909101 -0.02363377 -0.1324338 -0.985189 0.1190429 0.123416 -0.9939473 0.006355285 -0.1096742 -0.9527177 -0.1094388 -0.2834647 -0.9855469 0.1206256 0.1189405 -0.9952419 0.005349457 -0.09728825 -0.9923402 0.1045873 0.06574666 -0.9831237 0.1315693 0.1271117 -0.9533232 -0.107914 -0.2820096 -0.9937145 -8.54311e-4 -0.1119416 -0.9574135 0.1901012 0.217304 -0.836413 -0.2312492 -0.4969276 -0.9926328 -0.01845037 -0.1197489 -0.9921836 0.1065527 0.06494748 -0.9818984 -0.03526014 -0.186098 -0.9945372 0.09214293 0.04904407 -0.9529403 0.193409 0.2334479 -0.9014148 -0.1774054 -0.3949417 -0.9784634 -0.0567587 -0.1984634 -0.9794114 -0.05593872 -0.1939693 -0.9543127 0.1869791 0.2330796 -0.9037397 -0.1825502 -0.387208 -0.8704731 -0.1987293 -0.4503147 -0.9838522 0.1358441 0.1165391 -0.9849714 0.1241183 0.1201087 -0.9252543 0.2284779 0.3028239 -0.9952476 0.09121334 0.03409659 -0.9609284 0.1870736 0.20401 -0.9806067 -0.04742103 -0.1901627 -0.9988853 0.0420525 -0.021443 -0.9617119 0.176563 0.2096086 -0.9842327 -0.03067028 -0.1741991 -0.9222645 -0.1521451 -0.3553594 -0.9844653 -0.03108811 -0.1728056 -0.9827532 -0.05752658 -0.1757467 -0.9869145 0.1293386 0.09628826 -0.9963499 0.08038121 0.02873629 -0.9927234 -0.002164423 -0.1203982 -0.8959318 0.2707403 0.3521448 -0.9872442 0.1196193 0.1050727 -0.9176866 -0.1582929 -0.3644103 -0.8279221 -0.2505438 -0.5017697 -0.9022789 -0.171541 -0.3955583 -0.950955 0.2078083 0.2291295 -0.9083742 0.2418498 0.3411232 -0.99438 0.05905073 -0.08787167 -0.9618228 -0.09517574 -0.2565904 -0.9989235 0.03990602 -0.02365303 -0.9189507 -0.1599947 -0.3604598 -0.9983462 0.05744487 -0.002229154 -0.9844162 -0.03762203 -0.171783 -0.9823527 -0.04199111 -0.1822639 -0.9827185 -0.03803497 -0.1811567 -0.9774966 -0.05282521 -0.2042298 -0.9342231 -0.1358129 -0.3298214 -0.9979734 0.06362479 -0.001023471 -0.9567619 -0.1048154 -0.2713308 -0.9535101 -0.1066602 -0.281855 -0.8909721 -0.1804247 -0.4166721 -0.9987951 0.04807645 -0.009858489 -0.972281 0.1652743 0.1653913 -0.95372 -0.1061065 -0.2813533 -0.9955293 0.01405787 -0.09340184 -0.9927812 -0.01700514 -0.1187281 -0.9895554 0.1189475 0.08143454 -0.9882307 -0.00210309 -0.1529574 -0.873129 -0.2148032 -0.4376134 -0.9981153 0.04552572 -0.04115062 -0.9198741 -0.1431875 -0.3651424 -0.9458637 -0.1126789 -0.3043769 -0.8889126 -0.1999834 -0.4121179 -0.9742273 -0.06649738 -0.2155442 -0.9987716 0.03466844 -0.03540623 -0.987944 -0.02146744 -0.1533166 0.7446262 -0.3070043 -0.592689 0.710876 0.6924681 0.1230584 0.8153772 0.327731 0.4772342 0.4339789 0.5810472 0.6885104 0.4058237 0.5204246 0.7513091 0.22038 0.5231689 0.8232418 0.8178758 0.4492082 0.3595709 0.5326874 0.8335917 -0.1461821 0.1601111 0.9125942 -0.3762132 0.1899163 0.914986 -0.3559951 0.7697128 0.4028074 0.495266 0.6557394 0.4327151 0.6186789 0.0239492 0.9927477 -0.1178073 0.1491183 0.9883263 0.03122496 -0.4249807 0.8504709 0.309985 -0.3191496 0.8557094 0.4073144 -0.2673729 0.8585938 0.437411 0.3380135 0.6536189 0.6771478 0.4701114 0.5061159 0.7230781 0.4744804 0.4378564 0.7636427 0.3813842 0.4744435 0.7933786 0.1440559 0.5455549 0.8256014 -0.5907429 0.5555399 0.5851482 -0.6945638 0.4358166 0.572403 -0.4964703 0.4805081 0.722931 0.7714183 0.5815799 0.2582219 0.7604071 0.6015236 0.244848 0.4646941 0.8627196 -0.1994351 0.2838919 0.8834559 -0.372708 0.27549 0.892079 -0.3581902 0.7939367 0.4635719 0.3934028 0.7554914 0.5100164 0.4112374 0.3773626 0.9065839 -0.1889531 0.2389628 0.9300944 -0.2789648 0.06176036 0.9324286 -0.3560375 0.4059602 0.9129557 0.04133182 0.5831542 0.7298526 0.3567162 0.565276 0.7511144 0.3410136 0.6571219 0.5820861 0.4789224 0.05709189 0.9646846 -0.2571465 0.07352191 0.9710778 -0.2271617 0.6063045 0.6009674 0.5208006 0.2078484 0.9759406 0.06587153 0.07033503 0.9961983 -0.05140137 0.5108003 0.7499821 0.4202499 0.5948597 0.59507 0.5404015 0.1309483 0.9913818 0.003820002 0.4880772 0.7640377 0.4219325 0.4812968 0.7760665 0.4075223 0.5817756 0.6097072 0.5383256 -0.01358348 0.9980642 -0.06069117 0.08401381 0.9945577 0.06161791 0.1216655 0.9888915 0.08538907 0.4818782 0.7470726 0.4579039 0.5808053 0.6090945 0.5400641 -0.04479372 0.998991 -0.003234505 0.4801424 0.7404721 0.4702813 -0.1064162 0.9942951 -0.007276058 0.2995414 0.8927142 0.3366548 -0.07439649 0.9965447 0.03693407 0.5887356 0.5628619 0.5801526 0.05050134 0.9876702 0.1481796 0.05966442 0.9863547 0.1534429 0.4520309 0.7545397 0.47575 0.394286 0.8084933 0.436895 0.05515247 0.9795885 0.1932993 0.4404342 0.7314512 0.5205737 0.5438205 0.6274849 0.5572452 0.4516996 0.7186792 0.5286471 -0.1660911 0.9808943 0.1012932 -0.1549069 0.9820102 0.1079807 -0.009515702 0.9714207 0.237174 0.3948253 0.7553692 0.5230014 0.5376417 0.581098 0.6109556 -0.1937018 0.9712145 0.1386437 -0.06416344 0.9649832 0.2543434 0.4059486 0.7333791 0.545308 0.5194984 0.6020323 0.6063652 -0.2176578 0.9563775 0.1948521 -0.0792585 0.9572691 0.2781262 0.387443 0.7175822 0.5787606 0.5104475 0.5975893 0.6183288 -0.2278671 0.9520928 0.2039512 -0.106109 0.9401494 0.3238208 -0.2714549 0.9326342 0.2377092 -0.1063721 0.9323242 0.3456248 -0.1121207 0.9324659 0.3434187 0.5056023 0.5806009 0.6381763 0.2369825 0.8006731 0.5502381 0.3355559 0.7317125 0.5932952 -0.2688205 0.9168878 0.2950463 -0.1356877 0.9164513 0.3764386 0.3571985 0.6964976 0.6223346 0.4892686 0.5748806 0.655842 -0.299414 0.8850237 0.3564892 0.2937839 0.7128547 0.6368117 -0.09040683 0.8604693 0.5014172 0.4638545 0.581398 0.6684426 0.2289946 0.7104224 0.6654785 0.5029476 0.5112819 0.6968749 -0.5201326 0.7887656 0.3275839 -0.3475677 0.800724 0.4878913 -0.3407772 0.8010448 0.4921362 -0.006168425 0.7598719 0.6500436 0.09934771 0.7251116 0.6814274 0.1463598 0.7029058 0.6960621 0.1640907 0.6953909 0.6996469 -0.1946081 0.778083 0.5972561 -0.1380738 0.7706087 0.6221719 -0.5287313 0.7425341 0.4112011 -0.1693562 0.7466109 0.6433433 -0.3330225 0.7227807 0.6055445 -0.4685533 0.7159036 0.5176292 -0.3030706 0.7251532 0.6183051 -0.1338314 0.7126698 0.6886153 0.1026237 0.656213 0.7475647 -0.1493692 0.6894205 0.7087935 0.105525 0.6438372 0.757851 -0.4511452 0.684068 0.5731658 0.3601001 0.5352029 0.7641243 0.5798342 0.3992333 0.7102149 -0.1727831 0.6823487 0.7103142 0.05501627 0.6327161 0.7724271 0.396688 0.5077894 0.7647147 -0.4922514 0.6584393 0.5693385 0.3947767 0.5011646 0.7700555 -0.4926195 0.632071 0.5981743 -0.5332232 0.6001361 0.5962464 -0.3676524 0.5912948 0.717776 -0.08130443 0.5883772 0.8044886 -0.4420099 0.5780375 0.6859301 -0.2104546 0.586187 0.7823643 0.0609402 0.5596486 0.8264865 0.1612003 0.5191572 0.8393392 -0.5840147 0.5033633 0.6368299 -0.4098937 0.5329539 0.7402347 -0.2538366 0.5438096 0.7998989 -0.2115952 0.5266257 0.8233425 -0.4277028 0.4920388 0.7582666 -0.4571324 0.5209657 0.7208501 0.8150987 0.4109161 0.4083655 0.7939139 0.52232 0.3112598 0.5332348 0.8309722 -0.1585751 0.7887486 0.5640156 0.2444629 0.4903904 0.8573346 -0.1565076 0.2864653 0.8823359 -0.3733913 0.6309628 0.7757699 -0.008192837 0.7209684 0.6751487 0.1561378 0.7784467 0.5564743 0.2904433 0.8004179 0.4531778 0.3923788 0.2860011 0.8831999 -0.3717005 0.7410598 0.6343578 0.2200465 0.5598769 0.8256431 -0.06965309 0.7497933 0.6222199 0.2250612 0.5523077 0.8306725 -0.07028204 0.4363183 0.8774942 -0.1990738 0.4162335 0.8831372 -0.2163757 0.4185778 0.8815213 -0.218433 0.2200241 0.8916755 -0.3956063 0.729586 0.6503297 0.2116026 0.7958055 0.2772444 0.538358 0.7949533 0.443443 0.4140139 0.2214438 0.9070506 -0.3580807 0.7137988 0.6555973 0.24634 0.7714052 0.4907011 0.40515 0.3667268 0.9114292 -0.1865702 0.4932883 0.8665463 -0.07592278 0.7020831 0.6702097 0.2406206 0.4352444 0.8950991 -0.09674638 0.7558308 0.5148791 0.4044991 0.2394804 0.9299098 -0.2791363 0.7318956 0.5777886 0.3612331 0.7156957 0.6000934 0.357306 0.7161876 0.5868879 0.3776745 0.4592783 0.8870702 -0.04658442 0.4503023 0.8913188 -0.05271464 0.2445574 0.9309471 -0.2711631 0.1599727 0.9318935 -0.3255509 0.7513737 0.3370153 0.5673258 0.7348209 0.5199351 0.4355524 0.3418216 0.9281788 -0.1471126 0.4092554 0.9117332 -0.03539228 0.6580358 0.6799231 0.3235638 0.1470708 0.9392327 -0.310181 0.6804089 0.5798588 0.4481157 0.6140566 0.7246701 0.3127105 0.21445 0.9505429 -0.2246766 0.7146767 0.2947407 0.6343227 0.2845371 0.9489584 -0.1360761 0.4144835 0.9088394 0.04705923 0.1940528 0.9607326 -0.1983346 0.6600456 0.6308689 0.4078533 0.5466287 0.8005427 0.2456187 0.5464531 0.80166 0.2423431 0.6337521 0.6607639 0.4021807 0.1914834 0.9564129 -0.2204737 0.2585991 0.9604658 -0.1031117 0.3981984 0.9164825 0.03870475 0.6468926 0.5510397 0.5271483 0.4560223 0.8712554 0.1815429 0.07436674 0.9487317 -0.3072101 0.4683313 0.8707282 0.1499946 0.665745 0.5359631 0.5191602 0.1275051 0.9608574 -0.2459586 0.6570553 0.5081444 0.5568372 0.3234787 0.9462203 0.005367696 0.03400355 0.9473965 -0.318251 0.5717631 0.7309156 0.3726251 0.637183 0.568672 0.5202019 0.0744484 0.9604399 -0.2683518 0.2392048 0.9674344 -0.08277487 0.3073039 0.9509485 0.03551799 0.1166672 0.97369 -0.1957461 0.5300187 0.7739247 0.3465847 0.3060875 0.9513278 0.03585922 0.530535 0.7723072 0.3493915 0.6109269 0.61282 0.5012186 0.3051338 0.9521337 0.01830571 0.2577381 0.9660148 -0.0196585 0.03794401 0.9582471 -0.2834131 0.06431865 0.9732617 -0.2205108 0.5999816 0.6225236 0.5024804 0.328253 0.9419803 0.07016408 0.6332768 0.516954 0.5759506 -0.008844137 0.9592229 -0.2825123 0.3239811 0.9389891 0.1154808 0.3297184 0.9362902 0.1210237 0.5305237 0.7379912 0.4170296 0.5577253 0.7098507 0.4301797 0.4579354 0.8377567 0.2974205 0.6188472 0.5598145 0.5510318 0.07877564 0.9864385 -0.1439916 0.4799153 0.8016884 0.3563383 0.1916727 0.9814409 0.005955398 0.2689799 0.9599257 0.07869273 0.4864431 0.8024908 0.3455168 0.5346525 0.7164657 0.4481335 0.5387498 0.7150412 0.4454938 0.3804764 0.8877075 0.2592551 0.6280353 0.521973 0.577162 0.3697787 0.8871942 0.2759532 0.3214765 0.9168526 0.2367156 -0.1024708 0.9875676 -0.1192064 -0.03660333 0.9992865 -0.0093171 0.1133729 0.9884221 0.1008387 0.1814235 0.9650413 0.1891583 0.4690529 0.7519116 0.4632691 0.5741741 0.5988072 0.5583495 0.1795958 0.962608 0.2028086 0.2622094 0.9149469 0.3067874 0.1977285 0.9414744 0.2730008 0.5425511 0.6247143 0.5615784 -0.003836393 0.9851093 0.1718862 0.2169073 0.9156912 0.3383206 0.2472004 0.8977316 0.3646503 0.08750432 0.9585706 0.271082 0.437928 0.7312594 0.5229521 0.5414918 0.5946836 0.5942542 0.5897727 0.5293182 0.6099103 0.1673676 0.9068177 0.3868719 9.84361e-5 0.9669322 0.2550338 0.1718741 0.8999474 0.4006919 -0.05040824 0.9612119 0.2711656 -0.319081 0.9444696 0.07851558 0.3235506 0.7940248 0.5146259 0.3033267 0.7920467 0.5297688 -0.3713826 0.9204815 0.1216095 0.6343971 0.4103044 0.6551265 0.4937767 0.5911721 0.6377305 0.3914244 0.6914405 0.6072043 0.1246632 0.8620298 0.491288 0.07666689 0.8789889 0.4706386 0.2670679 0.7791919 0.5670404 0.009183704 0.878098 0.4783928 -0.2930774 0.8993337 0.3245065 -0.03445041 0.8742019 0.4843389 0.02511328 0.8451698 0.5339078 0.1668884 0.7861988 0.5950123 0.1663447 0.7865268 0.5947312 0.4640203 0.5812032 0.6684969 -0.1491192 0.86913 0.4715682 0.1397359 0.7545068 0.6412436 0.02491974 0.7980045 0.602136 0.1226894 0.7610903 0.6369372 -0.3525912 0.833415 0.4255572 0.3512938 0.6146241 0.706279 0.4085028 0.574859 0.7089871 -0.05536794 0.7418877 0.6682343 0.0255016 0.7210018 0.6924639 -0.3406674 0.7611907 0.5518464 -0.4010685 0.7570854 0.5157187 -0.2609592 0.754073 0.6027225 0.1285644 0.6744254 0.7270637 0.2056171 0.6434597 0.7373474 0.2751806 0.5972601 0.7533633 0.3763976 0.5416944 0.751593 -0.05836015 0.70559 0.706213 0.01088291 0.6898589 0.7238621 -0.347923 0.7066476 0.6161159 -0.1590057 0.6924981 0.7036787 0.07511574 0.644697 0.7607387 0.06639176 0.6521759 0.7551549 -0.1693194 0.6797616 0.7136211 0.3458863 0.5392256 0.7678532 -0.2816131 0.6728425 0.6840886 -0.4657463 0.6658611 0.5828461 0.008904814 0.6528375 0.7574457 0.004386067 0.6390638 0.7691413 -0.2747502 0.6599091 0.6993086 -0.4889969 0.6333187 0.5998246 0.2188827 0.5731981 0.7896419 0.03310894 0.6253049 0.7796779 0.3818585 0.5063288 0.7731851 0.1966859 0.5823793 0.7887643 0.01946908 0.6255055 0.7799769 -0.1614147 0.6484172 0.7439761 0.2627512 0.5194717 0.8130873 -0.05362337 0.6228203 0.7805251 -0.2957398 0.6282711 0.7195925 -0.4645816 0.6023611 0.6490956 -0.2256764 0.6115005 0.7583781 -0.223604 0.6146394 0.7564522 -0.3595695 0.5993698 0.7151683 -0.08950775 0.5933107 0.7999819 -0.4582973 0.5534831 0.6954279 -0.1800313 0.5481536 0.8167719 -0.4456693 0.5525311 0.7043353 -0.1701231 0.5559785 0.8136007 -0.1750262 0.5574035 0.8115833 -0.4644995 0.5314059 0.7084124 -0.5919104 0.4912965 0.63896 -0.3709621 0.5183112 0.7705457 0.7936923 0.5475178 0.2650982 0.7211753 0.6823499 0.1196024 0.6661948 0.7443611 0.0459479 0.6310312 0.7752534 0.02796304 0.6408448 0.7674713 0.01748883 0.4415386 0.873389 -0.2055128 0.4917991 0.8539885 -0.1698155 0.6343962 0.7728812 0.01400774 0.660633 0.7463951 0.08036375 0.5410813 0.8371278 -0.0803014 0.6608858 0.7460613 0.08137983 0.7442524 0.6090533 0.2741214 0.3447274 0.9007718 -0.2641462 0.7201892 0.6569104 0.2231513 0.6141814 0.7878379 0.04574692 0.3494904 0.9075472 -0.2328404 0.5139054 0.8520767 -0.09933078 0.6053443 0.7946539 0.0456463 0.3723825 0.8976185 -0.2358227 0.5510346 0.8344179 -0.01037538 0.5047121 0.8604451 -0.07000088 0.3900486 0.8968303 -0.2087045 0.5819933 0.813148 0.008619487 0.2705028 0.9193567 -0.2856776 0.6114661 0.7864681 0.08704721 0.7130051 0.6578033 0.2427316 0.3037491 0.9058504 -0.2952482 0.4838824 0.8715885 -0.07868605 0.7783237 0.4665142 0.4202107 0.6116594 0.7862978 0.08722823 0.6081656 0.7894212 0.08336031 0.7032268 0.6650649 0.2513182 0.6768693 0.7016286 0.2226326 0.5959732 0.7978978 0.09041666 0.5092822 0.8602893 -0.02310967 0.5804187 0.8109484 0.07400619 0.6809919 0.6908679 0.2427996 0.4455881 0.8900782 -0.09598052 0.6680653 0.7062064 0.2344384 0.6101813 0.7741076 0.1686303 0.7306569 0.582463 0.3561987 0.6232659 0.7431815 0.2433537 0.2487415 0.9272346 -0.2799354 0.3262795 0.9341318 -0.1447055 0.6426271 0.7338572 0.2201912 0.3284238 0.9315932 -0.155795 0.1781564 0.9330701 -0.3124748 0.3425624 0.9276669 -0.1486112 0.6091529 0.7640717 0.2124319 0.6065397 0.7689599 0.2020157 0.2234689 0.9475462 -0.2285123 0.711325 0.5428188 0.4465026 0.4880958 0.8713267 0.05052196 0.581325 0.789829 0.1955291 0.2366199 0.9380109 -0.2532721 0.5225856 0.845337 0.1109497 0.6065319 0.753215 0.254532 0.6915881 0.5746507 0.4375872 0.7027531 0.5467007 0.4552543 0.4093812 0.912137 -0.02032595 0.605274 0.7516806 0.2619537 0.2157074 0.9499455 -0.2259953 0.262799 0.9471862 -0.1837793 0.4956002 0.8628551 0.09930515 0.6929011 0.5723882 0.4384744 0.3612332 0.9308083 -0.05573606 0.6013185 0.7555029 0.2600609 0.5180838 0.8424713 0.1477543 0.286784 0.9500882 -0.1228305 0.4395331 0.8961501 0.06103926 0.5122994 0.8457771 0.1490321 0.6807874 0.5760849 0.4523878 0.6003963 0.7400942 0.3029601 0.5575833 0.7938881 0.2425749 0.65859 0.5998101 0.4544085 0.4054188 0.9133381 0.03806859 0.2718351 0.9526017 -0.1365854 0.6829177 0.5161049 0.5169711 0.5311048 0.8130324 0.2385501 0.5330764 0.8166012 0.2213418 0.5748922 0.7500094 0.3270854 0.2778046 0.9575477 -0.07698774 0.6596114 0.5410278 0.5217297 0.5256091 0.8030979 0.2806584 0.434479 0.8912822 0.1297851 0.5260519 0.800518 0.2871245 0.5807629 0.7065711 0.4043167 0.4372 0.8843246 0.1637872 0.1805086 0.968091 -0.1738287 0.1810648 0.9721603 -0.1487275 0.3207917 0.9471493 -0.001016974 0.4293001 0.8892862 0.1577072 0.4312491 0.8838453 0.181223 0.3145616 0.9484851 0.03777736 0.6345641 0.5695701 0.5224158 0.1874262 0.9776363 -0.09538757 0.4574398 0.8626845 0.2156949 0.5375822 0.766663 0.351046 0.4153093 0.8917373 0.1797862 0.5376659 0.7663751 0.3515461 0.6085826 0.6262559 0.4872689 0.4189208 0.8908764 0.1756265 0.4440397 0.8739765 0.1974685 0.1458255 0.9727258 -0.1803872 0.2993035 0.953961 0.01938503 0.4484962 0.864214 0.2280034 0.5503094 0.7368072 0.3927785 0.4515878 0.8636964 0.2238238 0.622735 0.5710474 0.5348889 0.4314875 0.8635404 0.2609916 0.5530852 0.7432154 0.3764674 0.02532541 0.9525591 -0.3032984 0.592136 0.6137409 0.5222041 0.4893878 0.8111195 0.3202887 0.3012795 0.9533774 0.01738268 0.6000661 0.6087037 0.5190381 0.4402773 0.8568752 0.2681807 0.4968737 0.8088515 0.3144453 0.4596203 0.8521131 0.2503045 0.2026662 0.9783962 -0.04083436 0.5931111 0.6450646 0.4817789 0.6008087 0.6072213 0.5199146 0.5287624 0.7560909 0.3856643 0.4249811 0.8724404 0.2413272 0.128044 0.9849425 -0.1161599 0.4333676 0.8662864 0.2484765 0.614121 0.5908192 0.5232476 0.3461892 0.9303864 0.1205579 0.3740005 0.9055395 0.2003048 0.0877192 0.9884139 -0.1238687 0.5997085 0.6008574 0.5285074 0.3319714 0.9290874 0.16307 0.1656181 0.9860876 0.01421326 0.3922074 0.8830142 0.2577977 0.3311569 0.9298912 0.1601175 0.04806858 0.9899873 -0.1327207 0.3897233 0.8816888 0.2659717 -0.02262306 0.9936587 -0.1101397 0.1711518 0.9802195 0.09938222 0.2992386 0.9259046 0.2305584 0.5826471 0.6069451 0.5404998 0.3100268 0.9153521 0.2569321 0.4389245 0.8082425 0.3925421 0.3453944 0.886302 0.3084987 0.3342343 0.8879749 0.3158925 0.3521093 0.870033 0.3450532 -0.0462566 0.9988772 -0.01023268 0.0689975 0.9885798 0.1339756 0.3706627 0.8189548 0.4380895 -0.1501733 0.9878792 0.03927749 0.2178927 0.9149456 0.3397018 -0.1161561 0.9899092 0.0811643 0.2889513 0.8592066 0.4222216 0.0879513 0.9550093 0.2832345 0.2017476 0.8993343 0.3879381 0.2618845 0.8684563 0.4209515 -0.2039273 0.971288 0.122529 0.1066832 0.9184013 0.3809959 0.2904872 0.8081423 0.5123704 0.1503373 0.8909696 0.428453 0.03566545 0.9186707 0.393411 0.5193983 0.5835849 0.6242228 0.1083965 0.8874125 0.4480505 0.03481781 0.9225471 0.3843109 0.2243167 0.830111 0.5104879 -0.1011258 0.91624 0.3876569 0.01326048 0.8860065 0.4634832 -0.319705 0.9165044 0.240434 0.5099009 0.5635274 0.6499524 0.1831485 0.8059924 0.5628792 0.2143418 0.7823625 0.5847792 -0.01553916 0.8819489 0.471089 0.4938632 0.5676321 0.6587055 -0.3207302 0.894112 0.3125637 0.3256765 0.6937144 0.6424136 -0.006928861 0.805915 0.5919908 -0.1420208 0.8106406 0.5680599 -0.1853572 0.8156597 0.5480347 0.431032 0.5309395 0.7295991 0.3097031 0.6060578 0.7326512 0.350444 0.5310691 0.7714627 -0.4501293 0.6830995 0.5751163 0.2120988 0.5858929 0.7821404 -0.2654434 0.6645053 0.6985504 -0.16802 0.6418029 0.7482368 -0.4809677 0.6255329 0.6143117 -0.3213084 0.6303163 0.7067264 -0.08298635 0.6129804 0.7857279 0.3019092 0.5361774 0.7882669 -0.3057051 0.6239334 0.7192021 0.2183067 0.5514292 0.805151 -0.4646372 0.6037988 0.6477186 0.3684 0.477293 0.7977926 -0.2244635 0.5782442 0.7843787 -0.4398066 0.562301 0.7002769 -0.001986384 0.5657369 0.8245835 0.2235516 0.4850063 0.8454547 0.5699454 0.8214929 -0.01765775 0.5566607 0.8306792 -0.01005256 0.5432313 0.8331843 -0.1034595 0.7249665 0.6368123 0.2624763 0.3807145 0.9008971 -0.2084245 0.5883511 0.8017944 0.1047323 0.6679494 0.7066105 0.2335496 0.5759438 0.8114172 0.09945374 0.6427077 0.7337062 0.2204589 0.4495182 0.8910354 -0.06316125 0.4978684 0.8662641 0.04139667 0.4990669 0.8656609 0.03954082 0.6999431 0.6066521 0.3768991 0.5037198 0.8624131 0.05010259 0.6963427 0.6060583 0.384448 0.6601837 0.6782007 0.3228021 0.2814561 0.94265 -0.1794257 0.405066 0.9135192 -0.03747409 0.3631008 0.9295032 -0.06466585 0.2802932 0.9565637 -0.08013564 0.2636539 0.9576941 -0.1153632 0.592271 0.7011388 0.3970133 0.1798022 0.9685212 -0.1721565 0.3305526 0.9437591 0.00734049 0.4194159 0.9001237 0.1177613 0.1911606 0.9689037 -0.1571092 0.2110291 0.9748833 -0.07119989 0.2511488 0.9635785 -0.09187334 0.5550007 0.7467277 0.3665678 0.4499285 0.8738002 0.1844924 0.6075637 0.627084 0.487475 0.3362909 0.9414963 0.02221184 0.3877034 0.9063897 0.1677618 0.6103492 0.5953246 0.5225538 0.2656492 0.9640468 0.006654083 0.2805432 0.9598359 -0.003277003 0.2110028 0.9753479 -0.06460809 0.3452059 0.931196 0.1170764 0.1755617 0.9832414 -0.04913866 0.354732 0.929073 0.1048262 0.5174359 0.7677117 0.3779929 0.2059744 0.9774175 -0.04721945 0.1293455 0.9861487 -0.1038303 0.2641119 0.9626979 0.05880147 0.5570673 0.70484 0.4391773 0.4506492 0.8411326 0.2990176 0.2072795 0.977635 0.03557038 0.04689377 0.9897745 -0.1347121 0.3448373 0.7036105 0.6213048 0.06294858 0.6021983 0.7958611 0.2214512 0.5547304 0.8020185 -0.02478414 0.6020157 0.7980996 -0.01175415 0.6016646 0.7986624 0.1102268 0.5714055 0.8132318 -0.2072463 0.5829443 0.7856367 0.02674716 0.5453458 0.8377844 0.05816292 0.5259235 0.848541 -0.06058031 0.542191 0.8380686 0.6547389 0.7518524 0.07768464 0.7830353 0.5800053 0.2246102 0.7535745 0.5895909 0.2907031 0.6855741 0.7072814 0.172456 0.7109149 0.6567868 0.251458 0.50001 0.8635569 -0.06526589 0.4152243 0.908699 0.04307168 0.4354464 0.8912957 0.126406 0.5554481 0.7478703 0.3635487 0.5420355 0.7442158 0.3903082 0.5360754 0.7517608 0.38403 0.4209601 0.8924297 0.1623632 0.4812919 0.8374064 0.2590535 0.594269 0.6436666 0.4822216 0.4285138 0.8788939 0.2095744 0.4316611 0.8724615 0.2290849 0.2843268 0.9576309 0.04584079 -0.4608516 -0.07703304 -0.8841277 -0.3227541 0.1792862 -0.9293472 -0.4564456 -0.1969167 -0.8676874 -0.5234038 -0.1227722 -0.8431937 -0.68869 -0.06620836 -0.7220268 -0.766435 0.6403586 -0.05018573 -0.8068144 0.3484935 0.4770775 -0.3634709 -0.04786956 -0.9303749 -0.5267606 -0.255772 -0.8106195 -0.3535915 0.318938 -0.8793473 -0.1670119 0.7985582 -0.5782836 -0.5599837 0.3239375 -0.7625502 -0.4631172 0.540058 -0.7027518 -0.1178141 0.8811207 -0.4579804 -0.2017858 0.8249586 -0.5279449 0.2094659 0.9729792 -0.09713727 -0.6721034 -0.08590245 -0.7354575 -0.6684854 -0.06180292 -0.7411531 -0.6953632 -0.2172664 -0.6850295 -0.6637774 0.7300312 -0.1626475 -0.6652746 0.7379746 -0.1131517 -0.7950076 0.5989971 -0.09573662 -0.8134788 -0.0959798 -0.5736203 -0.8303219 -0.1271538 -0.5425841 -0.899814 0.4246505 -0.1000344 -0.9105566 0.3909467 -0.1343404 -0.3851602 0.03017795 -0.9223563 -0.3836671 0.03261798 -0.9228953 -0.4306964 -0.1272348 -0.8934832 -0.3619069 0.09887933 -0.9269554 -0.295129 0.2981805 -0.9077375 -0.4399883 -0.1029386 -0.8920841 -0.315329 0.3422903 -0.8851017 -0.2430859 0.3767759 -0.8938396 -0.2406755 0.39883 -0.8848785 -0.4663157 -0.1354348 -0.8741895 -0.06180441 0.7375646 -0.6724424 0.03620302 0.8373432 -0.5454777 -0.4714998 0.03316754 -0.8812423 -0.4515855 0.1429588 -0.8807005 -0.09938007 0.7419724 -0.6630238 -0.1458436 0.7008786 -0.6982111 -0.1351785 0.7128275 -0.6881887 -0.1781548 0.714154 -0.6769379 -0.1727308 0.7862996 -0.5932092 -0.3313285 0.6305471 -0.7018775 -0.3127807 0.6463759 -0.6959644 -0.6227615 0.01132047 -0.7823299 -0.6685648 -0.04692798 -0.7421717 -0.3307448 0.7988176 -0.5024923 -0.4626318 0.7861601 -0.4097854 -0.4546607 0.807908 -0.3749245 -0.7298963 -0.04973447 -0.6817462 -0.7195419 0.1230059 -0.6834684 -0.6043226 0.6380523 -0.477162 -0.7378491 -0.03062212 -0.6742707 -0.7370575 0.1254171 -0.664091 -0.624687 0.6399293 -0.4475006 -0.7351045 -0.05815368 -0.675455 -0.761609 0.1358773 -0.6336318 -0.7397028 -0.08855813 -0.6670811 -0.5689882 0.7642946 -0.3034904 -0.5690538 0.7792345 -0.2626244 -0.7541965 -0.07612037 -0.6522219 -0.7817441 0.1261181 -0.610713 -0.7549635 -0.0670402 -0.6523311 -0.6719035 0.6403315 -0.3721846 -0.6084247 0.7401341 -0.2863931 -0.6071103 0.7478176 -0.2686744 -0.7660931 -0.06855887 -0.6390628 -0.7091063 0.6212235 -0.3335412 -0.7739987 -0.09585696 -0.6258893 -0.6882629 0.7067698 -0.1636177 -0.7879791 -0.07985574 -0.6105014 -0.7707799 0.6013914 -0.2103015 -0.7054678 0.7002665 -0.1092798 -0.8092622 -0.06184035 -0.5841838 -0.8473317 0.1052871 -0.5205225 -0.8434799 0.0652374 -0.5331847 -0.7985641 -0.1118668 -0.5914231 -0.8789436 0.2286075 -0.4185652 -0.7221739 0.6906052 -0.03910571 -0.8560028 0.01684808 -0.5166968 -0.7399445 0.6726492 0.005030512 -0.7771257 0.6291759 0.01460832 -0.7779726 0.623692 0.0759406 -0.8578751 -0.07793605 -0.5079138 -0.8088607 0.5791981 0.101361 -0.8636133 -0.08831363 -0.4963597 -0.8130549 0.5625799 0.1498195 -0.8059502 -0.1974875 -0.5580708 -0.916731 0.3994218 0.008170723 -0.9644173 0.135564 -0.2269841 -0.9607636 0.2554659 -0.1080299 -0.8770262 0.4576333 0.1462764 -0.9708892 0.1193767 -0.2076618 -0.8561148 0.4699068 0.21507 -0.7985522 -0.238999 -0.5524436 -0.867109 0.4421841 0.229337 -0.8728931 -0.1531487 -0.4632529 -0.9227682 -0.09366071 -0.3738003 -0.8667742 0.4224506 0.2650247 -0.980703 0.1891965 -0.04925888 -0.9827965 0.1155334 -0.1440939 -0.9006769 -0.1405191 -0.4111394 -0.896511 0.3830255 0.2226199 -0.9123674 0.3608792 0.1932669 -0.9768954 0.01840478 -0.212924 -0.9885755 0.144982 -0.041215 -0.9549578 0.2715311 0.1196932 -0.9793626 0.2012622 0.01851147 -0.8529363 0.406391 0.3276373 -0.7235026 0.4916973 0.4845388 -0.9913262 0.04382735 -0.1239018 -0.9896172 0.1428741 0.01564979 -0.9856664 0.003024458 -0.1686793 -0.9877571 -0.01636356 -0.1551393 -0.9966733 0.06981015 -0.04206019 -0.9899749 -0.001500427 -0.1412355 -0.8620849 0.3628317 0.3537838 -0.8995624 0.3114233 0.3062728 -0.9940072 0.1054443 0.02883064 -0.9661685 0.2051146 0.1563534 -0.9579197 0.220572 0.1836786 -0.8525186 0.3383178 0.3984383 -0.3838809 0.1152147 -0.9161666 -0.3246219 0.1909257 -0.9263736 -0.2813858 0.3158531 -0.9061231 -0.1818355 0.4783219 -0.8591532 -0.391205 0.06108987 -0.9182738 -0.1893849 0.4867267 -0.8527781 -0.3879455 0.05739891 -0.9198933 -0.3446497 0.2036248 -0.9163807 -0.1268685 0.6160725 -0.7774054 -0.426418 -0.01512414 -0.9043999 -0.426736 -0.01516902 -0.9042491 -0.1503186 0.6057751 -0.7813072 -0.4124388 0.04975497 -0.9096256 -0.3534277 0.2089597 -0.911825 0.04289078 0.8239566 -0.5650274 -0.2479628 0.4342252 -0.8660041 -0.08475887 0.6772775 -0.7308291 -0.1793903 0.5762215 -0.7973631 -0.1770142 0.5721271 -0.800835 -0.2576852 0.4526526 -0.8536416 -0.1086629 0.688555 -0.7169968 -0.4889998 -0.1401659 -0.8609488 0.1347063 0.9219901 -0.3630268 -0.404946 0.2060129 -0.8908297 -0.2866927 0.4680654 -0.835896 -0.5232892 -0.2083978 -0.8262802 -0.3819479 0.2982177 -0.8747469 -0.2617577 0.5287007 -0.8074395 -0.4544229 0.1723034 -0.873963 -0.14433 0.7113868 -0.687821 -0.2700319 0.5387993 -0.7979839 -0.5608615 -0.369802 -0.7407299 -0.2627467 0.5454921 -0.795866 -0.419071 0.2213651 -0.8805549 -0.2636911 0.603598 -0.7524204 -0.2726031 0.5446243 -0.7931405 -0.1796962 0.5965186 -0.7822244 -0.5536997 -0.1565529 -0.8178678 -0.1085074 0.7830974 -0.6123598 -0.4521756 0.2056443 -0.8678985 -0.2571382 0.6138312 -0.7463855 -0.1387484 0.7499979 -0.6467241 -0.2689645 0.5921798 -0.7595928 -0.5916204 -0.4702968 -0.654833 -0.5716553 -0.2021811 -0.7951937 -0.5899822 -0.1585106 -0.7917041 -0.145066 0.7759727 -0.6138586 0.01497626 0.904848 -0.4254712 -0.6236722 -0.4275137 -0.6544197 -0.1453202 0.7975203 -0.5855284 -0.1980388 0.7755796 -0.5993804 -0.3789609 0.5217428 -0.7643122 -0.4410212 0.4613206 -0.7698596 -0.6480295 -0.2327053 -0.7251939 -0.6483646 -0.1328476 -0.7496499 -0.5536753 0.2544928 -0.7928917 -0.1363682 0.8492164 -0.5101327 -0.208498 0.7795752 -0.5905853 -0.1760107 0.8276076 -0.5329971 -0.6086906 0.1252353 -0.7834615 -0.6598395 -0.1418214 -0.7379015 -0.6712141 -0.1741712 -0.720511 0.1775479 -0.8325943 0.5246555 -0.177227 0.8274764 -0.5327978 -0.3855412 0.621695 -0.6818016 -0.6871897 -0.172089 -0.7058014 -0.3540141 0.6710662 -0.6514171 -0.2656448 0.773959 -0.5748221 -0.6810943 -0.1374443 -0.7191798 -0.26182 0.7751264 -0.5750038 -0.4193212 0.6023367 -0.6792351 -0.2577739 0.7955973 -0.5482496 -0.2672973 0.7827796 -0.5619683 -0.5944024 0.2908905 -0.7497124 -0.1495565 0.8967869 -0.4164204 -0.6531489 0.113195 -0.7487213 -0.6821314 -0.07629877 -0.7272382 -0.2278231 0.8470547 -0.480203 -0.6278734 0.2556028 -0.7351478 -0.4772869 0.5610586 -0.6763213 -0.6739464 -0.03683519 -0.7378615 -0.6784795 -0.04128652 -0.7334583 -0.6638911 0.1269732 -0.7369711 -0.6236763 0.2675267 -0.7344778 -0.4284651 0.6817689 -0.5929661 -0.432936 0.6723587 -0.6004167 -0.2360305 0.8648559 -0.4430732 -0.6268936 0.2963727 -0.7205329 -0.617401 0.3464884 -0.7062308 -0.5753153 0.4589005 -0.6770692 -0.582009 0.4384105 -0.684881 -0.3052452 0.8359452 -0.4560934 -0.4652027 0.6813468 -0.5651134 -0.6552882 0.2539786 -0.7114017 -0.5553646 0.575394 -0.6004098 -0.4952528 0.6631295 -0.5612343 -0.4143486 0.7784966 -0.4714428 -0.660652 0.2738432 -0.6989628 -0.6919389 0.1393811 -0.7083739 -0.5312221 0.6624684 -0.5281467 -0.6656016 0.378554 -0.6431729 -0.6276673 0.4749777 -0.6167901 -0.6474887 0.4105943 -0.6420053 -0.6960513 0.2550452 -0.6711666 -0.7122235 -0.03124868 -0.7012569 -0.5475483 0.6491599 -0.5279985 -0.7012837 0.2471244 -0.6686784 -0.4187079 0.8190729 -0.3921778 -0.6344305 0.5113736 -0.5796509 -0.7045988 -0.01689219 -0.7094048 -0.5429336 0.678869 -0.4943279 -0.6983697 0.2424362 -0.6734274 -0.5774068 0.638093 -0.5093514 -0.723201 0.1077896 -0.6821743 -0.5725733 0.6677979 -0.475611 -0.4813669 0.7908262 -0.3779945 -0.6820441 0.4117763 -0.6043644 -0.6824887 0.4102966 -0.6048685 -0.5927067 0.6718418 -0.4442154 -0.736483 0.2641121 -0.6227661 -0.6258196 0.6534296 -0.4258868 -0.5496929 0.7743444 -0.3134142 -0.7461436 0.3663101 -0.5559555 -0.7035242 0.550145 -0.4498825 -0.7461279 0.4342636 -0.5046864 -0.7771813 0.1650987 -0.6072327 -0.7599647 0.4028173 -0.5100903 -0.7688925 0.3620994 -0.5269615 -0.7409564 0.5231953 -0.4210112 -0.7898537 0.1286101 -0.5996587 -0.8014348 0.2542605 -0.5413447 -0.769726 -0.05705982 -0.6358192 -0.6666435 0.6898742 -0.2822415 -0.6182326 0.7600237 -0.2003809 -0.5256 0.8416955 -0.1236663 -0.7996472 0.3360622 -0.4976209 -0.7847404 0.418851 -0.4568879 -0.7823404 -0.03283166 -0.6219854 -0.724808 0.6079477 -0.3241187 -0.763467 0.52982 -0.3693358 -0.812654 0.1108399 -0.5721085 -0.7821406 0.5067868 -0.3625237 -0.8162125 0.3555202 -0.4554147 -0.7829188 0.5029929 -0.3661097 -0.664853 0.7232555 -0.1867406 -0.8272037 0.3131132 -0.4665771 -0.8236786 0.1208865 -0.5540217 -0.7886199 -0.07659721 -0.6100914 -0.7414044 0.6302741 -0.2303783 -0.8215179 0.443973 -0.3577658 -0.836525 0.4330586 -0.3356875 -0.7902545 0.5675163 -0.231135 -0.8461094 0.4004892 -0.3517206 -0.8597753 0.2595967 -0.4397682 -0.8590776 0.2694842 -0.4351599 -0.8714998 0.1409938 -0.4696901 -0.8451569 0.4667778 -0.2604392 -0.7986977 0.5753302 -0.1762879 -0.7426429 0.6642808 -0.08492624 -0.8251857 0.5235132 -0.2121382 -0.8822816 0.2960379 -0.3659792 -0.8789141 0.3378389 -0.336712 -0.7707178 -0.200543 -0.6047947 -0.8626525 0.4738029 -0.1770352 -0.832757 -0.09792941 -0.544909 -0.8850054 0.07086175 -0.4601566 -0.8848425 0.06983816 -0.4606263 -0.9024686 0.1727719 -0.3945891 -0.7776319 0.6285802 0.01325172 -0.9065637 0.3368163 -0.2543565 -0.9107646 0.2957366 -0.2881802 -0.9059932 0.3454762 -0.244587 -0.811636 0.5840772 0.01004457 -0.9225996 0.1389033 -0.3598833 -0.8968821 0.0347929 -0.4408991 -0.9323728 0.1850811 -0.3105257 -0.872119 0.4891 -0.01377803 -0.8186114 0.5683254 0.08295696 -0.9287086 0.3146752 -0.196163 -0.9394802 0.1443403 -0.3107134 -0.9108191 0.01012468 -0.4126818 -0.9456722 0.1834004 -0.2684556 -0.9375006 0.3109644 -0.1561853 -0.8256318 0.5501739 0.1250628 -0.916188 0.3974279 -0.051485 -0.9205706 0.3897998 -0.02461284 -0.9554922 0.1874036 -0.2278475 -0.9218518 0.007415771 -0.3874719 -0.8606432 -0.1318985 -0.4918294 -0.9264768 0.02963191 -0.3751835 -0.8574221 0.5006617 0.1190186 -0.9554719 0.1873099 -0.2280096 -0.8250496 0.5338131 0.1853017 -0.8692179 -0.1207853 -0.4794488 -0.9442802 0.04771816 -0.3256653 -0.8750514 0.463281 0.1401999 -0.9439521 0.04786962 -0.326593 -0.9583223 0.2686871 -0.09708613 -0.9251187 -0.02050787 -0.3791238 -0.8680323 -0.1200856 -0.4817669 -0.9259347 0.3754308 0.04119163 -0.8512275 0.4936453 0.1781182 -0.9312832 0.357311 0.07099592 -0.9648134 0.2522256 -0.07428008 -0.9402149 0.3385334 0.03729712 -0.8609265 0.4639747 0.2086463 -0.9712335 0.133403 -0.1972543 -0.9292727 -0.02925014 -0.3682345 -0.9305973 -0.0250411 -0.3651872 -0.9393033 -0.02277761 -0.3423314 -0.9441255 0.3265016 0.04498898 -0.8657897 0.4433248 0.2321024 -0.9370898 0.3406874 0.0761246 -0.8788822 0.4174672 0.2308403 -0.9803181 0.09562271 -0.1727219 -0.9540344 -0.01327341 -0.2994032 -0.9759086 0.2174164 -0.01823812 -0.9784556 0.02136892 -0.2053488 -0.989683 0.1371126 -0.04156804 -0.9327509 0.3061118 0.1904507 -0.9420996 -0.1048088 -0.3185334 -0.9207254 0.3113188 0.2352558 -0.985641 0.1636485 0.04160618 -0.3892056 0.3028 -0.8699604 -0.09726786 0.6802137 -0.7265318 -0.3531153 0.2104655 -0.9115996 -0.2610635 0.3715475 -0.8909536 -0.2716889 0.4133783 -0.869082 -0.3531285 0.2463656 -0.9025543 -0.4254769 0.0403521 -0.9040693 -0.4787808 -0.1200585 -0.8696867 -0.3783714 0.1714534 -0.9096367 -0.2729741 0.4450257 -0.8528993 -0.4013493 0.1570682 -0.9023572 -0.4800297 -0.1148871 -0.8696968 -0.4010145 0.1574963 -0.9024314 -0.2741923 0.4555703 -0.8469205 -0.3237401 0.3678188 -0.8717235 -0.2499088 0.4641269 -0.8497835 -0.4783194 -0.1165454 -0.8704181 -0.102487 0.7141081 -0.6924926 -0.4699503 -4.25298e-4 -0.8826928 -0.4681618 0.03484052 -0.8829557 -0.3496944 0.3657206 -0.8625325 -0.5202354 -0.1210951 -0.8453941 -0.4499515 0.1730474 -0.8761269 -0.3657528 0.3733803 -0.8525329 -0.3601482 0.380176 -0.8519152 -0.3354108 0.5015448 -0.7974664 -0.3013679 0.4668879 -0.8313804 -0.5528605 -0.2044668 -0.8077987 -0.3648765 0.4166865 -0.8326089 -0.5685179 -0.1958397 -0.7990209 -0.51628 0.03247755 -0.8558038 -0.5031292 0.1026881 -0.8580887 -0.5702549 -0.1323694 -0.8107329 -0.1593034 0.7452107 -0.647521 -0.2353386 0.6632928 -0.7103931 -0.3148955 0.6043775 -0.7318257 -0.4835146 0.223307 -0.8463733 -0.4344017 0.3459631 -0.8316279 -0.4362372 0.3329883 -0.8359522 -0.5350388 0.1088285 -0.8377887 -0.2925156 0.5907943 -0.7519288 -0.3788347 0.477721 -0.7926331 -0.4611419 0.1651208 -0.8718276 -0.5646042 0.02015161 -0.8251159 -0.5979449 -0.09313261 -0.7961082 -0.171758 0.7645102 -0.6213078 -0.5390202 0.1599696 -0.8269625 -0.2978187 0.6252121 -0.7213971 -0.6022452 -0.1147003 -0.7900283 -0.5933727 -0.08990365 -0.7998915 -0.6150617 -0.03784334 -0.7875703 -0.3090034 0.6150046 -0.7254559 -0.1707789 0.7842811 -0.5964376 -0.6145941 -0.07279676 -0.7854775 -0.5139406 0.2437526 -0.8224657 -0.3064815 0.6154322 -0.7261628 -0.3954148 0.5283066 -0.7513583 -0.5679546 0.1355627 -0.8118193 -0.4967218 0.3255379 -0.804545 -0.6158785 -0.07280266 -0.7844702 -0.5021645 0.3317141 -0.7986217 -0.5211946 0.2950617 -0.8008089 -0.4436126 0.4572961 -0.7707713 -0.5959699 0.07030928 -0.7999228 -0.3320364 0.6470656 -0.6863366 -0.4500424 0.4743209 -0.7566251 -0.5425074 0.2658089 -0.7968885 -0.5402339 0.2886912 -0.790446 -0.6135235 0.09877586 -0.7834746 -0.5343742 0.3356806 -0.7757337 -0.4299032 0.5267877 -0.7332653 -0.6209262 0.09865444 -0.7776362 -0.532625 0.3373702 -0.7762037 -0.4296046 0.5264534 -0.7336803 -0.6596626 -0.147554 -0.736935 -0.3997106 0.5910764 -0.7006142 -0.3138174 0.6987441 -0.6428651 -0.314319 0.6982315 -0.6431768 -0.6457785 0.0120635 -0.7634295 -0.6663086 -0.1458621 -0.7312709 -0.421644 0.5474728 -0.7228347 -0.6262719 0.1324775 -0.7682665 -0.5099248 0.4426638 -0.7375808 -0.6224704 0.1238251 -0.7727859 -0.5036098 0.4467647 -0.7394448 -0.6165638 0.128405 -0.7767634 -0.4897996 0.416836 -0.7657311 -0.585939 0.3234582 -0.7430009 -0.563553 0.2273131 -0.7941894 -0.3757398 0.6847534 -0.6244458 -0.6511237 -0.1217886 -0.7491365 -0.5873152 0.2283393 -0.7764806 -0.6564223 0.04948639 -0.7527689 -0.5123928 0.4590507 -0.7257589 -0.6402205 0.02937614 -0.7676293 -0.6325531 0.1506455 -0.7597253 -0.608432 0.2618677 -0.7491568 -0.4488276 0.5278486 -0.7210616 -0.6084489 0.1717631 -0.7747822 -0.5503964 0.3870132 -0.7397869 -0.4185374 0.6146897 -0.668568 -0.4118551 0.6087894 -0.6780493 -0.5510135 0.3642863 -0.750786 -0.6330109 0.1377046 -0.7617971 -0.4192442 0.6022771 -0.6793355 -0.6270536 0.193437 -0.7545766 -0.4469319 0.5720741 -0.6877377 -0.5176589 0.4354526 -0.7364851 -0.357745 0.6928032 -0.6261328 -0.2394922 0.8110327 -0.5337318 -0.4252346 0.6334339 -0.6464805 -0.5341149 0.4538542 -0.7132585 -0.6528685 0.07293224 -0.7539522 -0.2459009 0.8114659 -0.5301473 -0.5845736 0.324858 -0.7434655 -0.4939138 0.5055629 -0.7074288 -0.6483339 0.07552546 -0.7576009 -0.3971701 0.6804903 -0.6157832 -0.4971321 0.517038 -0.6968008 -0.5831832 0.3236075 -0.745101 -0.5721304 0.3673175 -0.7333108 -0.5009914 0.5125131 -0.6973794 -0.6839366 -0.04456424 -0.7281791 -0.3921508 0.6733955 -0.6267027 -0.5116962 0.5413485 -0.6671648 -0.3283166 0.7839276 -0.5269401 -0.5731014 0.3683809 -0.732018 -0.5218394 0.497337 -0.6930654 -0.6764142 -0.04440486 -0.7351817 -0.6238883 0.253722 -0.739181 -0.3089346 0.7815597 -0.541963 -0.5421566 0.4804477 -0.6893739 -0.5532581 0.4605072 -0.6941459 -0.6240602 0.2660129 -0.7347014 -0.6824607 -0.06323152 -0.7281821 -0.6680133 0.1419094 -0.730493 -0.465264 0.6480153 -0.6029972 -0.6688253 0.1407401 -0.7299761 -0.6910228 -0.0303719 -0.7221947 -0.3623073 0.8124353 -0.4568175 -0.5914795 0.4807394 -0.6473343 -0.6972014 -0.01880055 -0.7166288 -0.6485052 0.3335081 -0.6842612 -0.7014188 -0.06487649 -0.7097907 -0.4033386 0.8037008 -0.4374737 -0.5651615 0.5773258 -0.589311 -0.4331968 0.7838273 -0.4449218 -0.7140938 -0.02864807 -0.6994637 -0.6967515 0.1436125 -0.7027893 -0.744741 0.1051962 -0.6590104 -0.714534 0.2986071 -0.6326729 -0.6710161 0.4879191 -0.5582763 -0.4722619 0.8108612 -0.3456485 -0.5116145 0.7840865 -0.3513676 -0.7328359 0.2807567 -0.6197801 -0.6972659 0.4492929 -0.5585304 -0.5019978 0.7992077 -0.3305531 -0.6953994 0.4677119 -0.5455871 -0.7411705 -0.04364752 -0.6698965 -0.7456429 0.2551887 -0.615545 -0.535716 0.7881636 -0.3029963 -0.7374494 0.3788727 -0.5591278 -0.7118784 0.4653147 -0.5260336 -0.6896491 0.5450245 -0.476794 -0.6934133 0.559665 -0.4538208 -0.7706038 0.1438871 -0.6208595 -0.7502996 -0.06077164 -0.6582989 -0.7685644 0.1507177 -0.6217659 -0.741494 0.5250014 -0.4178043 -0.8000859 0.2481448 -0.5461564 -0.6464405 0.7405562 -0.1835517 -0.8146537 0.327172 -0.4788505 -0.6478016 0.7382031 -0.1881735 -0.7827349 0.5265344 -0.3317944 -0.8368602 0.3210962 -0.4433533 -0.7726945 0.5883631 -0.2382692 -0.7964286 -0.08819383 -0.598267 -0.676301 0.7347975 -0.0518639 -0.8604171 0.4797674 -0.1717724 -0.8461174 0.531149 -0.04434055 -0.899662 0.4362735 -0.01654869 -0.9128382 0.4082952 0.004645824 -0.8607296 -0.1305474 -0.4920387 -0.9299687 0.01883161 -0.3671562 -0.9594871 0.266153 -0.09245061 -0.9557156 0.187088 -0.2271694 -0.9704704 0.2369135 -0.04537934 -0.974784 0.1378129 -0.1755098 -0.9352033 -0.03590083 -0.3522871 -0.9726544 0.09075748 -0.2137913 -0.96456 0.2638301 0.004206717 -0.9647024 0.2632403 0.007342815 -0.9208807 -0.1008473 -0.3765749 -0.936679 0.2967102 0.1859995 -0.9645424 0.2244736 0.1388152 -0.9237891 0.301079 0.2365697 -0.1412047 0.557837 -0.8178504 -0.1198 0.6814047 -0.7220358 -0.2195502 0.5749263 -0.7881989 -0.119179 0.6812035 -0.7223283 -0.4719036 -0.001140415 -0.8816495 -0.1471505 0.6932822 -0.7054833 -0.3735541 0.3437511 -0.861564 -0.5201705 -0.1215969 -0.845362 -0.4983076 0.03205853 -0.8664074 -0.5091338 0.03361713 -0.8600307 -0.5085453 0.03853154 -0.8601728 -0.3749024 0.3997808 -0.836435 -0.4452649 0.2347384 -0.8640816 -0.5169868 0.09323608 -0.8509007 -0.4138785 0.3532231 -0.8390102 -0.455031 0.2342996 -0.8590987 -0.33039 0.529125 -0.7815812 -0.5239049 0.06115818 -0.8495783 -0.2658956 0.5928276 -0.7601678 -0.4151769 0.3688946 -0.8315919 -0.5397241 0.07310038 -0.8386622 -0.5779725 -0.1205791 -0.8070989 -0.1695144 0.7577965 -0.630087 -0.2769504 0.6233966 -0.731215 -0.5566536 0.1562381 -0.8159207 -0.2898648 0.6329552 -0.7178761 -0.4266206 0.4245194 -0.7986102 -0.3798021 0.4790422 -0.7913716 -0.4994481 0.2277843 -0.8358623 -0.4265207 0.4234117 -0.7992514 -0.3070823 0.6245726 -0.7180595 -0.5472615 0.1527531 -0.8229042 -0.5413002 0.1232709 -0.8317443 -0.4299274 0.4212626 -0.7985615 -0.6027983 -0.04016977 -0.7968818 -0.3789651 0.5275486 -0.7603145 -0.5696946 0.1483044 -0.808365 -0.6006649 0.07161414 -0.7962871 -0.2121813 0.7738403 -0.5967833 -0.3253032 0.6657962 -0.6714859 -0.3077362 0.6952912 -0.649514 -0.3236354 0.6662646 -0.6718272 -0.5122749 0.4127983 -0.7531083 -0.5059773 0.3836579 -0.7725242 -0.608669 0.1251943 -0.7834849 -0.5120502 0.3767814 -0.771907 -0.3791108 0.677212 -0.6306021 -0.3623765 0.6393641 -0.6781569 -0.3442314 0.6759844 -0.651575 -0.5779281 0.3024511 -0.7579727 -0.4578393 0.5109683 -0.7275264 -0.5606987 0.3116862 -0.7671173 -0.4716643 0.5331801 -0.702319 -0.6561463 0.003212928 -0.7546269 -0.6256229 0.1531095 -0.7649533 -0.626612 0.1926221 -0.7551518 -0.5476769 0.3957287 -0.7371898 -0.6466311 0.1149956 -0.7540851 -0.6013829 0.2316826 -0.7646318 -0.4113231 0.6280902 -0.6605423 -0.6556863 0.1113178 -0.7467824 -0.3431698 0.7296639 -0.5914601 -0.3419049 0.7274986 -0.5948503 -0.6421383 0.1248541 -0.7563531 -0.4125547 0.6854696 -0.5999417 -0.5665123 0.5024935 -0.6531189 -0.3772472 0.7883588 -0.4859784 -0.4762239 0.6603196 -0.5806797 -0.7080684 -0.05854159 -0.703713 -0.8123418 0.1098047 -0.5727512 -0.8274446 0.09274584 -0.5538355 -0.8262235 0.08888876 -0.5562856 -0.9489095 -0.08150917 -0.3048392 -0.97389 -0.004969775 -0.2269663 -0.9905028 0.06103837 -0.1232012 -0.9808249 0.1876268 0.05271339 -0.3893049 0.2104818 -0.8967381 -0.4166696 0.1649749 -0.893963 -0.3168119 0.3705255 -0.8731215 -0.3968295 0.1908976 -0.8978221 -0.2018697 0.5802217 -0.7890447 -0.2890694 0.466764 -0.8358051 -0.5234481 0.2437699 -0.8164426 -0.3311437 0.647817 -0.6860591 -0.4397362 0.4871557 -0.7545274 -0.4526512 0.477885 -0.7528165 -0.5522667 0.3279713 -0.7664439 -0.4409657 0.5417822 -0.7155568 -0.6072825 0.1273041 -0.7842205 -0.6276108 0.1300015 -0.7675965 -0.8214886 0.4439053 -0.3579168 -0.843673 0.2715855 -0.4630955 -0.5563886 0.3508566 -0.7532141 -0.5520604 0.3639059 -0.7502012 0.6974754 -0.6010182 -0.3902631 0.697573 -0.5936252 -0.4012495 0.6764139 -0.6543168 -0.3381329 0.6729001 -0.646269 -0.3599194 0.6463899 -0.7025355 -0.2976981 0.6507789 -0.6985401 -0.2975376 0.630081 -0.7350177 -0.2504935 0.6284888 -0.7303513 -0.2675608 0.6084923 -0.7625866 -0.2195422 0.6094748 -0.7587433 -0.2298892 0.592076 -0.7820558 -0.1945121 0.5950538 -0.7775295 -0.2033693 0.5792909 -0.797268 -0.1696639 0.5828999 -0.7914831 -0.1837993 0.5567348 -0.8183244 -0.1427996 0.5496812 -0.8234233 -0.1408001 0.5247149 -0.8470193 -0.08504515 0.5124883 -0.8547952 -0.08173793 0.4618546 -0.8868343 -0.01467335 0.4620881 -0.8867571 -0.01168674 0.4156971 -0.907341 0.0626772 0.3782033 -0.9229311 0.07183706 0.358579 -0.9243864 0.1301193 0.3193276 -0.9366143 0.144165 0.3005253 -0.9312154 0.2062098 0.2474644 -0.9483963 0.1982578 0.213522 -0.9365475 0.2780059 -0.6697552 -0.3415699 -0.6593619 -0.6697838 -0.3415972 -0.6593186 -0.6697695 -0.3415727 -0.6593459 -0.6697854 -0.3415815 -0.6593251 -0.6697517 -0.3415752 -0.6593627 -0.6697475 -0.3415511 -0.6593794 -0.6697535 -0.3415631 -0.6593671 -0.6697902 -0.3415911 -0.6593154 -0.6697664 -0.3415796 -0.6593455 -0.6697443 -0.3415891 -0.659363 -0.6698001 -0.3415743 -0.659314 -0.6697865 -0.3416448 -0.6592912 -0.6697717 -0.3416143 -0.6593221 -0.669771 -0.3415787 -0.6593412 -0.6697173 -0.3416022 -0.6593837 -0.6698098 -0.3415722 -0.6593052 -0.6697719 -0.3416174 -0.6593204 -0.6697722 -0.3416158 -0.6593207 -0.6698374 -0.3415551 -0.6592859 -0.6697281 -0.3416071 -0.6593702 -0.669774 -0.3415596 -0.659348 -0.669784 -0.3415163 -0.6593604 -0.6697874 -0.3415578 -0.6593354 -0.6697709 -0.3416026 -0.6593289 -0.6697272 -0.3416359 -0.6593561 -0.6697847 -0.3415588 -0.6593376 -0.6697452 -0.3416365 -0.6593374 -0.669784 -0.3415715 -0.6593317 -0.6698176 -0.3415123 -0.6593284 -0.6697922 -0.3415288 -0.6593456 -0.669766 -0.3415685 -0.6593515 -0.6697785 -0.3415719 -0.6593372 -0.6697142 -0.3416653 -0.6593541 -0.6697486 -0.3416367 -0.659334 -0.6697537 -0.3416218 -0.6593366 -0.6697654 -0.3415921 -0.65934 -0.6697646 -0.3415963 -0.6593386 -0.6697771 -0.3415796 -0.6593346 -0.669769 -0.34159 -0.6593375 -0.6697699 -0.3415752 -0.6593442 -0.669776 -0.3415836 -0.6593337 -0.6697698 -0.3415791 -0.6593423 -0.6698325 -0.3415481 -0.6592946 -0.6697662 -0.3416043 -0.6593328 -0.6697699 -0.3415985 -0.6593321 -0.6697723 -0.3415752 -0.6593417 -0.6697618 -0.3415325 -0.6593744 -0.6698191 -0.3415745 -0.6592945 -0.6697731 -0.3415838 -0.6593365 -0.6697635 -0.3415556 -0.6593609 -0.6697415 -0.3415932 -0.6593637 -0.6696949 -0.3415939 -0.6594107 -0.6697598 -0.3415388 -0.6593732 -0.6697209 -0.3415889 -0.6593868 -0.6697952 -0.341613 -0.6592988 -0.6698067 -0.3416254 -0.6592808 -0.6697892 -0.3415969 -0.6593134 -0.6698033 -0.3416048 -0.659295 -0.6697813 -0.3415884 -0.6593257 0.6698241 0.3416185 0.6592667 0.6696919 0.3415448 0.659439 0.669691 0.3415443 0.6594403 0.6697947 0.3416154 0.6592981 0.6697648 0.3415887 0.6593422 0.6697973 0.3416162 0.6592952 0.6697342 0.3415776 0.6593793 0.6697444 0.3415775 0.6593689 0.6697584 0.3415588 0.6593644 0.6697482 0.3415484 0.6593801 0.6698184 0.3415918 0.6592863 0.6697651 0.3415718 0.6593509 0.6697621 0.3415592 0.6593604 0.6697433 0.3416061 0.6593552 0.6698081 0.3415743 0.6593059 0.6697733 0.3415933 0.6593313 0.6697613 0.3415908 0.6593449 0.6697712 0.3415592 0.6593511 0.6697236 0.3416146 0.6593708 0.6697719 0.3415501 0.6593551 0.6697649 0.3415943 0.6593394 0.6697683 0.3416433 0.6593105 0.6697719 0.3416235 0.6593171 0.6697973 0.3414522 0.6593801 0.6697481 0.3416085 0.6593489 0.6698022 0.3415431 0.659328 0.6698319 0.3415145 0.6593127 0.6697196 0.341717 0.6593218 0.6697266 0.3416876 0.6593299 0.6697375 0.3416308 0.6593482 0.6697719 0.3415895 0.6593348 0.6697984 0.3415414 0.6593327 0.6697754 0.3415907 0.6593305 0.6697644 0.3415859 0.6593441 0.6697784 0.3415497 0.6593487 0.6698108 0.3415328 0.6593245 0.6697722 0.3415634 0.659348 0.669721 0.3416368 0.6593618 0.669744 0.3416565 0.6593283 0.6696918 0.3416762 0.6593711 0.6697924 0.341528 0.6593458 0.6698313 0.3415441 0.6592978 0.6697518 0.3415977 0.6593509 0.6697695 0.341647 0.6593074 0.6697678 0.3416787 0.6592926 0.6697708 0.3416555 0.6593016 0.6698173 0.3415443 0.6593121 0.6697723 0.3415707 0.659344 0.669763 0.3414647 0.6594084 0.6697606 0.3415316 0.6593763 0.6697744 0.34157 0.6593423 0.6697029 0.341607 0.6593958 0.6697793 0.3416335 0.6593044 0.6697641 0.3415982 0.6593382 0.6697849 0.3415857 0.6593235 0.6697537 0.3415628 0.659367 0.6698611 0.341597 0.6592401 0.6698012 0.3415848 0.6593074 0.6697519 0.3415598 0.6593705 0.6698019 0.3416157 0.6592907 0.6697364 0.3415969 0.6593669 0.669816 0.3416364 0.6592656 -0.006029486 0.8863586 -0.4629601 -0.1378502 0.9324468 -0.3339767 -0.2778822 0.9371753 -0.2109128 -0.3470312 0.9294592 -0.1252001 -0.4858177 0.8731932 0.03892004 -0.4818235 0.8755843 0.03461885 -0.6207938 0.7443122 0.2462003 -0.6229655 0.7415099 0.2491527 -0.704496 0.5751131 0.415849 -0.7083555 0.5590956 0.4308652 -0.7383163 0.3965828 0.5455375 -0.7409244 0.3768224 0.5559102 -0.735373 0.1836528 0.6523023 -0.7316199 0.1641586 0.6616527 -0.6858071 -0.0644887 0.7249206 -0.6429159 -0.1690381 0.7470511 -0.5930622 -0.2944487 0.7493846 -0.5063582 -0.4336298 0.7453634 -0.3712671 -0.6157976 0.694949 -0.3938146 -0.5938845 0.7015777 -0.1745006 -0.7885109 0.5897458 -0.1410304 -0.8149229 0.5621486 0.1536145 0.7995126 -0.5806741 0.1971957 0.7940974 -0.5749115 0.1556743 0.8181208 -0.5535739 0.1610128 0.7728342 -0.6138421 0.2383485 0.7200924 -0.6516571 0.3333834 0.6822169 -0.6507193 0.2819917 0.7312942 -0.6210392 0.351038 0.6064989 -0.7133944 0.3045369 0.6467359 -0.6992782 0.4222486 0.5757873 -0.7001252 0.3748665 0.6262271 -0.6836043 0.4831628 0.4669252 -0.7406313 0.4463155 0.5415862 -0.7123812 0.4864968 0.480742 -0.7295259 0.4448941 0.4805943 -0.7557106 0.5322617 0.369368 -0.7617511 0.5478982 0.4196084 -0.7236964 0.594358 0.3269557 -0.7347371 0.5992357 0.2494465 -0.7607189 0.5527033 0.3210314 -0.7690631 0.6565148 0.1767041 -0.733324 0.6313161 0.2442655 -0.7360533 0.6508436 0.1487928 -0.7444887 0.6259748 0.2136707 -0.7500002 0.6966526 0.005894899 -0.7173845 0.7051423 0.001904189 -0.7090633 0.6751023 0.07610291 -0.7337883 0.6842954 0.07194602 -0.725647 0.731274 -0.1368955 -0.6682051 0.7209873 -0.07154661 -0.6892448 0.7187161 -0.1678459 -0.6747407 0.7063745 -0.1118457 -0.6989461 0.7595563 -0.2466084 -0.6018793 0.7522057 -0.1774364 -0.6345888 0.7154293 -0.3558884 -0.6012524 0.7221848 -0.2900241 -0.627961 0.7601518 -0.3383738 -0.5546825 0.7562838 -0.4008503 -0.5170627 0.7263892 -0.4136854 -0.5488381 0.7103368 -0.5104271 -0.4846503 0.7246019 -0.5312734 -0.4389769 0.7336481 -0.4865614 -0.4743613 0.7197898 -0.5067347 -0.474471 0.7055792 -0.570554 -0.4202693 0.6914656 -0.6060066 -0.3932318 0.6922122 -0.606608 -0.3909848 0.6808342 -0.6401131 -0.3559775 0.6418004 -0.7110641 -0.2871939 0.6384468 -0.7182079 -0.2767007 0.5756803 -0.8004319 -0.167037 0.5635529 -0.8113721 -0.1551887 0.4823254 -0.8750153 -0.04135912 0.4763787 -0.878794 -0.02800661 0.4135724 -0.9087062 0.05666595 0.3512089 -0.9289714 0.1168964 0.3263817 -0.9326176 0.1539471 0.2462236 -0.9395396 0.2379904 0.2271585 -0.9406567 0.2521191 0.1521385 -0.9312082 0.3312178 0.120666 -0.9271501 0.3547286 0.06006419 -0.9085701 0.4133917 0.02839773 -0.9007178 0.4334756 -0.7254955 0.1132846 0.6788394 -0.7257151 0.1138076 0.6785171 -0.7249828 0.1086733 0.6801398 -0.7263402 0.1128475 0.6780084 -0.7270751 0.1202778 0.6759401 -0.7258154 0.1138805 0.6783976 -0.7257549 0.1129835 0.6786122 -0.7261192 0.114569 0.6779565 -0.7261619 0.1154739 0.6777571 -0.7258413 0.1137655 0.6783892 -0.7258283 0.1137402 0.6784074 -0.7258491 0.1141403 0.6783179 -0.7258161 0.1140621 0.6783663 -0.7258675 0.1139719 0.6783266 -0.7257843 0.1137668 0.6784499 -0.7262587 0.1131039 0.678053 0.05255848 0.8584738 -0.5101573 0.05113559 0.8641778 -0.5005818 0.03305017 0.8691439 -0.4934537 0.03183031 0.8762585 -0.4807888 0.01584094 0.8815438 -0.4718366 0.01067703 0.8819067 -0.4713031 0.002789735 0.8879253 -0.4599791 -0.01478713 0.8919043 -0.4519826 -0.008244931 0.891678 -0.4525952 -0.02360326 0.8991346 -0.4370354 -0.03045111 0.899592 -0.4356684 -0.04516452 0.9055258 -0.4218807 -0.04032707 0.9052473 -0.422967 -0.0535494 0.9100255 -0.4110791 -0.0757606 0.9099552 -0.4077278 -0.07519304 0.9133808 -0.4001018 -0.1037806 0.9226649 -0.3713745 -0.1040489 0.923146 -0.3701017 -0.1215171 0.9279158 -0.3524288 -0.1351066 0.9286067 -0.3455948 -0.1652058 0.9338414 -0.3172496 -0.1444492 0.9315552 -0.3336758 -0.1936902 0.9372333 -0.2899616 -0.1701879 0.9356023 -0.3093293 -0.1969488 0.9381037 -0.2849084 -0.2256667 0.938917 -0.2598258 -0.2570881 0.9391322 -0.2278959 -0.2337608 0.9404993 -0.2466115 -0.282148 0.9382391 -0.2002497 -0.2670834 0.9395285 -0.2143658 -0.3064435 0.9355913 -0.1753889 -0.2930778 0.9379464 -0.1853699 -0.3317694 0.9318249 -0.147077 -0.3385967 0.9311506 -0.1353176 -0.3584443 0.9259451 -0.1189268 -0.3781509 0.9214124 -0.08944898 -0.3953644 0.9154868 -0.07463943 -0.4005227 0.9139173 -0.06585407 -0.4331609 0.9008969 -0.02750927 -0.4334095 0.900799 -0.02678555 -0.4674408 0.883872 0.01641035 -0.4724366 0.880923 0.02790087 -0.4879528 0.871861 0.04196029 -0.5050256 0.8607052 0.06431007 -0.5105975 0.8563188 0.07751357 -0.535379 0.8379677 0.1057326 -0.5413923 0.8318349 0.1222513 -0.5597246 0.8163385 0.1424775 -0.57868 0.7943955 0.1845677 -0.577318 0.7974466 0.1754509 -0.6068669 0.7644109 0.2176889 -0.6129239 0.75224 0.2417835 -0.6260768 0.738249 0.2510309 -0.6475479 0.703766 0.2922246 -0.6484025 0.6974948 0.3050822 -0.6655107 0.6734413 0.3218267 -0.6756434 0.6443049 0.3582977 -0.6784867 0.6399981 0.3606361 -0.6909592 0.6140894 0.381405 -0.6986841 0.5894162 0.4054986 -0.6829523 0.6274279 0.3740459 -0.7069907 0.5634022 0.4274836 -0.698919 0.5912352 0.4024341 -0.7159374 0.535387 0.4481011 -0.7069957 0.5634639 0.427394 -0.7159069 0.5353091 0.4482427 -0.7278959 0.4893803 0.480286 -0.7187474 0.5065673 0.4762266 -0.7317832 0.4639353 0.499257 -0.7267906 0.4800461 0.4912547 -0.7317112 0.463764 0.4995216 -0.7340816 0.4374129 0.5194173 -0.7358769 0.4316009 0.5217336 -0.7331305 0.4270288 0.5293073 -0.7454655 0.4034883 0.5305455 -0.7370797 0.3998872 0.5447971 -0.7378165 0.3935192 0.5484246 0.6343625 0.3540557 0.6871891 0.6476579 0.3526843 0.6753911 0.6504231 0.3525434 0.6728024 0.6531402 0.3526659 0.6701006 0.6561486 0.3535445 0.6666898 0.6585626 0.3552038 0.6634198 0.6614902 0.3593019 0.6582803 0.6627675 0.345141 0.6645427 0.6628546 0.3450179 0.6645198 0.6643065 0.3446908 0.6632384 0.6643339 0.344653 0.6632305 0.6643654 0.3460028 0.6624959 0.6642332 0.3457081 0.6627822 0.6641579 0.3452695 0.6630862 0.6654469 0.347675 0.6605321 0.6660697 0.3436515 0.6620082 0.6658974 0.3454734 0.6612328 0.6660614 0.3537988 0.6566496 0.770474 0.2666292 0.5790327 0.799916 0.2659829 0.5379477 0.7946942 0.2596706 0.5486642 0.8118726 0.258313 0.5235813 0.6249262 0.3680394 0.688487 0.658798 0.3417191 0.6702338 0.6740944 0.3391486 0.6561822 0.6564855 0.3453315 0.6706511 0.6770184 0.3386313 0.6534333 0.6779399 0.3387544 0.6524132 0.678483 0.3390519 0.6516937 0.6771702 0.3377957 0.6537085 0.6775553 0.3374823 0.6534712 0.6772554 0.3375439 0.6537501 0.6760268 0.3384273 0.6545646 0.6736646 0.3395061 0.6564386 0.6700131 0.3406276 0.6595873 0.676402 0.3356205 0.6556212 0.6848223 0.3461945 0.6412237 0.6681459 0.3466575 0.6583386 0.6686477 0.3408331 0.6608656 0.6696615 0.3399417 0.6602978 0.6887915 0.3511905 0.6342174 0.6763384 0.3257353 0.6606534 0.6646668 0.3428458 0.6638334 0.7045882 0.3357185 0.6251789 0.6707274 0.3429464 0.6576568 0.6758843 0.3399195 0.6539382 0.6636099 0.3311156 0.6708087 0.6661477 0.334475 0.6666137 0.6718599 0.3390791 0.6585057 0.6708116 0.3327442 0.6627919 0.6745313 0.3399069 0.6553403 0.6717333 0.3340427 0.6612034 0.6730695 0.3355603 0.6590726 0.6746711 0.3370169 0.6566876 0.6706526 0.344868 0.6567277 0.677425 0.3386731 0.6529901 0.6782956 0.3388705 0.6519832 0.6731932 0.3386946 0.6573408 0.6771599 0.3420755 0.6514897 0.6696725 0.3430259 0.6586896 0.6757135 0.3415477 0.653266 0.6729604 0.3413537 0.6562028 0.6662622 0.3406829 0.6633474 0.664159 0.3445879 0.6634395 0.6698943 0.3423054 0.6588388 0.6643043 0.3453098 0.6629185 0.6629358 0.34492 0.6644896 0.6905269 0.3331141 0.6420341 0.6835756 0.3202387 0.6558747 0.6654266 0.344786 0.662065 0.6958822 0.3255069 0.640151 0.7666492 0.2881709 0.5737653 0.7461913 0.2725632 0.6073778 0.7232646 0.3187423 0.6126105 0.7143314 0.3179692 0.623399 0.6836801 0.3351073 0.6482937 0.6952039 0.3298604 0.6386579 0.6789458 0.3348131 0.6534009 0.6780183 0.3462914 0.6483621 0.7156078 0.3145787 0.6236552 0.7781572 0.2850201 0.5596742 0.7588894 0.2726785 0.5913826 0.744498 0.3015889 0.5956232 0.780066 0.2926241 0.5530536 0.7518938 0.2946171 0.5897936 0.732396 0.3088306 0.6068112 0.7152098 0.3171293 0.6228194 0.7756383 0.3116532 0.5488694 0.7737733 0.2679116 0.5740195 0.615713 0.3418712 0.7099448 0.6204938 0.3678759 0.6925712 0.6471096 0.3484623 0.6781027 0.6403832 0.3576097 0.679724 0.6602491 0.345319 0.6669528 0.6641222 0.3447203 0.6634076 0.6763381 0.3386122 0.6541472 0.6681829 0.3447697 0.6592918 0.6549963 0.3434281 0.6730802 0.6944506 0.3276593 0.6406074 0.7450693 0.3026825 0.5943527 0.7654175 0.2841135 0.5774215 0.740291 0.3009788 0.6011498 0.7789344 0.3189457 0.5399397 0.7767076 0.2877718 0.5602791 0.6678602 0.3462714 0.6588315 0.6631557 0.3609282 0.6557099 0.6754775 0.3378369 0.655436 0.6754235 0.3390314 0.6548746 0.6943793 0.3250952 0.6419895 0.7396019 0.3061629 0.5993776 0.7425308 0.3059535 0.5958528 0.7839248 0.2719364 0.5581332 0.8029046 0.2719613 0.530454 0.7439605 0.28922 0.6023907 0.7819901 0.2658312 0.5637599 0.8090944 0.2606838 0.5266975 0.7582371 0.2920985 0.582885 0.7796036 0.2768691 0.5617489 0.815731 0.2612019 0.5160974 0.7565429 0.2987691 0.5817044 0.6723536 0.3213337 0.6668473 0.6807425 0.3430075 0.6472523 0.7295349 0.3075612 0.6108888 0.6745197 0.3403483 0.6551231 0.7143236 0.3213143 0.6216904 0.8135908 0.26049 0.5198221 0.7814284 0.2769504 0.5591673 0.7576544 0.2888596 0.5852522 0.7516823 0.2951955 0.5897742 0.6701452 0.3378778 0.6608662 0.6746345 0.3386303 0.6558947 0.6761904 0.3383057 0.6544585 0.6554925 0.3528809 0.6676861 0.6713084 0.3401218 0.6585304 0.670142 0.3438159 0.6577997 0.797171 0.2645257 0.5427197 0.7959368 0.2650991 0.5442492 0.6425689 0.3521441 0.6805143 0.6516067 0.3532011 0.6713105 0.6712169 0.3369836 0.6602348 0.6704815 0.3512302 0.6535229 0.6757149 0.3392783 0.6544461 0.6383038 0.3512769 0.684962 0.7236441 0.3105831 0.616342 0.7338267 0.3087555 0.6051185 0.6711398 0.3458941 0.6556895 0.6720278 0.3407964 0.6574469 0.6651824 0.3407263 0.664408 0.6645711 0.3445935 0.663024 0.667041 0.3448287 0.6604163 0.6749525 0.3393704 0.6551846 0.7383458 0.3012188 0.6034176 0.6752173 0.3378418 0.6557016 0.7468685 0.2374444 0.6211341 0.7609874 0.2916629 0.5795094 0.7028023 0.3291138 0.6306767 0.7606561 0.295291 0.5781052 0.7588881 0.3011243 0.5774193 0.6977171 0.3192085 0.6413243 0.6066892 0.3603218 0.7085878 0.6227411 0.3651527 0.6919951 0.5364887 0.3761693 0.7554314 0.4742574 0.4289953 0.7687932 0.6458741 0.3664899 0.6697252 0.6708482 0.3429693 0.6575217 0.7509453 0.3307335 0.5715739 0.7151379 0.316764 0.6230877 0.6426042 0.3497511 0.681714 0.6393571 0.3405248 0.689395 0.7210292 0.3011749 0.6240278 0.7465532 0.3002018 0.5937486 0.6786995 0.3530778 0.6439745 0.7311974 0.3179482 0.6035391 0.6711096 0.3400455 0.6587724 0.6700474 0.338472 0.6606612 0.7295653 0.3226181 0.6030357 0.6772282 0.3235883 0.6607971 0.6516441 0.3731503 0.6603931 0.6440706 0.3436822 0.6834147 0.6411008 0.3479964 0.6840237 0.6440302 0.3507041 0.6798763 0.5334552 0.4054309 0.7423284 0.5798066 0.3777767 0.7218788 0.6221987 0.3685023 0.6907061 0.6259062 0.3642227 0.6896254 0.5478861 0.3888947 0.7406631 0.6275214 0.3579745 0.6914269 0.6022102 0.3773995 0.7035002 0.630086 0.361274 0.6873666 0.6545963 0.3488941 0.6706538 0.6567174 0.3613336 0.6619368 0.6196312 0.3618637 0.6964997 0.6126464 0.3592039 0.7040148 0.569442 0.3862875 0.7256155 0.4697733 0.4223435 0.7752026 0.3505751 0.4418014 0.8257776 0.5422415 0.4032397 0.7371377 0.4691976 0.4217807 0.7758574 0.5694195 0.38578 0.725903 0.6355717 0.3563174 0.684899 0.6552811 0.3299649 0.679507 0.6486082 0.3517646 0.6749587 0.6633746 0.3597009 0.6561626 0.6592484 0.367806 0.6558281 0.6758716 0.3364692 0.6557333 0.6655434 0.3329309 0.6679888 -0.6777201 0.4011946 0.6162292 -0.663887 0.4065828 0.62765 0.6374761 0.3531875 0.6847503 0.6521039 0.3508782 0.6720454 -0.6438813 0.3786698 0.6648504 0.5839621 0.3944665 0.709496 0.3368226 0.4791511 0.8105336 0.3345819 0.4509186 0.8274826 0.4313701 0.4416499 0.7866799 0.5646117 0.3703954 0.7375777 0.5483537 0.4029919 0.7327385 0.4291942 0.4291979 0.7947212 0.6151285 0.3736965 0.6942391 0.6049949 0.3884188 0.6950627 0.3412688 0.4534385 0.8233647 0.1334051 0.4921689 0.8602169 0.3560141 0.4628528 0.8118014 0.1290482 0.4853051 0.8647691 -0.5898891 0.4073716 0.6971938 -0.3782663 0.468797 0.7982131 -0.5191047 0.4709477 0.7132592 0.3112788 0.4595437 0.8318205 0.4249683 0.437597 0.7924082 0.3932707 0.4590191 0.7966427 0.3825414 0.4278094 0.8189269 0.6269915 0.3635618 0.688988 0.5607013 0.4208995 0.7130622 0.6243184 0.3597018 0.6934271 0.5886213 0.3847803 0.7109635 -0.6895827 0.3968823 0.6057724 0.5974936 0.3729143 0.7098847 0.05659157 0.4984534 0.8650674 0.0719825 0.5030252 0.8612691 0.5569008 0.3956807 0.7302727 0.584571 0.382146 0.7157104 0.5272611 0.3905053 0.7546531 0.6074676 0.381151 0.696927 0.6112122 0.374547 0.6972333 0.6220995 0.3614844 0.6944936 0.5623079 0.3963395 0.7257582 0.6481362 0.3536749 0.6744135 0.6213446 0.3643908 0.69365 0.6236356 0.3627304 0.6924632 0.6448064 0.3539398 0.6774596 0.6465228 0.3581469 0.6736016 0.6602283 0.3483336 0.6654039 0.6542456 0.3359507 0.6775692 0.6628875 0.3231899 0.6753729 0.6645171 0.3592664 0.6552439 -0.4784783 0.4637004 0.7456812 -0.4873186 0.4617646 0.7411438 0.6253321 0.3817594 0.6806024 0.641115 0.3558573 0.6799539 0.6275746 0.3625175 0.6890074 0.5476233 0.3988232 0.7355602 0.5909458 0.3882542 0.7071363 -0.6835649 0.3974793 0.6121678 0.420751 0.4324353 0.7974764 0.5327357 0.4059482 0.7425623 -0.6703428 0.4235684 0.6092868 -0.6310178 0.4188859 0.6529557 -0.4519591 0.4452559 0.7729684 -0.4971108 0.4989887 0.709853 -0.5613071 0.4520086 0.6932695 -0.5861343 0.4352746 0.6833613 0.0664736 0.5033953 0.8614956 0.2805931 0.4514128 0.8470503 0.1054003 0.5152357 0.8505428 -0.4210947 0.4737123 0.7734832 -0.438547 0.4740669 0.7635033 0.5074895 0.5518075 0.6617878 -0.4028006 0.4868744 0.7750517 0.3805651 0.4542117 0.8055197 0.2567298 0.466812 0.8462721 0.3852914 0.4353281 0.8136584 0.3422519 0.4622009 0.8180672 0.4787786 0.4238063 0.7688689 0.3411794 0.4496956 0.8254518 0.4697616 0.4297181 0.7711462 0.2888569 0.4585497 0.8404129 0.4853881 0.4037492 0.7754903 0.4405131 0.4323284 0.7867913 0.5073938 0.4083274 0.7588282 -0.1392498 0.4896975 0.8607008 0.066769 0.507686 0.8589511 -0.1790455 0.5006293 0.8469433 -0.1569295 0.5105327 0.8454167 -0.3798104 0.4646539 0.7999005 0.07741546 0.4802792 0.8736926 -0.03875005 0.5130552 0.8574805 -0.3553313 0.4826436 0.8004968 -0.1165876 0.5873539 0.8008888 -0.1069134 0.478775 0.8714035 -0.1563099 0.4984608 0.852704 0.31314 0.4526842 0.8348774 0.1644834 0.5087215 0.8450726 0.2088189 0.4520618 0.8671994 0.04426378 0.5177628 0.8543783 -0.1222888 0.5291622 0.8396624 0.05471253 0.4779303 0.8766922 -0.4617387 0.4695264 0.7525573 0.5546227 0.3465882 0.7564855 0.5564739 0.4028303 0.7266805 0.4668454 0.416386 0.7801784 0.2923684 0.4671787 0.8344249 0.3133175 0.4708387 0.824708 0.4210684 0.4325271 0.7972589 -0.5344129 0.4497804 0.715612 0.5479489 0.344618 0.7622273 0.5027924 0.4070167 0.7625861 0.6128404 0.3595245 0.7036824 0.6448622 0.3539826 0.677384 0.6207664 0.3647755 0.6939655 -0.4344329 0.4728528 0.7666019 -0.4966802 0.4600356 0.7359865 -0.3570895 0.4873934 0.796828 0.5061281 0.4141423 0.7565188 0.5797473 0.3632321 0.7293528 0.5881214 0.3784323 0.7147743 0.5990788 0.3787114 0.7054662 -0.4856574 0.4623481 0.7418701 0.6156422 0.3760871 0.6924905 0.6125787 0.3721897 0.6972963 0.6009827 0.3696412 0.7086503 0.5770141 0.3856783 0.7199354 -0.2982402 0.4936685 0.8169114 0.6173934 0.367753 0.6954014 0.5688464 0.3743274 0.7323202 -0.3254085 0.4908853 0.8081713 -0.3039816 0.4932238 0.8150616 -0.1728623 0.5033558 0.8466119 -0.2716338 0.4988813 0.8230022 0.6037002 0.3741844 0.7039405 -0.3277409 0.4898015 0.8078865 0.6029524 0.3684844 0.7075787 -0.4974499 0.4589934 0.7361174 -0.3559109 0.4870485 0.7975658 0.6346687 0.3510872 0.6884282 0.6343419 0.3494815 0.6895455 0.5899219 0.3722407 0.7165396 0.1149678 0.4906437 0.8637425 0.3018861 0.4696969 0.8296081 0.6361898 0.3647436 0.6798712 0.6074748 0.3631896 0.7064473 0.4236298 0.4306887 0.7968972 -0.5380516 0.4494042 0.7131174 0.2170532 0.4790462 0.8505309 0.3388549 0.4549613 0.8235216 -0.6881927 0.3948016 0.6087056 -0.7018136 0.3818889 0.6013474 -0.01015847 0.5004069 0.8657308 0.3797214 0.4476428 0.8095849 0.2908344 0.4552624 0.8415175 -0.470104 0.4626334 0.7516466 -0.5880789 0.4281408 0.6861914 -0.5021253 0.4618 0.731171 0.2168301 0.4916001 0.8433943 0.06660783 0.5063352 0.8597605 -0.3160425 0.4690241 0.8247021 -0.1349759 0.4951236 0.8582739 -0.2606126 0.5152223 0.8164725 -0.2326692 0.4978231 0.8354863 0.4685383 0.4303123 0.771559 0.6249925 0.3042989 0.7188787 0.6158022 0.3551053 0.7033406 -0.2370742 0.4966977 0.8349176 0.01826488 0.480352 0.8768856 -0.2374296 0.4962942 0.8350565 -0.1645058 0.5116958 0.8432707 -0.0328179 0.5002985 0.8652309 -0.3946074 0.4742812 0.7869831 0.125195 0.4984479 0.8578321 -0.1442558 0.486093 0.8619187 0.1173753 0.5031121 0.8562133 -0.23907 0.5032861 0.8303907 -0.09856665 0.5044373 0.857804 0.1135112 0.4979813 0.8597267 0.173628 0.4645214 0.8683739 0.04960149 0.5028655 0.8629403 -0.1999036 0.5231248 0.82848 -0.1850124 0.4780809 0.8586089 -0.1143999 0.5127076 0.8509076 0.05052739 0.5044182 0.8619799 0.2856187 0.4767931 0.8313185 0.1846017 0.4815295 0.8567681 0.04852485 0.5052771 0.8615919 -0.01741659 0.4927872 0.8699756 0.2156558 0.4928483 0.8429669 0.3970596 0.4477182 0.8011818 0.2082261 0.4725408 0.8563569 0.4027542 0.4402287 0.8024886 0.2982502 0.4714799 0.8299118 -0.6049202 0.4218009 0.6753929 -0.708871 0.4227765 0.5645902 -0.3557979 0.4839622 0.7994926 -0.5685451 0.4453694 0.6916666 -0.7155397 0.3921851 0.578095 -0.5616565 0.4383987 0.7016755 -0.6874289 0.3924746 0.611069 -0.2873701 0.5013151 0.8161506 -0.3851547 0.4798948 0.788262 0.1460918 0.4883019 0.8603595 -0.3024184 0.4808686 0.8229876 -0.2148897 0.5120307 0.8316533 0.4807582 0.4240221 0.7675134 0.3127501 0.4595344 0.8312734 0.07071149 0.5085353 0.8581327 -0.1819397 0.4853552 0.8551774 0.3383199 0.4810926 0.8087581 0.3877095 0.4025319 0.8292463 -0.5167252 0.4635511 0.7198024 -0.5120683 0.4531476 0.7296872 -0.397489 0.4840067 0.7795769 0.41383 0.447748 0.7926328 -0.3952472 0.4760704 0.7855804 0.3173961 0.3586588 0.8778518 0.3845219 0.4749043 0.7915863 0.4112185 0.4294017 0.8040608 0.5637957 0.408636 0.7177402 -0.1828066 0.5115998 0.8395519 0.142578 0.4817758 0.8646177 0.4632714 0.4273015 0.7763974 -0.2697693 0.4945186 0.826242 -0.287887 0.4945178 0.8201057 0.511635 0.4120351 0.7539608 -0.1979448 0.5025248 0.8415977 0.6181172 0.3669731 0.6951705 0.5490258 0.3985419 0.7346667 -0.4258647 0.4839993 0.7644502 -0.4772549 0.4605035 0.7484412 -0.06350338 0.5059003 0.8602514 0.4441516 0.4213355 0.7906996 0.4992943 0.4058639 0.7654932 -0.4804056 0.4628157 0.7449914 0.172455 0.4927598 0.8529052 0.3819905 0.4524564 0.8058329 0.5721191 0.3925158 0.7201467 0.5749722 0.3774533 0.7259036 0.4777943 0.4242061 0.7692607 0.443845 0.4291962 0.7866336 -0.1542398 0.5057618 0.8487727 0.5701923 0.3761602 0.7303317 0.5569092 0.3872602 0.7347664 0.5135198 0.3922053 0.7631989 0.6153314 0.3724374 0.6947358 0.541004 0.3957777 0.7420747 -0.1397602 0.505516 0.8514229 0.4916258 0.416061 0.7649819 0.49128 0.4097527 0.7686005 0.5122098 0.4052793 0.7572252 0.6095672 0.3648511 0.7037838 0.5012401 0.4148913 0.7593575 0.5909092 0.3693959 0.7171981 0.4788331 0.4139773 0.7741716 0.5428941 0.3979837 0.73951 -0.4729719 0.4678858 0.7465792 0.5812801 0.3792347 0.7199268 0.4376115 0.4056869 0.8024429 0.5827985 0.3749236 0.7209566 -0.3912012 0.4811272 0.7845243 -0.5004876 0.4590941 0.7339925 -0.5329625 0.4500237 0.7165401 0.2937512 0.4614781 0.8371072 0.6207933 0.3741939 0.6889083 0.5013726 0.4143075 0.7595887 -0.5719248 0.4283283 0.6995976 -0.2157178 0.5067283 0.834681 0.4075951 0.4444295 0.7977147 -0.5018756 0.4743694 0.7232528 0.2573117 0.4768111 0.8405011 -0.5300778 0.4521995 0.7173097 -0.3182762 0.5022028 0.8040477 0.6223636 0.3667877 0.6914697 0.2065648 0.4816959 0.8516455 0.01991885 0.5074965 0.8614236 0.3542053 0.455837 0.8165484 -0.5516818 0.4460822 0.7047396 -0.527903 0.4499934 0.7202948 -0.4011825 0.4794595 0.7804942 0.5021272 0.4208642 0.7554745 0.3697562 0.3989013 0.8391413 0.01509094 0.5052767 0.8628255 -0.1981647 0.5014902 0.8421629 -0.3564106 0.4973343 0.7909678 -0.3781641 0.4515883 0.8081214 -0.1828722 0.4982991 0.8474998 0.1845479 0.4969085 0.8479529 0.376168 0.4505932 0.809607 -0.5891584 0.4376128 0.6792551 -0.5788689 0.4464626 0.6823356 0.1034411 0.4819077 0.8700948 0.2279014 0.4804099 0.8469163 -0.278855 0.4920679 0.8246873 -0.4430003 0.4745785 0.760609 0.3978903 0.4483546 0.8004134 0.5381454 0.3870747 0.7487141 -0.4411788 0.4619873 0.7693692 0.3900547 0.440433 0.808626 -0.2770268 0.4936133 0.8243799 -0.08351612 0.5102402 0.8559673 -0.3325877 0.4945033 0.8030268 0.1483207 0.4783788 0.8655373 0.2795017 0.4740885 0.8349365 0.4984543 0.353125 0.7917361 0.2613655 0.4752336 0.8401435 0.08369886 0.4914142 0.8668949 0.02544891 0.5086598 0.8605915 -0.5369488 0.4349243 0.7228603 -0.4750506 0.4817126 0.7363966 -0.4998323 0.4458025 0.7425819 -0.4522898 0.4014239 0.796425 -0.106216 0.5005052 0.8591932 -0.2756741 0.5005828 0.8206222 0.1020745 0.5015974 0.8590582 -0.5245382 0.4776715 0.7047622 -0.02546107 0.5058201 0.8622632 -0.02340269 0.5010656 0.8650929 0.2989356 0.4660875 0.8327064 0.1366581 0.4875122 0.8623551 -0.4315914 0.4680415 0.771146 -0.4322453 0.4686598 0.7704038 -0.2486437 0.501765 0.8284975 -0.2610862 0.4836485 0.835415 -0.3492957 0.4972414 0.7941936 0.1117617 0.4687539 0.8762301 -0.08465451 0.5244078 0.8472486 -0.1026464 0.4902185 0.8655343 0.2368994 0.4862382 0.8411012 0.3487276 0.4461205 0.8242365 -0.07409918 0.499792 0.8629701 -0.2407093 0.495985 0.8343009 -0.1511264 0.5096772 0.8469889 -0.4096773 0.479207 0.776225 0.2294072 0.4613227 0.8570611 0.07832193 0.506775 0.8585132 0.06191778 0.49665 0.8657396 -0.4098113 0.4787456 0.7764389 -0.153494 0.5027742 0.8506808 -0.1772097 0.5060437 0.844107 0.2975377 0.4780576 0.8263971 0.058124 0.4979954 0.8652296 0.09003621 0.5038841 0.8590661 0.3202733 0.4599891 0.8281516 -0.2609657 0.4864424 0.8338289 0.07210218 0.4973407 0.8645541 -0.09123325 0.507736 0.8566684 0.3130813 0.4699384 0.825311 0.4589807 0.4198963 0.7829585 -0.09210479 0.5084822 0.8561325 0.1692528 0.4838847 0.8586089 0.3318128 0.4614749 0.8227643 0.06706869 0.5016035 0.8624939 -0.1498002 0.5019886 0.8518025 -0.1308407 0.4996962 0.856262 0.2418338 0.4731525 0.8471383 0.5214523 0.407833 0.7495064 0.01232928 0.4984576 0.8668264 0.5124157 0.408805 0.7551879 -0.1229045 0.5100491 0.8513193 0.4282375 0.4269087 0.7964682 0.3426769 0.4639085 0.8169219 -0.3361186 0.4710051 0.8155847 0.3381729 0.4537097 0.8244918 -0.3175745 0.4929121 0.8100519 -0.2132613 0.4987963 0.8400725 -0.2193949 0.4991196 0.8382992 0.2690944 0.5039389 0.8207522 0.01668471 0.5024003 0.8644742 0.04245525 0.4963172 0.8671026 0.2228397 0.4815707 0.8476038 0.2993878 0.4480127 0.8424082 0.4391602 0.4447093 0.780623 -0.007704913 0.4976987 0.8673158 0.2172302 0.4761488 0.8521112 -0.3085697 0.493609 0.8131021 0.4202677 0.4362624 0.7956447 0.2924045 0.4751016 0.8299266 -0.2772221 0.4988407 0.8211614 0.4812158 0.4155878 0.7718279 0.1868129 0.4941073 0.849093 0.3442821 0.454209 0.8216837 0.3178954 0.456503 0.8309919 0.449696 0.4301878 0.7827593 -0.2533228 0.4961547 0.8304565 0.4468499 0.4290342 0.785019 0.289708 0.4635912 0.8373485 -0.2881343 0.4971934 0.8183994 -0.2463021 0.4960584 0.8326232 -0.3275243 0.4901382 0.80777 0.172287 0.4756236 0.8626121 0.5790547 0.3786567 0.7220214 -0.2870349 0.4974395 0.8186361 -0.1295536 0.5039522 0.8539603 0.3685054 0.4447664 0.8163251 0.4732059 0.4225292 0.7730106 -0.2667113 0.4939274 0.8275873 0.5828602 0.3798709 0.7183119 0.5307586 0.4065405 0.7436533 -0.1151043 0.50735 0.8540182 -0.09500777 0.5108468 0.8544058 0.4106347 0.4435042 0.7966701 -0.2049119 0.5028356 0.8397426 0.4625324 0.4359762 0.772003 0.4691247 0.4168142 0.7785807 0.4802632 0.4070239 0.7769678 0.6341849 0.3851065 0.6704496 -0.04462492 0.5132443 0.8570816 0.05800557 0.4977737 0.865365 0.344501 0.4545707 0.8213918 0.3520939 0.4536949 0.8186519 0.4103755 0.4444153 0.7962959 0.3109479 0.4580261 0.8327805 -0.1359411 0.5016737 0.8543088 0.4516624 0.4410718 0.7755364 0.3021119 0.4719926 0.8282219 -0.1369647 0.5066928 0.8511775 -0.2828629 0.5037285 0.8162392 -0.3416071 0.4844573 0.8053607 0.6171274 0.3833837 0.6871469 0.4670516 0.4216206 0.7772381 0.4990178 0.4170582 0.7596339 0.3699666 0.4549056 0.8100529 0.488038 0.4114629 0.7697515 -0.1534029 0.5082423 0.8474416 -0.2017459 0.5031597 0.8403149 0.1867077 0.5020065 0.8444702 0.4854068 0.4289655 0.7618196 0.3932489 0.4343884 0.8103469 0.4148815 0.4434142 0.7945171 0.2859324 0.4706706 0.8346927 0.1657141 0.4934492 0.8538423 0.2923179 0.4632478 0.8366312 -0.3683561 0.4842556 0.7936059 -0.3474189 0.4919056 0.7983289 0.395056 0.4510744 0.8002892 0.4467328 0.4272022 0.7860841 0.5443998 0.3953203 0.7398316 -0.4122486 0.4856434 0.7708447 0.4262821 0.4402959 0.7902046 0.4065524 0.4345574 0.8036636 0.5896853 0.391946 0.7061514 -0.1841905 0.5044623 0.843559 -0.03978234 0.5013785 0.864313 -0.3378211 0.4855982 0.8062701 -0.2398632 0.5162962 0.8221338 -0.2645959 0.4865549 0.8326184 0.08717125 0.4984825 0.862506 0.1014242 0.5060538 0.8565177 0.3122876 0.4601767 0.831092 -0.1927283 0.5019958 0.8431228 -0.03401488 0.5067793 0.8614045 0.4020757 0.4538875 0.7951863 0.4550111 0.4264889 0.781711 -0.4183821 0.4685919 0.7780604 -0.4761577 0.4828922 0.7349075 -0.4017906 0.4757512 0.7824481 0.4507893 0.4180578 0.7886804 0.1772996 0.4889161 0.8541229 0.6207484 0.3750849 0.6884641 0.3864144 0.4505128 0.804812 -0.440227 0.4755967 0.7615827 0.3883932 0.4478726 0.8053329 0.3802486 0.4437993 0.8114514 0.3510739 0.4549382 0.8183999 -0.03773099 0.4996496 0.8654055 -0.1428483 0.5134523 0.8461449 0.1506237 0.4907287 0.8581946 0.345933 0.4597996 0.8178721 0.1494673 0.4847756 0.8617727 0.05800777 0.5060853 0.8605305 0.05822384 0.503697 0.8619161 -0.2615573 0.4908195 0.831074 0.4400045 0.4108819 0.7984812 0.02431672 0.4951019 0.8684946 0.2579238 0.4812957 0.8377529 0.198174 0.4770614 0.8562356 -0.262332 0.490059 0.8312787 -0.007696211 0.5085421 0.8610028 -0.2720123 0.49307 0.8263723 -0.204711 0.5048723 0.8385687 -0.01742374 0.503269 0.8639541 0.2047988 0.4794085 0.853361 -0.01511657 0.5034477 0.8638935 0.187586 0.4862847 0.8534277 -0.377738 0.4859291 0.7881541 0.1842133 0.4860562 0.854292 0.3966193 0.4426737 0.8041973 -0.3940287 0.4790177 0.7844001 -0.1872147 0.5057532 0.842119 0.004169821 0.4929257 0.8700614 0.08484268 0.5058903 0.8584154 -0.3901965 0.4753705 0.7885239 0.5876313 0.3699109 0.7196217 -0.4587079 0.4632627 0.758271 0.1423646 0.4863609 0.8620821 0.2465933 0.4879111 0.8373379 0.5094617 0.4071237 0.7580891 0.6224967 0.3648244 0.6923879 -0.3616227 0.4857606 0.7957801 -0.3620377 0.4809294 0.7985211 0.1721991 0.4923644 0.8531851 -0.07675802 0.4968798 0.8644182 -0.1914919 0.5058196 0.8411169 0.01070415 0.505391 0.8628242 0.01410967 0.5043413 0.8633893 -0.1987088 0.5018928 0.8417949 0.1614133 0.4871343 0.8582808 0.1757176 0.4824649 0.858109 0.3129628 0.4664881 0.8273108 -0.4379736 0.4906238 0.7533044 -0.5745064 0.4231234 0.7006491 0.1889067 0.4895852 0.8512465 -0.134661 0.4874331 0.8627141 0.2978121 0.5042673 0.8105694 0.3105649 0.4601511 0.8317515 0.4783276 0.4147673 0.7740613 0.3133975 0.4602147 0.830653 -0.5286412 0.4364531 0.7280434 -0.3980371 0.4905514 0.7751941 -0.02262234 0.5033185 0.8638048 0.1326077 0.4894612 0.8618835 0.2776298 0.4763703 0.834262 0.2953243 0.4605575 0.8370605 -0.1304274 0.5018073 0.8550895 0.06453603 0.4992744 0.8640371 0.07574844 0.4997004 0.8628799 0.04688507 0.4988424 0.8654237 0.5191798 0.3986339 0.7560049 -0.1507005 0.4997323 0.8529695 0.04380303 0.504751 0.8621529 0.2598857 0.4664786 0.8454923 -0.1495903 0.4994226 0.8533462 -0.3228907 0.496962 0.8054629 0.1994088 0.4867671 0.850467 0.02593201 0.4969292 0.8674036 -0.0282554 0.508418 0.8606467 0.1896898 0.4850403 0.8536707 0.3482328 0.4556166 0.8192359 0.1968388 0.4821351 0.853698 -0.2297438 0.5071831 0.8306523 0.008832812 0.4947393 0.8689966 0.0335319 0.5196496 0.8537213 -0.08905643 0.5100681 0.8555113 -0.2772395 0.49362 0.8243044 0.2921941 0.475996 0.829488 0.3942627 0.432227 0.8110098 0.1188769 0.492146 0.8623576 -0.08915024 0.5045388 0.8587741 -0.09875309 0.5031931 0.8585131 0.07081317 0.500432 0.8628751 0.3633284 0.4390206 0.821738 0.2215423 0.48378 0.8466854 0.07742726 0.5076724 0.8580641 -0.2949442 0.5046821 0.8113594 -0.09520453 0.4991795 0.8612526 0.01721161 0.502079 0.8646506 0.01036852 0.5058907 0.8625353 0.3487527 0.461763 0.8155652 0.2825637 0.4772618 0.8320932 0.03883773 0.5030807 0.8633664 -0.001461088 0.4935399 0.869722 0.2273196 0.4866383 0.8435099 0.2423021 0.4668272 0.8505069 0.1877861 0.4846051 0.8543386 -0.1537112 0.5141561 0.8438107 0.4057481 0.456184 0.7920004 0.4045432 0.4394838 0.8019968 0.3839299 0.4336825 0.8151794 0.05806589 0.5048118 0.8612743 0.2119401 0.4862415 0.8477327 0.05678367 0.4964297 0.8662178 0.2463803 0.4717342 0.846619 0.4697758 0.4187585 0.7771437 0.3792453 0.4463543 0.8105189 0.3458583 0.4598722 0.8178629 0.1378229 0.4835962 0.8643724 0.07084214 0.5152287 0.8541199 0.2998313 0.4463463 0.8431348 0.1364818 0.4795018 0.8668627 -0.01735115 0.4977355 0.8671553 0.1611174 0.4941129 0.8543381 0.1754782 0.4884144 0.8547858 0.3290809 0.5037816 0.7986927 0.5597668 0.3986733 0.726444 0.3791633 0.441873 0.8130091 -0.1718709 0.5039418 0.8464651 -0.03330683 0.5021181 0.8641575 0.3352218 0.4639576 0.8199815 0.02659094 0.487466 0.872737 0.07160598 0.4950899 0.865886 0.2797328 0.4777164 0.8327886 0.3366689 0.4478923 0.8282793 0.1406429 0.4977599 0.8558356 0.2948957 0.4604246 0.8372849 -0.04354691 0.5038832 0.8626735 0.02611035 0.5027935 0.8640121 0.09574788 0.5022271 0.8594186 0.3910574 0.4847521 0.7823615 0.4750417 0.4202322 0.7731368 0.01519691 0.4872506 0.87313 0.3195196 0.4624568 0.8270676 0.4597587 0.4214089 0.7816882 0.1841598 0.4923146 0.8507124 0.0861513 0.4848534 0.870342 -0.005104959 0.5892738 0.8079173 0.3419662 0.4465756 0.8268189 0.1876025 0.4813213 0.8562332 0.2397597 0.4794532 0.84418 0.2387737 0.4801343 0.8440725 0.07308858 0.4986527 0.8637149 0.09653556 0.5122569 0.8533896 0.2265394 0.4768513 0.8492896 -0.1397757 0.5055104 0.8514236 0.3349894 0.4605847 0.8219756 0.2417688 0.4807845 0.8428488 -0.1408736 0.5032289 0.8525933 0.0760169 0.4997491 0.8628281 0.2531983 0.4753541 0.8425729 0.05967539 0.4964381 0.8660187 0.4194861 0.4341536 0.7972091 0.2427976 0.4792312 0.8434375 0.01555615 0.5097991 0.860153 0.02285999 0.4458168 0.8948323 0.009159326 0.5081047 0.8612467 -0.06994956 0.502304 0.8618572 0.2507647 0.4705457 0.8459928 0.4437016 0.42521 0.7888761 0.49313 0.4185645 0.7626444 -0.04124885 0.5093123 0.8595927 0.3205902 0.4563035 0.8300658 0.1118044 0.5012761 0.8580339 -0.1602753 0.5040534 0.8486708 0.1533007 0.4873929 0.8596203 0.4911426 0.4079766 0.7696325 -0.1689229 0.5001944 0.8492766 0.1532483 0.4872453 0.8597133 -0.06993395 0.5064827 0.8594095 0.1027342 0.4823454 0.8699361 0.2493903 0.4784816 0.8419383 0.3240635 0.457119 0.8282663 0.3890582 0.4464981 0.8057751 -0.3009019 0.480318 0.8238646 -0.3099092 0.4874445 0.8163052 0.2563557 0.4686595 0.845364 0.01314634 0.4885318 0.872447 0.186041 0.4890879 0.8521631 -0.09599894 0.5076086 0.8562231 0.3460146 0.4578315 0.8189409 0.3936586 0.4413602 0.8063709 -0.03222268 0.5093219 0.8599727 -0.107913 0.4982543 0.8602892 0.1125206 0.5078633 0.8540575 -0.03229564 0.4977343 0.8667281 0.02728486 0.509006 0.8603304 0.2792068 0.4567132 0.8446637 -0.1814227 0.5039305 0.8444762 0.5402067 0.3699227 0.7558665 0.5817924 0.4014652 0.7073495 0.03162485 0.506194 0.8618397 -0.1070505 0.4966842 0.8613044 0.03939002 0.4901932 0.8707234 -0.2082194 0.5026719 0.8390266 0.3090384 0.4632503 0.8305989 0.4447385 0.4250158 0.7883968 0.3149225 0.4588527 0.8308297 -0.2078864 0.5032894 0.838739 -0.182638 0.4986574 0.8473395 -0.1016496 0.4952867 0.862762 -0.2249134 0.5037605 0.8340499 -0.3450409 0.4849067 0.8036245 -0.173155 0.5164403 0.838634 0.1855641 0.4947638 0.8489846 -0.01890361 0.5003682 0.8656063 0.1924352 0.4916979 0.8492361 0.1623536 0.4643186 0.8706606 -0.5639123 0.407855 0.7180928 -0.05415374 0.5098025 0.8585854 0.1229543 0.4896113 0.8632283 0.4560285 0.4190795 0.7851181 0.2831236 0.4782496 0.8313353 0.3079183 0.4589333 0.8334066 0.09833002 0.487545 0.8675431 -0.1934185 0.5090166 0.8387439 0.0264756 0.502408 0.8642252 0.1081655 0.4938901 0.8627704 0.4498901 0.4245762 0.7857061 0.4848914 0.4153224 0.7696673 -0.3056189 0.5071729 0.8058367 0.1898133 0.479972 0.8565033 0.1934036 0.4816148 0.8547762 -0.2351604 0.4952893 0.8362943 -0.2480173 0.4958077 0.8322633 0.1378699 0.4767629 0.8681526 0.1430492 0.494004 0.8576112 -0.1379333 0.4968103 0.8568278 0.4897329 0.4296733 0.7586452 0.3360866 0.4503415 0.827187 0.2570133 0.4769921 0.8404897 0.4313335 0.4340426 0.7909225 -0.2032733 0.5029125 0.8400947 0.513114 0.4106205 0.7537273 0.3827724 0.4435542 0.8103981 -0.2032672 0.4964179 0.8439502 0.3858094 0.452457 0.8040112 0.5249526 0.3984637 0.7520982 -0.2137362 0.5053877 0.8360025 0.4234259 0.4301216 0.7973117 -0.2528505 0.4914876 0.8333707 0.5378515 0.4027268 0.740626 -0.1028866 0.4918734 0.8645664 -0.1448642 0.5047603 0.8510179 0.04124051 0.4958071 0.8674529 -0.06336599 0.5066571 0.8598159 -0.1924782 0.5111367 0.8376702 -0.3610787 0.480865 0.7989938 -0.06527161 0.5140113 0.8552966 -0.2267834 0.4913358 0.8409272 0.2562168 0.4799329 0.8390575 0.3347966 0.4676035 0.818082 0.3774203 0.4242771 0.82313 0.5170631 0.4039524 0.7546313 0.2085004 0.4851605 0.8492037 0.04669469 0.5054667 0.8615818 0.012331 0.4984571 0.8668267 0.394814 0.4453721 0.8035955 0.3657017 0.4463585 0.8167169 0.2070314 0.479977 0.8525024 0.06343358 0.4994854 0.8639968 0.2566019 0.4630439 0.8483783 0.4309854 0.438067 0.788891 0.3432756 0.4652567 0.8159033 -0.02732235 0.5099511 0.8597694 -0.2108891 0.5288708 0.8220837 -0.2733425 0.4922798 0.8264046 0.1380565 0.4770373 0.8679724 0.2151702 0.476047 0.8526905 0.1271508 0.4863837 0.8644442 0.03191506 0.5068508 0.8614429 0.210594 0.4737042 0.8551342 -0.007713556 0.5045439 0.8633517 -0.01928544 0.5025894 0.8643102 -0.01767027 0.4951012 0.8686556 0.168922 0.5028144 0.8477282 -0.1436648 0.4929601 0.8581089 0.1514567 0.4939656 0.8561885 -0.08591687 0.5187989 0.8505681 -0.07848513 0.4971228 0.8641232 0.1756368 0.4809659 0.8589665 0.2478485 0.4794247 0.841857 -0.1341798 0.4999744 0.8555825 -0.2829491 0.5022283 0.8171331 0.02784109 0.5144712 0.8570556 0.2413882 0.4705312 0.8487239 6.5008e-4 0.4967809 0.8678759 0.02548354 0.4838104 0.8748018 0.3529761 0.4490731 0.8208174 0.2211901 0.4890041 0.8437713 -0.00148195 0.5127894 0.8585132 -0.1019722 0.4961464 0.86223 0.3833662 0.4433431 0.8102329 0.07437914 0.5046639 0.8601059 0.1628083 0.4821516 0.8608272 -0.1814836 0.4966136 0.8487867 0.04145532 0.5140994 0.8567283 0.3180296 0.4623223 0.827717 0.4531064 0.4256492 0.7832735 0.512691 0.4208565 0.7483501 0.3141185 0.4645854 0.8279434 0.2197052 0.4656105 0.8572845 0.4483724 0.4071382 0.7957391 0.1397924 0.4920534 0.8592681 0.3181572 0.4624074 0.8276203 0.07586902 0.4985993 0.863506 0.1722549 0.4739707 0.8635277 -0.008926928 0.5003497 0.8657775 0.02335292 0.5095647 0.8601155 0.07493269 0.5609153 0.8244752 -0.1100646 0.5173622 0.8486591 -0.1051547 0.4962212 0.8618046 0.1824454 0.4721058 0.8624557 0.1854803 0.4849003 0.8546747 0.3553447 0.4526209 0.8178414 0.2726939 0.4677762 0.8407281 0.05675625 0.4994187 0.8644997 -0.1814705 0.5102925 0.8406368 0.01115018 0.4999082 0.8660067 0.116416 0.5017675 0.8571329 0.1710996 0.4880184 0.8558989 -0.03611207 0.5084747 0.8603195 0.182167 0.4737913 0.8615898 -0.01573765 0.5017323 0.8648798 -0.3400436 0.4936757 0.800409 -0.2196691 0.4979597 0.838917 0.1327279 0.4937719 0.8594025 -0.2818938 0.4910617 0.8242538 -0.04016399 0.5034852 0.8630699 -0.1231695 0.5056015 0.85393 0.1839757 0.4895434 0.8523499 0.02488243 0.5044676 0.863072 -0.1191602 0.4991438 0.8582868 -0.06116247 0.5094215 0.8583409 -0.04564094 0.5148307 0.8560761 0.1266577 0.4797052 0.8682401 -0.03333795 0.5033133 0.8634607 -0.06914329 0.5123091 0.8560132 0.4238297 0.4315932 0.7963013 -0.1113077 0.5111707 0.8522412 -0.3085607 0.4961763 0.8115414 -0.180916 0.5003569 0.8467068 -0.06480038 0.5061784 0.859991 0.09013909 0.4954602 0.863941 -0.1808108 0.50615 0.8432791 0.1438073 0.4894005 0.8601201 0.1479833 0.4881963 0.8600962 0.3439538 0.4452685 0.8266994 0.1762499 0.5025226 0.8464084 0.320847 0.4658035 0.8246724 0.3119868 0.4708361 0.8252137 0.004769742 0.499672 0.8662016 0.01979488 0.5196241 0.8541657 0.1821348 0.4817695 0.8571612 0.7466049 -0.3338 -0.5754639 0.7339293 -0.3698486 -0.5697017 0.7425115 -0.4062998 -0.5325385 0.7277823 -0.4437303 -0.5229114 0.733443 -0.4726537 -0.4885283 0.7224682 -0.5337134 -0.4395336 0.7161584 -0.5146722 -0.4714124 0.7019112 -0.6007014 -0.3827254 0.6918424 -0.5847799 -0.4235405 0.6713265 -0.6548922 -0.3470404 0.6649193 -0.654238 -0.360354 0.6615614 -0.6892722 -0.2953649 0.6283354 -0.7137644 -0.3094108 0.6367356 -0.7267324 -0.2577359 0.6353023 -0.7273452 -0.259538 0.6203238 -0.7435038 -0.2498009</float_array>
          <technique_common>
            <accessor source="#Part__Feature116_001-mesh-normals-array" count="3732" stride="3">
              <param name="X" type="float"/>
              <param name="Y" type="float"/>
              <param name="Z" type="float"/>
            </accessor>
          </technique_common>
        </source>
        <vertices id="Part__Feature116_001-mesh-vertices">
          <input semantic="POSITION" source="#Part__Feature116_001-mesh-positions"/>
        </vertices>
        <triangles material="Part__Feature116_001-material" count="3732">
          <input semantic="VERTEX" source="#Part__Feature116_001-mesh-vertices" offset="0"/>
          <input semantic="NORMAL" source="#Part__Feature116_001-mesh-normals" offset="1"/>
          <p>0 0 1 0 2 0 3 1 0 1 2 1 3 2 2 2 4 2 5 3 3 3 4 3 5 4 4 4 6 4 7 5 5 5 6 5 7 6 6 6 8 6 9 7 7 7 8 7 9 8 8 8 10 8 11 9 9 9 10 9 11 10 10 10 12 10 13 11 11 11 12 11 13 12 12 12 14 12 15 13 13 13 14 13 15 14 14 14 16 14 17 15 15 15 16 15 17 16 16 16 18 16 20 17 19 17 18 17 17 18 18 18 19 18 21 19 17 19 19 19 22 20 17 20 21 20 23 21 19 21 20 21 22 22 21 22 24 22 23 23 20 23 25 23 26 24 23 24 25 24 27 25 22 25 24 25 28 26 26 26 25 26 29 27 27 27 24 27 30 28 26 28 28 28 31 29 30 29 28 29 32 30 31 30 28 30 33 31 27 31 29 31 33 32 29 32 34 32 35 33 31 33 32 33 36 34 31 34 35 34 37 35 34 35 38 35 37 36 33 36 34 36 39 37 36 37 35 37 40 38 39 38 35 38 41 39 37 39 38 39 42 40 37 40 41 40 43 41 39 41 40 41 44 42 43 42 40 42 45 43 42 43 41 43 46 44 45 44 41 44 47 45 43 45 44 45 48 46 45 46 46 46 49 47 47 47 44 47 50 48 48 48 46 48 51 49 47 49 49 49 52 50 48 50 50 50 53 51 48 51 52 51 54 52 51 52 49 52 55 53 51 53 54 53 56 54 52 54 57 54 56 55 53 55 52 55 58 56 55 56 54 56 59 57 58 57 54 57 60 58 56 58 57 58 61 59 56 59 60 59 62 60 58 60 59 60 63 61 58 61 62 61 64 62 60 62 363 62 64 63 61 63 60 63 65 64 67 64 68 64 66 65 67 65 65 65 68 66 67 66 69 66 67 67 70 67 69 67 69 68 70 68 71 68 70 69 72 69 71 69 71 70 72 70 73 70 72 71 74 71 73 71 73 72 74 72 75 72 74 73 76 73 75 73 75 74 76 74 77 74 76 75 78 75 77 75 78 76 79 76 77 76 77 77 79 77 80 77 79 78 81 78 80 78 80 79 81 79 82 79 81 80 83 80 82 80 82 81 83 81 84 81 83 82 85 82 84 82 84 83 85 83 86 83 85 84 87 84 86 84 86 85 87 85 88 85 93 86 94 86 95 86 99 87 93 87 95 87 100 88 101 88 96 88 101 89 89 89 91 89 106 90 100 90 97 90 106 91 97 91 98 91 102 92 100 92 106 92 103 93 93 93 99 93 103 94 104 94 93 94 105 95 104 95 103 95 106 96 110 96 102 96 109 97 101 97 108 97 109 98 107 98 101 98 111 99 104 99 105 99 112 100 108 100 110 100 113 101 108 101 112 101 113 102 109 102 108 102 114 103 109 103 115 103 117 104 104 104 111 104 113 105 115 105 109 105 118 106 115 106 113 106 117 107 119 107 104 107 121 108 122 108 114 108 121 109 114 109 115 109 124 110 120 110 349 110 122 111 126 111 123 111 122 112 127 112 126 112 120 113 128 113 129 113 130 114 119 114 117 114 131 115 132 115 127 115 131 116 129 116 128 116 131 117 135 117 132 117 132 118 126 118 127 118 135 119 139 119 136 119 138 120 139 120 135 120 138 121 140 121 139 121 140 122 142 122 139 122 141 123 136 123 139 123 141 124 143 124 144 124 141 125 145 125 143 125 142 126 145 126 139 126 142 127 147 127 145 127 142 128 146 128 147 128 149 129 143 129 145 129 148 130 152 130 154 130 153 131 149 131 151 131 153 132 143 132 149 132 154 133 151 133 149 133 154 134 155 134 151 134 151 135 157 135 153 135 156 136 155 136 154 136 155 137 157 137 151 137 155 138 156 138 162 138 155 139 162 139 163 139 159 140 164 140 160 140 159 141 161 141 164 141 162 142 165 142 163 142 166 143 168 143 164 143 166 144 169 144 168 144 162 145 167 145 165 145 169 146 167 146 162 146 169 147 162 147 170 147 171 148 168 148 169 148 171 149 169 149 170 149 171 150 170 150 172 150 172 151 173 151 171 151 172 152 174 152 173 152 174 153 172 153 175 153 174 154 177 154 173 154 176 155 173 155 177 155 174 156 175 156 177 156 179 157 178 157 177 157 181 158 180 158 175 158 182 159 617 159 178 159 182 160 178 160 179 160 183 161 180 161 181 161 183 162 179 162 180 162 179 163 184 163 182 163 185 164 46 164 41 164 185 165 41 165 38 165 185 166 38 166 34 166 185 167 34 167 29 167 185 168 29 168 24 168 185 169 24 169 21 169 184 170 179 170 183 170 189 171 186 171 182 171 189 172 187 172 186 172 188 173 184 173 183 173 188 174 190 174 184 174 188 175 192 175 190 175 184 176 190 176 182 176 187 177 189 177 191 177 190 178 193 178 189 178 188 179 194 179 192 179 192 180 193 180 190 180 194 181 195 181 192 181 195 182 193 182 192 182 200 183 193 183 195 183 196 184 194 184 197 184 198 185 199 185 189 185 198 186 193 186 200 186 198 187 189 187 193 187 197 188 201 188 196 188 202 189 200 189 196 189 200 190 202 190 198 190 201 191 202 191 196 191 198 192 215 192 199 192 198 193 203 193 215 193 202 194 203 194 198 194 205 195 203 195 202 195 205 196 202 196 201 196 206 197 208 197 209 197 206 198 209 198 207 198 210 199 201 199 204 199 210 200 204 200 211 200 205 201 214 201 215 201 211 202 205 202 210 202 212 203 214 203 205 203 212 204 216 204 213 204 212 205 211 205 216 205 214 206 209 206 215 206 217 207 214 207 213 207 216 208 218 208 213 208 218 209 217 209 213 209 218 210 220 210 217 210 222 211 217 211 220 211 220 212 218 212 221 212 220 213 221 213 224 213 225 214 222 214 224 214 230 215 223 215 226 215 230 216 227 216 223 216 221 217 228 217 229 217 226 218 232 218 230 218 231 219 228 219 221 219 231 220 235 220 228 220 231 221 236 221 235 221 237 222 232 222 233 222 233 223 238 223 237 223 235 224 238 224 233 224 237 225 240 225 241 225 238 226 242 226 237 226 236 227 238 227 235 227 236 228 244 228 238 228 242 229 240 229 237 229 243 230 244 230 236 230 243 231 236 231 239 231 246 232 238 232 244 232 246 233 242 233 238 233 245 234 240 234 242 234 247 235 243 235 248 235 251 236 250 236 256 236 252 237 253 237 254 237 252 238 254 238 255 238 260 239 258 239 256 239 263 240 257 240 259 240 260 241 264 241 265 241 264 242 271 242 265 242 268 243 262 243 263 243 269 244 268 244 263 244 270 245 271 245 268 245 269 246 263 246 272 246 271 247 270 247 275 247 273 248 274 248 467 248 273 249 275 249 274 249 274 250 275 250 278 250 276 251 279 251 275 251 276 252 272 252 279 252 280 253 277 253 274 253 287 254 619 254 286 254 287 255 537 255 619 255 287 256 286 256 289 256 290 257 293 257 292 257 290 258 291 258 293 258 292 259 293 259 294 259 295 260 298 260 296 260 294 261 298 261 292 261 300 262 298 262 294 262 299 263 301 263 294 263 309 264 305 264 306 264 309 265 307 265 305 265 310 266 309 266 306 266 542 267 309 267 310 267 542 268 310 268 543 268 307 269 311 269 499 269 315 270 979 270 316 270 317 271 315 271 316 271 318 272 317 272 316 272 320 273 625 273 321 273 320 274 313 274 625 274 982 275 316 275 325 275 982 276 318 276 316 276 573 277 326 277 570 277 573 278 329 278 326 278 573 279 327 279 329 279 333 280 326 280 329 280 333 281 332 281 326 281 333 282 329 282 331 282 335 283 329 283 330 283 335 284 331 284 329 284 336 285 341 285 334 285 340 286 627 286 341 286 347 287 343 287 345 287 347 288 348 288 343 288 346 289 632 289 616 289 348 290 347 290 97 290 92 291 100 291 96 291 92 292 97 292 100 292 96 293 101 293 91 293 101 294 100 294 102 294 102 295 108 295 101 295 102 296 110 296 108 296 349 297 113 297 112 297 349 298 118 298 113 298 115 299 118 299 120 299 115 300 120 300 121 300 349 301 120 301 118 301 120 302 124 302 125 302 129 303 127 303 121 303 129 304 121 304 120 304 128 305 120 305 125 305 127 306 129 306 131 306 133 307 137 307 128 307 133 308 134 308 137 308 128 309 137 309 131 309 137 310 135 310 131 310 132 311 135 311 136 311 132 312 136 312 126 312 137 313 138 313 135 313 140 314 146 314 142 314 145 315 141 315 139 315 350 316 130 316 351 316 350 317 351 317 352 317 145 318 147 318 149 318 154 319 149 319 147 319 154 320 147 320 148 320 350 321 119 321 130 321 350 322 353 322 119 322 154 323 152 323 156 323 158 324 354 324 150 324 158 325 153 325 157 325 158 326 150 326 153 326 350 327 355 327 353 327 356 328 158 328 157 328 161 329 163 329 165 329 357 330 355 330 350 330 166 331 164 331 161 331 169 332 165 332 167 332 169 333 166 333 165 333 177 334 175 334 179 334 358 335 359 335 360 335 357 336 360 336 355 336 180 337 179 337 175 337 357 338 358 338 360 338 361 339 352 339 362 339 361 340 362 340 363 340 361 341 363 341 60 341 361 342 350 342 352 342 196 343 195 343 194 343 196 344 200 344 195 344 205 345 201 345 210 345 203 346 205 346 215 346 205 347 211 347 212 347 212 348 213 348 214 348 364 349 361 349 60 349 364 350 60 350 57 350 364 351 57 351 52 351 222 352 219 352 217 352 224 353 222 353 220 353 224 354 221 354 229 354 224 355 229 355 225 355 225 356 232 356 226 356 225 357 229 357 232 357 232 358 229 358 233 358 228 359 233 359 229 359 233 360 228 360 235 360 364 361 52 361 50 361 246 362 245 362 242 362 249 363 244 363 243 363 249 364 243 364 247 364 257 365 262 365 260 365 257 366 260 366 256 366 257 367 263 367 262 367 265 368 261 368 260 368 267 369 262 369 268 369 269 370 270 370 268 370 295 371 292 371 298 371 582 372 365 372 296 372 294 373 301 373 300 373 309 374 311 374 307 374 309 375 542 375 311 375 349 376 112 376 124 376 155 377 356 377 157 377 155 378 163 378 356 378 159 379 158 379 356 379 356 380 161 380 159 380 163 381 161 381 356 381 165 382 166 382 161 382 267 383 264 383 260 383 267 384 260 384 262 384 264 385 267 385 268 385 264 386 268 386 271 386 361 387 358 387 357 387 361 388 357 388 350 388 364 389 50 389 46 389 364 390 185 390 369 390 364 391 46 391 185 391 370 392 361 392 364 392 371 393 364 393 369 393 372 394 426 394 373 394 376 395 378 395 377 395 379 396 376 396 377 396 376 397 380 397 378 397 376 398 325 398 380 398 382 399 376 399 379 399 382 400 982 400 325 400 382 401 385 401 982 401 382 402 325 402 376 402 386 403 379 403 387 403 386 404 382 404 379 404 388 405 375 405 381 405 389 406 384 406 383 406 390 407 386 407 387 407 390 408 387 408 384 408 389 409 390 409 384 409 391 410 392 410 1178 410 391 411 1178 411 393 411 391 412 393 412 385 412 391 413 382 413 386 413 391 414 385 414 382 414 388 415 394 415 395 415 386 416 396 416 392 416 386 417 392 417 391 417 388 418 383 418 375 418 388 419 395 419 397 419 390 420 396 420 386 420 383 421 397 421 398 421 383 422 388 422 397 422 399 423 398 423 400 423 399 424 383 424 398 424 390 425 401 425 396 425 399 426 389 426 383 426 390 427 402 427 401 427 399 428 400 428 403 428 399 429 403 429 404 429 399 430 404 430 405 430 389 431 402 431 390 431 389 432 406 432 402 432 399 433 405 433 990 433 389 434 984 434 406 434 399 435 990 435 407 435 389 436 985 436 984 436 399 437 407 437 408 437 389 438 1075 438 985 438 399 439 408 439 1029 439 399 440 1029 440 409 440 389 441 409 441 410 441 389 442 410 442 1075 442 389 443 399 443 409 443 411 444 414 444 413 444 411 445 412 445 414 445 411 446 413 446 415 446 416 447 359 447 358 447 416 448 411 448 415 448 416 449 415 449 359 449 417 450 419 450 418 450 417 451 418 451 420 451 421 452 417 452 420 452 421 453 420 453 412 453 421 454 412 454 411 454 422 455 416 455 358 455 422 456 411 456 416 456 422 457 358 457 361 457 422 458 421 458 411 458 423 459 417 459 421 459 424 460 423 460 421 460 424 461 421 461 422 461 427 462 423 462 424 462 427 463 426 463 425 463 427 464 425 464 423 464 427 465 424 465 422 465 427 466 373 466 426 466 427 467 422 467 373 467 428 468 370 468 364 468 429 469 428 469 364 469 429 470 364 470 371 470 430 471 371 471 369 471 430 472 429 472 371 472 431 473 429 473 430 473 432 474 431 474 430 474 433 475 423 475 425 475 433 476 419 476 417 476 433 477 417 477 423 477 434 478 425 478 426 478 434 479 433 479 425 479 435 480 422 480 361 480 435 481 370 481 428 481 435 482 361 482 370 482 435 483 373 483 422 483 437 484 435 484 436 484 437 485 373 485 435 485 438 486 419 486 433 486 438 487 439 487 419 487 440 488 372 488 373 488 441 489 374 489 372 489 442 490 438 490 443 490 442 491 439 491 438 491 444 492 443 492 374 492 444 493 374 493 441 493 445 494 439 494 442 494 446 495 447 495 439 495 445 496 446 496 439 496 446 497 448 497 447 497 446 498 377 498 448 498 446 499 379 499 377 499 446 500 384 500 387 500 446 501 387 501 379 501 449 502 445 502 442 502 449 503 442 503 375 503 449 504 375 504 383 504 445 505 383 505 384 505 445 506 384 506 446 506 445 507 449 507 383 507 450 508 442 508 443 508 450 509 443 509 444 509 450 510 375 510 442 510 450 511 381 511 375 511 451 512 450 512 444 512 452 513 381 513 450 513 454 514 381 514 452 514 455 515 452 515 453 515 454 516 394 516 388 516 454 517 388 517 381 517 454 518 456 518 394 518 455 519 454 519 452 519 432 520 369 520 457 520 432 521 430 521 369 521 459 522 431 522 432 522 460 523 461 523 459 523 462 524 429 524 431 524 463 525 426 525 372 525 463 526 434 526 426 526 463 527 433 527 434 527 464 528 433 528 463 528 464 529 438 529 433 529 464 530 463 530 372 530 465 531 374 531 443 531 465 532 443 532 438 532 465 533 438 533 464 533 465 534 372 534 374 534 465 535 464 535 372 535 466 536 451 536 444 536 466 537 444 537 467 537 468 538 450 538 451 538 469 539 452 539 450 539 469 540 450 540 468 540 469 541 453 541 452 541 469 542 468 542 470 542 471 543 455 543 453 543 473 544 455 544 471 544 474 545 473 545 471 545 475 546 473 546 474 546 455 547 476 547 456 547 455 548 456 548 454 548 477 549 455 549 473 549 457 550 458 550 432 550 478 551 458 551 457 551 478 552 457 552 479 552 478 553 480 553 458 553 458 554 460 554 459 554 458 555 459 555 432 555 458 556 480 556 460 556 482 557 480 557 478 557 483 558 461 558 460 558 487 559 435 559 428 559 487 560 429 560 462 560 487 561 436 561 435 561 487 562 428 562 429 562 489 563 373 563 437 563 490 564 373 564 489 564 491 565 441 565 372 565 492 566 444 566 441 566 492 567 441 567 493 567 248 568 494 568 639 568 248 569 495 569 494 569 497 570 453 570 469 570 498 571 471 571 453 571 498 572 472 572 471 572 499 573 501 573 500 573 499 574 472 574 501 574 502 575 472 575 499 575 503 576 639 576 504 576 502 577 471 577 472 577 502 578 474 578 471 578 505 579 473 579 475 579 505 580 477 580 473 580 477 581 476 581 455 581 479 582 481 582 478 582 482 583 478 583 481 583 482 584 506 584 480 584 507 585 480 585 506 585 507 586 460 586 480 586 509 587 482 587 481 587 509 588 506 588 482 588 507 589 483 589 460 589 511 590 431 590 459 590 511 591 459 591 461 591 511 592 462 592 431 592 512 593 483 593 507 593 512 594 484 594 483 594 512 595 513 595 484 595 517 596 486 596 514 596 517 597 514 597 515 597 599 598 511 598 461 598 517 599 518 599 486 599 519 600 517 600 515 600 519 601 515 601 494 601 520 602 462 602 511 602 521 603 522 603 462 603 523 604 525 604 524 604 527 605 487 605 462 605 527 606 462 606 522 606 528 607 494 607 495 607 529 608 436 608 487 608 530 609 436 609 529 609 531 610 488 610 338 610 531 611 338 611 532 611 533 612 488 612 531 612 533 613 489 613 437 613 533 614 437 614 488 614 534 615 533 615 531 615 533 616 490 616 489 616 144 617 440 617 373 617 144 618 373 618 490 618 535 619 372 619 440 619 535 620 491 620 372 620 206 621 441 621 491 621 204 622 134 622 495 622 204 623 495 623 248 623 207 624 441 624 206 624 536 625 492 625 493 625 537 626 466 626 467 626 537 627 467 627 277 627 537 628 451 628 466 628 538 629 248 629 639 629 469 630 470 630 539 630 498 631 501 631 472 631 544 632 639 632 503 632 545 633 587 633 503 633 545 634 503 634 546 634 548 635 503 635 504 635 548 636 546 636 503 636 549 637 550 637 546 637 549 638 546 638 548 638 549 639 548 639 551 639 553 640 474 640 552 640 554 641 549 641 551 641 553 642 475 642 474 642 553 643 555 643 556 643 553 644 505 644 475 644 553 645 556 645 557 645 553 646 557 646 505 646 558 647 557 647 556 647 505 648 559 648 477 648 477 649 559 649 476 649 560 650 509 650 481 650 560 651 481 651 508 651 506 652 510 652 507 652 560 653 508 653 561 653 509 654 510 654 506 654 509 655 560 655 562 655 510 656 509 656 562 656 561 657 562 657 560 657 510 658 512 658 507 658 510 659 485 659 512 659 562 660 485 660 510 660 561 661 514 661 562 661 561 662 515 662 514 662 562 663 514 663 486 663 562 664 516 664 485 664 562 665 486 665 516 665 516 666 512 666 485 666 516 667 513 667 512 667 516 668 486 668 518 668 520 669 511 669 599 669 563 670 565 670 564 670 564 671 600 671 563 671 521 672 462 672 520 672 566 673 522 673 521 673 566 674 524 674 522 674 529 675 487 675 568 675 569 676 528 676 495 676 530 677 529 677 568 677 574 678 436 678 530 678 488 679 437 679 436 679 488 680 436 680 574 680 575 681 531 681 532 681 613 682 575 682 532 682 576 683 531 683 575 683 576 684 534 684 531 684 577 685 339 685 572 685 577 686 569 686 495 686 577 687 572 687 569 687 90 688 533 688 534 688 578 689 533 689 90 689 98 690 495 690 134 690 578 691 490 691 533 691 116 692 490 692 578 692 354 693 440 693 144 693 152 694 146 694 134 694 168 695 535 695 440 695 186 696 491 696 535 696 181 697 162 697 152 697 181 698 134 698 204 698 181 699 152 699 134 699 188 700 181 700 204 700 208 701 206 701 491 701 211 702 204 702 221 702 579 703 441 703 207 703 579 704 493 704 441 704 239 705 221 705 204 705 239 706 204 706 248 706 536 707 493 707 234 707 253 708 251 708 258 708 256 709 258 709 251 709 467 710 444 710 492 710 467 711 492 711 254 711 280 712 537 712 277 712 581 713 248 713 538 713 365 714 496 714 580 714 365 715 468 715 451 715 365 716 451 716 496 716 539 717 582 717 621 717 583 718 469 718 539 718 583 719 539 719 302 719 583 720 540 720 469 720 583 721 304 721 540 721 305 722 304 722 303 722 623 723 584 723 366 723 585 724 623 724 366 724 308 725 585 725 366 725 498 726 497 726 501 726 498 727 453 727 497 727 586 728 584 728 538 728 586 729 538 729 639 729 587 730 366 730 586 730 586 731 639 731 544 731 587 732 544 732 503 732 545 733 308 733 587 733 543 734 545 734 588 734 543 735 311 735 542 735 547 736 543 736 588 736 545 737 546 737 550 737 547 738 588 738 590 738 550 739 588 739 545 739 550 740 590 740 588 740 589 741 590 741 312 741 312 742 552 742 589 742 552 743 474 743 502 743 552 744 502 744 589 744 554 745 550 745 549 745 555 746 553 746 552 746 555 747 552 747 312 747 312 748 554 748 591 748 554 749 551 749 1040 749 591 750 555 750 312 750 593 751 591 751 554 751 593 752 554 752 1040 752 592 753 555 753 591 753 592 754 556 754 555 754 593 755 1040 755 594 755 593 756 592 756 591 756 595 757 594 757 596 757 595 758 593 758 594 758 595 759 592 759 593 759 595 760 556 760 592 760 595 761 558 761 556 761 597 762 558 762 595 762 558 763 505 763 557 763 558 764 597 764 559 764 558 765 559 765 505 765 599 766 598 766 521 766 599 767 521 767 520 767 518 768 602 768 516 768 600 769 518 769 517 769 598 770 484 770 513 770 516 771 602 771 601 771 598 772 566 772 521 772 602 773 603 773 567 773 598 774 523 774 566 774 598 775 526 775 523 775 602 776 526 776 601 776 602 777 567 777 526 777 565 778 528 778 604 778 565 779 494 779 528 779 565 780 519 780 494 780 566 781 523 781 524 781 605 782 527 782 522 782 528 783 321 783 604 783 527 784 605 784 606 784 527 785 606 785 568 785 527 786 568 786 487 786 321 787 528 787 569 787 569 788 320 788 321 788 569 789 572 789 571 789 607 790 530 790 568 790 608 791 609 791 626 791 572 792 626 792 571 792 570 793 574 793 530 793 367 794 572 794 339 794 367 795 611 795 572 795 612 796 574 796 570 796 612 797 488 797 574 797 612 798 338 798 488 798 612 799 332 799 338 799 335 800 367 800 339 800 338 801 332 801 333 801 338 802 333 802 337 802 576 803 575 803 613 803 614 804 615 804 576 804 344 805 630 805 343 805 616 806 615 806 614 806 615 807 534 807 576 807 346 808 616 808 368 808 495 809 629 809 577 809 495 810 347 810 629 810 615 811 90 811 534 811 89 812 90 812 615 812 347 813 495 813 98 813 107 814 578 814 90 814 114 815 116 815 578 815 141 816 144 816 126 816 150 817 144 817 143 817 150 818 354 818 144 818 148 819 146 819 152 819 354 820 164 820 440 820 160 821 164 821 354 821 176 822 535 822 168 822 175 823 162 823 181 823 617 824 186 824 535 824 617 825 535 825 176 825 187 826 491 826 186 826 191 827 208 827 491 827 191 828 199 828 208 828 227 829 579 829 207 829 227 830 207 830 219 830 241 831 536 831 234 831 255 832 536 832 241 832 255 833 492 833 536 833 253 834 255 834 251 834 248 835 618 835 247 835 261 836 253 836 258 836 254 837 273 837 467 837 266 838 288 838 272 838 266 839 248 839 581 839 266 840 581 840 288 840 282 841 272 841 288 841 282 842 279 842 272 842 619 843 537 843 280 843 496 844 451 844 537 844 287 845 580 845 496 845 289 846 580 846 287 846 297 847 288 847 581 847 468 848 365 848 582 848 299 849 297 849 620 849 468 850 582 850 539 850 468 851 539 851 470 851 296 852 298 852 621 852 296 853 621 853 582 853 538 854 620 854 581 854 583 855 302 855 303 855 622 856 634 856 623 856 583 857 303 857 304 857 541 858 622 858 585 858 584 859 623 859 620 859 584 860 620 860 538 860 540 861 497 861 469 861 623 862 585 862 622 862 541 863 305 863 303 863 306 864 541 864 585 864 306 865 305 865 541 865 540 866 304 866 497 866 306 867 585 867 308 867 307 868 304 868 305 868 307 869 497 869 304 869 497 870 500 870 501 870 497 871 307 871 500 871 308 872 366 872 587 872 544 873 587 873 586 873 543 874 310 874 308 874 543 875 308 875 545 875 311 876 547 876 499 876 311 877 543 877 547 877 589 878 499 878 547 878 589 879 502 879 499 879 547 880 590 880 589 880 554 881 590 881 550 881 312 882 590 882 554 882 599 883 484 883 598 883 600 884 602 884 518 884 563 885 517 885 519 885 563 886 600 886 517 886 601 887 598 887 513 887 601 888 513 888 516 888 563 889 519 889 565 889 602 890 600 890 603 890 564 891 603 891 600 891 598 892 601 892 526 892 565 893 603 893 564 893 567 894 604 894 624 894 624 895 526 895 567 895 525 896 523 896 624 896 525 897 624 897 625 897 525 898 625 898 314 898 314 899 524 899 525 899 624 900 604 900 321 900 625 901 624 901 321 901 605 902 522 902 524 902 319 903 314 903 313 903 319 904 605 904 524 904 606 905 605 905 319 905 319 906 313 906 322 906 322 907 606 907 319 907 606 908 322 908 324 908 323 909 313 909 320 909 323 910 322 910 313 910 324 911 568 911 606 911 323 912 320 912 569 912 322 913 323 913 626 913 324 914 322 914 626 914 609 915 607 915 568 915 571 916 323 916 569 916 571 917 626 917 323 917 626 918 609 918 324 918 611 919 626 919 572 919 607 920 609 920 573 920 607 921 570 921 530 921 607 922 573 922 570 922 626 923 611 923 610 923 626 924 610 924 608 924 609 925 608 925 327 925 609 926 327 926 573 926 367 927 610 927 611 927 326 928 332 928 612 928 326 929 612 929 570 929 328 930 330 930 327 930 330 931 328 931 367 931 330 932 367 932 335 932 336 933 331 933 335 933 337 934 333 934 334 934 336 935 335 935 339 935 341 936 337 936 334 936 337 937 532 937 338 937 628 938 613 938 532 938 613 939 628 939 342 939 629 940 340 940 577 940 614 941 613 941 342 941 614 942 576 942 613 942 614 943 342 943 368 943 630 944 368 944 342 944 630 945 344 945 368 945 629 946 343 946 630 946 629 947 347 947 345 947 629 948 345 948 343 948 616 949 614 949 368 949 343 950 346 950 368 950 631 951 89 951 615 951 631 952 632 952 89 952 347 953 98 953 97 953 92 954 348 954 97 954 89 955 107 955 90 955 101 956 107 956 89 956 106 957 98 957 110 957 109 958 578 958 107 958 109 959 114 959 578 959 112 960 110 960 98 960 114 961 490 961 116 961 114 962 123 962 490 962 122 963 123 963 114 963 123 964 126 964 144 964 123 965 144 965 490 965 121 966 127 966 122 966 124 967 134 967 125 967 124 968 112 968 98 968 124 969 98 969 134 969 125 970 133 970 128 970 125 971 134 971 133 971 134 972 146 972 137 972 136 973 141 973 126 973 138 974 137 974 146 974 138 975 146 975 140 975 146 976 148 976 147 976 150 977 143 977 153 977 158 978 160 978 354 978 158 979 159 979 160 979 156 980 152 980 162 980 164 981 168 981 440 981 170 982 162 982 172 982 173 983 168 983 171 983 173 984 176 984 168 984 175 985 172 985 162 985 178 986 176 986 177 986 178 987 617 987 176 987 182 988 186 988 617 988 187 989 191 989 491 989 188 990 183 990 181 990 190 991 189 991 182 991 199 992 191 992 189 992 197 993 204 993 201 993 197 994 188 994 204 994 197 995 194 995 188 995 215 996 208 996 199 996 209 997 208 997 215 997 209 998 219 998 207 998 219 999 209 999 214 999 219 1000 214 1000 217 1000 223 1001 219 1001 222 1001 223 1002 227 1002 219 1002 221 1003 218 1003 216 1003 221 1004 216 1004 211 1004 226 1005 223 1005 222 1005 226 1006 222 1006 225 1006 234 1007 579 1007 227 1007 234 1008 227 1008 230 1008 232 1009 234 1009 230 1009 231 1010 221 1010 239 1010 234 1011 493 1011 579 1011 236 1012 231 1012 239 1012 237 1013 234 1013 232 1013 237 1014 241 1014 234 1014 240 1015 255 1015 241 1015 240 1016 251 1016 255 1016 250 1017 244 1017 249 1017 250 1018 246 1018 244 1018 245 1019 251 1019 240 1019 245 1020 246 1020 250 1020 248 1021 243 1021 239 1021 250 1022 251 1022 245 1022 249 1023 247 1023 618 1023 250 1024 249 1024 618 1024 250 1025 618 1025 259 1025 252 1026 255 1026 253 1026 255 1027 254 1027 492 1027 257 1028 250 1028 259 1028 257 1029 256 1029 250 1029 259 1030 248 1030 266 1030 259 1031 618 1031 248 1031 254 1032 253 1032 261 1032 261 1033 258 1033 260 1033 263 1034 259 1034 266 1034 265 1035 254 1035 261 1035 265 1036 271 1036 273 1036 265 1037 273 1037 254 1037 263 1038 266 1038 272 1038 270 1039 269 1039 276 1039 275 1040 273 1040 271 1040 276 1041 275 1041 270 1041 272 1042 276 1042 269 1042 277 1043 467 1043 274 1043 278 1044 275 1044 279 1044 279 1045 281 1045 278 1045 283 1046 274 1046 278 1046 283 1047 280 1047 274 1047 283 1048 278 1048 281 1048 281 1049 279 1049 282 1049 281 1050 633 1050 283 1050 283 1051 619 1051 280 1051 633 1052 281 1052 282 1052 633 1053 285 1053 283 1053 284 1054 285 1054 633 1054 284 1055 633 1055 282 1055 286 1056 619 1056 283 1056 286 1057 283 1057 285 1057 284 1058 282 1058 288 1058 287 1059 496 1059 537 1059 290 1060 286 1060 285 1060 290 1061 285 1061 284 1061 290 1062 289 1062 286 1062 291 1063 290 1063 284 1063 291 1064 284 1064 288 1064 289 1065 295 1065 580 1065 292 1066 295 1066 289 1066 292 1067 289 1067 290 1067 291 1068 288 1068 297 1068 296 1069 580 1069 295 1069 296 1070 365 1070 580 1070 293 1071 291 1071 297 1071 293 1072 297 1072 299 1072 297 1073 581 1073 620 1073 294 1074 293 1074 299 1074 620 1075 301 1075 299 1075 300 1076 621 1076 298 1076 300 1077 301 1077 634 1077 301 1078 620 1078 623 1078 634 1079 621 1079 300 1079 302 1080 539 1080 621 1080 634 1081 302 1081 621 1081 634 1082 303 1082 302 1082 634 1083 301 1083 623 1083 634 1084 622 1084 541 1084 634 1085 541 1085 303 1085 366 1086 584 1086 586 1086 310 1087 306 1087 308 1087 500 1088 307 1088 499 1088 483 1089 599 1089 461 1089 599 1090 483 1090 484 1090 603 1091 604 1091 567 1091 603 1092 565 1092 604 1092 624 1093 523 1093 526 1093 314 1094 319 1094 524 1094 313 1095 314 1095 625 1095 324 1096 609 1096 568 1096 328 1097 610 1097 367 1097 328 1098 327 1098 608 1098 328 1099 608 1099 610 1099 329 1100 327 1100 330 1100 334 1101 331 1101 336 1101 334 1102 333 1102 331 1102 336 1103 339 1103 341 1103 341 1104 627 1104 337 1104 337 1105 627 1105 628 1105 337 1106 628 1106 532 1106 340 1107 341 1107 339 1107 340 1108 339 1108 577 1108 342 1109 628 1109 627 1109 340 1110 342 1110 627 1110 630 1111 342 1111 340 1111 630 1112 340 1112 629 1112 368 1113 344 1113 343 1113 616 1114 631 1114 615 1114 348 1115 346 1115 343 1115 632 1116 631 1116 616 1116 91 1117 632 1117 96 1117 91 1118 89 1118 632 1118 346 1119 96 1119 632 1119 346 1120 348 1120 92 1120 92 1121 96 1121 346 1121 635 1122 419 1122 439 1122 711 1123 641 1123 642 1123 643 1124 644 1124 640 1124 655 1125 783 1125 656 1125 662 1126 658 1126 661 1126 809 1127 701 1127 978 1127 640 1128 636 1128 664 1128 814 1129 642 1129 665 1129 829 1130 646 1130 645 1130 668 1131 646 1131 829 1131 669 1132 667 1132 666 1132 672 1133 673 1133 674 1133 675 1134 676 1134 908 1134 745 1135 908 1135 679 1135 780 1136 653 1136 654 1136 694 1137 654 1137 653 1137 693 1138 654 1138 694 1138 782 1139 656 1139 783 1139 658 1140 659 1140 928 1140 698 1141 699 1141 700 1141 701 1142 700 1142 699 1142 944 1143 978 1143 701 1143 703 1144 704 1144 702 1144 706 1145 637 1145 663 1145 710 1146 706 1146 663 1146 664 1147 636 1147 641 1147 643 1148 711 1148 712 1148 713 1149 815 1149 665 1149 715 1150 713 1150 714 1150 718 1151 715 1151 717 1151 719 1152 644 1152 716 1152 722 1153 666 1153 833 1153 646 1154 721 1154 645 1154 725 1155 723 1155 668 1155 861 1156 726 1156 727 1156 867 1157 728 1157 871 1157 670 1158 872 1158 729 1158 730 1159 729 1159 872 1159 729 1160 869 1160 670 1160 735 1161 890 1161 733 1161 737 1162 736 1162 735 1162 677 1163 744 1163 904 1163 976 1164 908 1164 745 1164 676 1165 679 1165 908 1165 678 1166 747 1166 907 1166 680 1167 677 1167 747 1167 910 1168 745 1168 679 1168 678 1169 746 1169 747 1169 746 1170 750 1170 747 1170 680 1171 747 1171 750 1171 748 1172 679 1172 909 1172 913 1173 911 1173 679 1173 913 1174 679 1174 748 1174 753 1175 749 1175 750 1175 751 1176 750 1176 749 1176 648 1177 647 1177 752 1177 754 1178 649 1178 753 1178 648 1179 681 1179 647 1179 754 1180 914 1180 755 1180 647 1181 681 1181 758 1181 682 1182 751 1182 649 1182 757 1183 647 1183 758 1183 757 1184 756 1184 647 1184 760 1185 649 1185 754 1185 760 1186 754 1186 755 1186 915 1187 757 1187 758 1187 916 1188 759 1188 760 1188 682 1189 760 1189 759 1189 761 1190 650 1190 916 1190 763 1191 684 1191 683 1191 763 1192 918 1192 684 1192 764 1193 918 1193 763 1193 761 1194 686 1194 650 1194 762 1195 650 1195 688 1195 763 1196 685 1196 687 1196 919 1197 763 1197 687 1197 767 1198 650 1198 686 1198 767 1199 688 1199 650 1199 768 1200 769 1200 687 1200 920 1201 687 1201 769 1201 766 1202 770 1202 767 1202 688 1203 767 1203 770 1203 768 1204 689 1204 769 1204 924 1205 769 1205 689 1205 689 1206 690 1206 651 1206 689 1207 651 1207 652 1207 652 1208 924 1208 689 1208 771 1209 923 1209 770 1209 766 1210 773 1210 774 1210 766 1211 774 1211 692 1211 772 1212 776 1212 651 1212 925 1213 651 1213 776 1213 774 1214 778 1214 692 1214 691 1215 692 1215 778 1215 780 1216 654 1216 781 1216 782 1217 783 1217 777 1217 693 1218 926 1218 781 1218 655 1219 779 1219 783 1219 785 1220 656 1220 782 1220 659 1221 655 1221 656 1221 657 1222 784 1222 653 1222 786 1223 784 1223 657 1223 695 1224 784 1224 786 1224 927 1225 695 1225 787 1225 927 1226 787 1226 785 1226 696 1227 785 1227 787 1227 928 1228 785 1228 696 1228 788 1229 695 1229 786 1229 787 1230 695 1230 788 1230 789 1231 786 1231 657 1231 930 1232 929 1232 788 1232 790 1233 660 1233 793 1233 790 1234 789 1234 660 1234 930 1235 790 1235 793 1235 930 1236 793 1236 697 1236 931 1237 697 1237 661 1237 792 1238 697 1238 793 1238 697 1239 794 1239 661 1239 795 1240 792 1240 660 1240 662 1241 661 1241 794 1241 662 1242 796 1242 658 1242 797 1243 932 1243 934 1243 797 1244 933 1244 932 1244 796 1245 662 1245 798 1245 799 1246 800 1246 795 1246 698 1247 796 1247 798 1247 803 1248 804 1248 799 1248 702 1249 939 1249 803 1249 805 1250 705 1250 704 1250 944 1251 705 1251 806 1251 703 1252 805 1252 704 1252 705 1253 805 1253 806 1253 978 1254 944 1254 806 1254 812 1255 809 1255 810 1255 707 1256 708 1256 807 1256 708 1257 811 1257 808 1257 946 1258 808 1258 811 1258 709 1259 946 1259 811 1259 706 1260 709 1260 708 1260 706 1261 710 1261 709 1261 664 1262 643 1262 640 1262 664 1263 711 1263 643 1263 815 1264 814 1264 665 1264 816 1265 643 1265 712 1265 818 1266 815 1266 713 1266 713 1267 665 1267 714 1267 712 1268 815 1268 818 1268 816 1269 712 1269 817 1269 716 1270 643 1270 816 1270 716 1271 644 1271 643 1271 717 1272 715 1272 714 1272 817 1273 716 1273 816 1273 820 1274 818 1274 819 1274 716 1275 817 1275 821 1275 820 1276 819 1276 823 1276 819 1277 715 1277 822 1277 718 1278 822 1278 715 1278 718 1279 824 1279 822 1279 825 1280 718 1280 717 1280 719 1281 716 1281 947 1281 827 1282 666 1282 644 1282 827 1283 644 1283 719 1283 829 1284 720 1284 825 1284 833 1285 830 1285 831 1285 666 1286 827 1286 830 1286 645 1287 721 1287 832 1287 834 1288 832 1288 721 1288 835 1289 722 1289 833 1289 646 1290 724 1290 721 1290 722 1291 669 1291 666 1291 723 1292 646 1292 668 1292 837 1293 669 1293 722 1293 840 1294 669 1294 837 1294 840 1295 667 1295 669 1295 839 1296 724 1296 723 1296 839 1297 723 1297 953 1297 953 1298 723 1298 725 1298 843 1299 844 1299 725 1299 845 1300 846 1300 667 1300 845 1301 667 1301 847 1301 848 1302 842 1302 844 1302 854 1303 842 1303 848 1303 958 1304 852 1304 849 1304 726 1305 851 1305 843 1305 856 1306 860 1306 855 1306 859 1307 860 1307 856 1307 861 1308 858 1308 726 1308 863 1309 869 1309 855 1309 864 1310 862 1310 861 1310 865 1311 862 1311 864 1311 861 1312 727 1312 728 1312 868 1313 866 1313 863 1313 867 1314 670 1314 868 1314 868 1315 865 1315 867 1315 868 1316 670 1316 866 1316 870 1317 728 1317 727 1317 870 1318 873 1318 728 1318 871 1319 728 1319 873 1319 866 1320 670 1320 869 1320 872 1321 871 1321 873 1321 870 1322 727 1322 874 1322 730 1323 872 1323 873 1323 671 1324 869 1324 729 1324 874 1325 876 1325 870 1325 671 1326 731 1326 674 1326 878 1327 960 1327 879 1327 880 1328 874 1328 733 1328 732 1329 731 1329 877 1329 732 1330 674 1330 731 1330 881 1331 880 1331 733 1331 884 1332 881 1332 889 1332 886 1333 884 1333 889 1333 889 1334 881 1334 733 1334 888 1335 885 1335 887 1335 890 1336 886 1336 889 1336 893 1337 885 1337 888 1337 892 1338 672 1338 885 1338 894 1339 965 1339 890 1339 894 1340 890 1340 891 1340 891 1341 890 1341 735 1341 897 1342 735 1342 736 1342 969 1343 673 1343 967 1343 738 1344 739 1344 736 1344 899 1345 742 1345 673 1345 900 1346 737 1346 735 1346 738 1347 973 1347 739 1347 738 1348 902 1348 973 1348 740 1349 741 1349 972 1349 740 1350 901 1350 741 1350 973 1351 901 1351 740 1351 744 1352 742 1352 741 1352 903 1353 743 1353 906 1353 901 1354 975 1354 904 1354 905 1355 903 1355 906 1355 974 1356 903 1356 905 1356 907 1357 904 1357 975 1357 677 1358 904 1358 907 1358 747 1359 677 1359 907 1359 745 1360 678 1360 976 1360 680 1361 744 1361 677 1361 678 1362 745 1362 746 1362 746 1363 745 1363 910 1363 912 1364 748 1364 909 1364 748 1365 912 1365 752 1365 752 1366 913 1366 748 1366 914 1367 913 1367 752 1367 749 1368 753 1368 649 1368 749 1369 649 1369 751 1369 914 1370 752 1370 756 1370 756 1371 755 1371 914 1371 755 1372 756 1372 757 1372 760 1373 682 1373 649 1373 758 1374 918 1374 915 1374 755 1375 915 1375 917 1375 916 1376 755 1376 917 1376 917 1377 915 1377 918 1377 759 1378 916 1378 650 1378 759 1379 650 1379 762 1379 762 1380 682 1380 759 1380 764 1381 919 1381 686 1381 919 1382 764 1382 763 1382 765 1383 686 1383 919 1383 919 1384 687 1384 920 1384 768 1385 687 1385 685 1385 767 1386 686 1386 765 1386 921 1387 766 1387 767 1387 690 1388 689 1388 768 1388 923 1389 771 1389 688 1389 692 1390 771 1390 770 1390 692 1391 770 1391 766 1391 773 1392 924 1392 652 1392 773 1393 922 1393 924 1393 773 1394 766 1394 922 1394 775 1395 773 1395 925 1395 776 1396 772 1396 781 1396 775 1397 776 1397 781 1397 926 1398 775 1398 781 1398 926 1399 777 1399 775 1399 926 1400 782 1400 777 1400 783 1401 779 1401 778 1401 654 1402 693 1402 781 1402 926 1403 785 1403 782 1403 926 1404 693 1404 927 1404 926 1405 927 1405 785 1405 784 1406 694 1406 653 1406 928 1407 656 1407 785 1407 928 1408 659 1408 656 1408 788 1409 929 1409 787 1409 696 1410 787 1410 929 1410 790 1411 788 1411 786 1411 790 1412 786 1412 789 1412 790 1413 930 1413 788 1413 931 1414 696 1414 929 1414 931 1415 791 1415 696 1415 791 1416 931 1416 661 1416 791 1417 661 1417 658 1417 697 1418 929 1418 930 1418 697 1419 931 1419 929 1419 660 1420 792 1420 793 1420 792 1421 932 1421 697 1421 794 1422 697 1422 932 1422 932 1423 933 1423 794 1423 934 1424 932 1424 792 1424 933 1425 798 1425 662 1425 934 1426 800 1426 797 1426 934 1427 795 1427 800 1427 935 1428 933 1428 797 1428 797 1429 801 1429 935 1429 801 1430 800 1430 804 1430 800 1431 799 1431 804 1431 935 1432 802 1432 798 1432 935 1433 801 1433 802 1433 937 1434 698 1434 798 1434 937 1435 798 1435 802 1435 801 1436 936 1436 802 1436 938 1437 936 1437 804 1437 802 1438 698 1438 937 1438 942 1439 940 1439 938 1439 939 1440 941 1440 942 1440 702 1441 941 1441 939 1441 943 1442 942 1442 941 1442 941 1443 705 1443 943 1443 941 1444 704 1444 705 1444 944 1445 943 1445 705 1445 703 1446 807 1446 945 1446 810 1447 977 1447 945 1447 807 1448 808 1448 945 1448 808 1449 810 1449 945 1449 810 1450 808 1450 946 1450 807 1451 708 1451 808 1451 708 1452 707 1452 706 1452 811 1453 708 1453 709 1453 664 1454 641 1454 711 1454 712 1455 711 1455 642 1455 712 1456 642 1456 814 1456 712 1457 814 1457 815 1457 818 1458 817 1458 712 1458 819 1459 713 1459 715 1459 819 1460 818 1460 713 1460 817 1461 818 1461 820 1461 821 1462 820 1462 823 1462 823 1463 819 1463 822 1463 821 1464 823 1464 947 1464 821 1465 947 1465 716 1465 825 1466 824 1466 718 1466 947 1467 949 1467 719 1467 948 1468 949 1468 947 1468 826 1469 824 1469 825 1469 826 1470 948 1470 824 1470 948 1471 828 1471 949 1471 826 1472 825 1472 720 1472 826 1473 828 1473 948 1473 951 1474 952 1474 826 1474 951 1475 826 1475 720 1475 828 1476 826 1476 952 1476 720 1477 829 1477 832 1477 831 1478 828 1478 952 1478 831 1479 830 1479 828 1479 829 1480 645 1480 832 1480 834 1481 951 1481 832 1481 833 1482 666 1482 830 1482 831 1483 952 1483 835 1483 952 1484 834 1484 835 1484 831 1485 835 1485 833 1485 835 1486 836 1486 722 1486 835 1487 834 1487 836 1487 834 1488 721 1488 724 1488 836 1489 834 1489 724 1489 722 1490 836 1490 837 1490 646 1491 723 1491 724 1491 838 1492 837 1492 836 1492 840 1493 838 1493 839 1493 667 1494 840 1494 847 1494 847 1495 840 1495 839 1495 953 1496 725 1496 841 1496 841 1497 954 1497 953 1497 957 1498 847 1498 955 1498 841 1499 842 1499 954 1499 841 1500 725 1500 844 1500 841 1501 844 1501 842 1501 955 1502 956 1502 957 1502 958 1503 957 1503 956 1503 844 1504 843 1504 848 1504 845 1505 849 1505 846 1505 956 1506 842 1506 854 1506 958 1507 956 1507 850 1507 851 1508 848 1508 843 1508 956 1509 854 1509 850 1509 850 1510 852 1510 958 1510 855 1511 849 1511 852 1511 855 1512 846 1512 849 1512 853 1513 857 1513 854 1513 850 1514 856 1514 852 1514 851 1515 726 1515 858 1515 851 1516 858 1516 853 1516 857 1517 850 1517 854 1517 856 1518 855 1518 852 1518 853 1519 858 1519 857 1519 859 1520 856 1520 850 1520 857 1521 859 1521 850 1521 862 1522 858 1522 861 1522 865 1523 857 1523 862 1523 865 1524 859 1524 857 1524 863 1525 855 1525 860 1525 868 1526 860 1526 859 1526 865 1527 868 1527 859 1527 868 1528 863 1528 860 1528 728 1529 867 1529 864 1529 728 1530 864 1530 861 1530 866 1531 869 1531 863 1531 871 1532 670 1532 867 1532 871 1533 872 1533 670 1533 730 1534 959 1534 729 1534 875 1535 876 1535 960 1535 729 1536 731 1536 671 1536 730 1537 961 1537 959 1537 875 1538 961 1538 730 1538 877 1539 959 1539 961 1539 877 1540 731 1540 959 1540 877 1541 961 1541 878 1541 880 1542 960 1542 874 1542 880 1543 881 1543 962 1543 963 1544 878 1544 879 1544 963 1545 877 1545 878 1545 964 1546 877 1546 963 1546 883 1547 963 1547 962 1547 672 1548 674 1548 732 1548 881 1549 884 1549 962 1549 964 1550 883 1550 887 1550 882 1551 964 1551 887 1551 884 1552 887 1552 883 1552 882 1553 887 1553 885 1553 885 1554 672 1554 882 1554 884 1555 888 1555 887 1555 884 1556 886 1556 888 1556 890 1557 889 1557 733 1557 886 1558 890 1558 965 1558 965 1559 893 1559 886 1559 893 1560 892 1560 885 1560 895 1561 893 1561 965 1561 673 1562 672 1562 892 1562 967 1563 895 1563 966 1563 967 1564 734 1564 895 1564 897 1565 891 1565 735 1565 967 1566 673 1566 734 1566 969 1567 967 1567 896 1567 736 1568 971 1568 897 1568 969 1569 970 1569 673 1569 970 1570 896 1570 971 1570 970 1571 969 1571 896 1571 898 1572 970 1572 971 1572 737 1573 738 1573 736 1573 899 1574 673 1574 970 1574 899 1575 972 1575 742 1575 740 1576 972 1576 898 1576 740 1577 898 1577 739 1577 737 1578 900 1578 902 1578 740 1579 739 1579 973 1579 741 1580 742 1580 972 1580 902 1581 974 1581 973 1581 975 1582 973 1582 974 1582 743 1583 903 1583 900 1583 741 1584 904 1584 744 1584 975 1585 974 1585 905 1585 905 1586 906 1586 976 1586 976 1587 907 1587 975 1587 976 1588 975 1588 905 1588 675 1589 906 1589 743 1589 907 1590 976 1590 678 1590 676 1591 909 1591 679 1591 679 1592 911 1592 910 1592 746 1593 910 1593 911 1593 680 1594 750 1594 751 1594 911 1595 913 1595 746 1595 753 1596 750 1596 746 1596 753 1597 746 1597 913 1597 913 1598 914 1598 753 1598 753 1599 914 1599 754 1599 912 1600 648 1600 752 1600 756 1601 752 1601 647 1601 916 1602 760 1602 755 1602 681 1603 684 1603 758 1603 915 1604 755 1604 757 1604 684 1605 918 1605 758 1605 761 1606 916 1606 917 1606 764 1607 917 1607 918 1607 686 1608 917 1608 764 1608 761 1609 917 1609 686 1609 763 1610 683 1610 685 1610 765 1611 919 1611 920 1611 765 1612 921 1612 767 1612 920 1613 921 1613 765 1613 920 1614 769 1614 921 1614 923 1615 688 1615 770 1615 924 1616 922 1616 921 1616 924 1617 921 1617 769 1617 922 1618 766 1618 921 1618 925 1619 652 1619 651 1619 925 1620 773 1620 652 1620 772 1621 651 1621 690 1621 771 1622 692 1622 691 1622 774 1623 775 1623 777 1623 774 1624 773 1624 775 1624 776 1625 775 1625 925 1625 691 1626 778 1626 779 1626 780 1627 781 1627 772 1627 777 1628 783 1628 778 1628 694 1629 927 1629 693 1629 694 1630 784 1630 695 1630 694 1631 695 1631 927 1631 791 1632 658 1632 928 1632 791 1633 928 1633 696 1633 794 1634 933 1634 662 1634 934 1635 792 1635 795 1635 798 1636 933 1636 935 1636 797 1637 800 1637 801 1637 804 1638 936 1638 801 1638 804 1639 803 1639 939 1639 938 1640 804 1640 939 1640 936 1641 938 1641 940 1641 699 1642 698 1642 802 1642 938 1643 939 1643 942 1643 701 1644 699 1644 940 1644 704 1645 941 1645 702 1645 809 1646 700 1646 701 1646 805 1647 945 1647 977 1647 805 1648 703 1648 945 1648 977 1649 810 1649 978 1649 810 1650 809 1650 978 1650 823 1651 822 1651 947 1651 947 1652 822 1652 824 1652 947 1653 824 1653 948 1653 827 1654 719 1654 949 1654 951 1655 720 1655 832 1655 724 1656 838 1656 836 1656 838 1657 840 1657 837 1657 838 1658 724 1658 839 1658 839 1659 955 1659 847 1659 839 1660 953 1660 954 1660 955 1661 839 1661 954 1661 842 1662 955 1662 954 1662 845 1663 847 1663 957 1663 955 1664 842 1664 956 1664 957 1665 849 1665 845 1665 957 1666 958 1666 849 1666 848 1667 851 1667 853 1667 848 1668 853 1668 854 1668 858 1669 862 1669 857 1669 876 1670 875 1670 873 1670 876 1671 873 1671 870 1671 729 1672 959 1672 731 1672 876 1673 874 1673 960 1673 878 1674 875 1674 960 1674 878 1675 961 1675 875 1675 879 1676 960 1676 880 1676 963 1677 879 1677 880 1677 880 1678 962 1678 963 1678 964 1679 732 1679 877 1679 964 1680 963 1680 883 1680 882 1681 672 1681 732 1681 962 1682 884 1682 883 1682 894 1683 895 1683 965 1683 892 1684 734 1684 673 1684 966 1685 894 1685 891 1685 891 1686 968 1686 966 1686 897 1687 968 1687 891 1687 896 1688 966 1688 968 1688 971 1689 968 1689 897 1689 971 1690 896 1690 968 1690 970 1691 898 1691 972 1691 902 1692 738 1692 737 1692 902 1693 900 1693 903 1693 902 1694 903 1694 974 1694 904 1695 741 1695 901 1695 975 1696 901 1696 973 1696 908 1697 976 1697 906 1697 908 1698 906 1698 675 1698 778 1699 774 1699 777 1699 940 1700 802 1700 936 1700 940 1701 699 1701 802 1701 944 1702 940 1702 942 1702 944 1703 942 1703 943 1703 944 1704 701 1704 940 1704 805 1705 977 1705 806 1705 978 1706 806 1706 977 1706 813 1707 812 1707 810 1707 813 1708 810 1708 946 1708 817 1709 820 1709 821 1709 949 1710 950 1710 827 1710 950 1711 830 1711 827 1711 828 1712 950 1712 949 1712 828 1713 830 1713 950 1713 952 1714 951 1714 834 1714 867 1715 865 1715 864 1715 875 1716 730 1716 873 1716 964 1717 882 1717 732 1717 734 1718 892 1718 893 1718 734 1719 893 1719 895 1719 966 1720 895 1720 894 1720 896 1721 967 1721 966 1721 970 1722 972 1722 899 1722 886 1723 893 1723 888 1723 739 1724 898 1724 971 1724 739 1725 971 1725 736 1725 979 1726 641 1726 636 1726 980 1727 642 1727 641 1727 1043 1728 979 1728 315 1728 981 1729 1156 1729 982 1729 985 1730 983 1730 984 1730 992 1731 993 1731 994 1731 551 1732 548 1732 504 1732 1005 1733 641 1733 979 1733 982 1734 1007 1734 318 1734 1008 1735 1009 1735 1010 1735 1013 1736 1012 1736 1059 1736 1281 1737 1066 1737 1282 1737 1281 1738 1282 1738 1016 1738 1017 1739 1018 1739 1019 1739 1017 1740 1019 1740 1020 1740 1017 1741 1021 1741 1018 1741 1022 1742 396 1742 401 1742 1022 1743 1023 1743 396 1743 1027 1744 410 1744 409 1744 1103 1745 1032 1745 1033 1745 1109 1746 1033 1746 1108 1746 1114 1747 994 1747 993 1747 1035 1748 1112 1748 400 1748 397 1749 1036 1749 398 1749 1038 1750 997 1750 1119 1750 1038 1751 1119 1751 1231 1751 1005 1752 980 1752 641 1752 980 1753 1005 1753 1043 1753 1043 1754 1005 1754 979 1754 1044 1755 1042 1755 1043 1755 1044 1756 1150 1756 1042 1756 315 1757 1045 1757 1043 1757 1044 1758 1046 1758 1150 1758 1240 1759 1046 1759 1044 1759 1048 1760 1046 1760 1240 1760 317 1761 1242 1761 315 1761 1050 1762 1049 1762 1051 1762 1050 1763 717 1763 1049 1763 1010 1764 1156 1764 981 1764 1008 1765 1010 1765 981 1765 1011 1766 1052 1766 1053 1766 1011 1767 1006 1767 1052 1767 1056 1768 1011 1768 1055 1768 1057 1769 1056 1769 1160 1769 1012 1770 1266 1770 1059 1770 1060 1771 1061 1771 1059 1771 1060 1772 1181 1772 1061 1772 1183 1773 1062 1773 1063 1773 396 1774 1064 1774 1065 1774 1204 1775 1073 1775 1024 1775 1078 1776 988 1776 987 1776 987 1777 988 1777 1028 1777 409 1778 1086 1778 1027 1778 1082 1779 1027 1779 1086 1779 1085 1780 1084 1780 1083 1780 409 1781 1087 1781 1086 1781 1087 1782 1082 1782 1086 1782 1089 1783 1088 1783 1085 1783 1029 1784 1091 1784 1087 1784 1093 1785 1087 1785 1091 1785 1091 1786 1029 1786 408 1786 1220 1787 1092 1787 989 1787 1031 1788 1220 1788 989 1788 1095 1789 408 1789 407 1789 1095 1790 1096 1790 1294 1790 1095 1791 1294 1791 408 1791 989 1792 1030 1792 1097 1792 1031 1793 989 1793 1097 1793 1098 1794 1031 1794 1097 1794 990 1795 1095 1795 407 1795 1101 1796 1222 1796 1097 1796 991 1797 990 1797 405 1797 1108 1798 1033 1798 1032 1798 404 1799 1105 1799 405 1799 1228 1800 1229 1800 1108 1800 1109 1801 1108 1801 1229 1801 403 1802 1112 1802 1105 1802 1110 1803 1107 1803 1105 1803 1110 1804 1105 1804 1112 1804 400 1805 1112 1805 403 1805 1115 1806 1230 1806 1110 1806 992 1807 1113 1807 993 1807 1115 1808 1112 1808 1035 1808 995 1809 992 1809 994 1809 1116 1810 995 1810 1117 1810 996 1811 1116 1811 997 1811 1037 1812 1036 1812 397 1812 1120 1813 996 1813 1121 1813 1122 1814 1037 1814 397 1814 1002 1815 1120 1815 1125 1815 1122 1816 397 1816 395 1816 1127 1817 1000 1817 1126 1817 1129 1818 1128 1818 1235 1818 1129 1819 1234 1819 1128 1819 1130 1820 1001 1820 1126 1820 1133 1821 1129 1821 1235 1821 1131 1822 1130 1822 1132 1822 1135 1823 456 1823 476 1823 1136 1824 1131 1824 1296 1824 476 1825 1137 1825 1135 1825 1137 1826 476 1826 1138 1826 1003 1827 1136 1827 1140 1827 1141 1828 1139 1828 1238 1828 1141 1829 1238 1829 1138 1829 476 1830 559 1830 1039 1830 1004 1831 1003 1831 1140 1831 1004 1832 1140 1832 1139 1832 1141 1833 1039 1833 1142 1833 1141 1834 1142 1834 1143 1834 1143 1835 1004 1835 1139 1835 1143 1836 1139 1836 1141 1836 1144 1837 1003 1837 1004 1837 1144 1838 1145 1838 1003 1838 1239 1839 1146 1839 1147 1839 1147 1840 1148 1840 1239 1840 597 1841 1147 1841 1146 1841 596 1842 597 1842 595 1842 596 1843 1148 1843 1147 1843 596 1844 1147 1844 597 1844 1041 1845 1145 1845 1149 1845 1040 1846 1041 1846 1149 1846 596 1847 594 1847 1148 1847 594 1848 1149 1848 1148 1848 1040 1849 1149 1849 594 1849 551 1850 1041 1850 1040 1850 980 1851 1043 1851 1042 1851 1042 1852 642 1852 980 1852 1150 1853 642 1853 1042 1853 1150 1854 665 1854 642 1854 1043 1855 1045 1855 1044 1855 1046 1856 665 1856 1150 1856 1044 1857 1045 1857 1047 1857 1240 1858 1044 1858 1047 1858 1046 1859 714 1859 665 1859 315 1860 1047 1860 1045 1860 315 1861 1242 1861 1047 1861 1046 1862 1048 1862 714 1862 1152 1863 1047 1863 1242 1863 1152 1864 1240 1864 1047 1864 1049 1865 717 1865 714 1865 1240 1866 1151 1866 1241 1866 1051 1867 1049 1867 1241 1867 1153 1868 1051 1868 1241 1868 1153 1869 1154 1869 1051 1869 1243 1870 1154 1870 1153 1870 1154 1871 1050 1871 1051 1871 1244 1872 317 1872 1247 1872 1050 1873 1006 1873 717 1873 1251 1874 1010 1874 1155 1874 1155 1875 1009 1875 1052 1875 1156 1876 1007 1876 982 1876 1009 1877 1155 1877 1010 1877 1053 1878 1052 1878 1009 1878 1054 1879 1008 1879 981 1879 1011 1880 1053 1880 1055 1880 1009 1881 1055 1881 1053 1881 1158 1882 982 1882 385 1882 1055 1883 1009 1883 1157 1883 1298 1884 1159 1884 981 1884 1252 1885 1056 1885 1055 1885 1252 1886 1055 1886 1157 1886 1160 1887 1056 1887 1252 1887 385 1888 1161 1888 1158 1888 1011 1889 1056 1889 1057 1889 1164 1890 1159 1890 1298 1890 1165 1891 1160 1891 1162 1891 1166 1892 1057 1892 1160 1892 1166 1893 1160 1893 1165 1893 1167 1894 385 1894 393 1894 1167 1895 1168 1895 385 1895 393 1896 1171 1896 1167 1896 1173 1897 1057 1897 1170 1897 1173 1898 1012 1898 1057 1898 1174 1899 393 1899 1178 1899 1012 1900 1173 1900 1175 1900 1059 1901 1061 1901 1013 1901 1060 1902 1059 1902 1179 1902 1181 1903 1060 1903 1179 1903 1063 1904 1178 1904 392 1904 392 1905 1183 1905 1063 1905 1182 1906 1269 1906 1062 1906 1184 1907 1018 1907 1013 1907 1184 1908 1013 1908 1185 1908 1018 1909 1184 1909 1187 1909 1188 1910 1183 1910 1186 1910 1189 1911 1183 1911 392 1911 1189 1912 396 1912 1065 1912 1189 1913 392 1913 396 1913 1018 1914 1187 1914 1019 1914 1067 1915 1020 1915 1278 1915 1014 1916 396 1916 1191 1916 1016 1917 1020 1917 1067 1917 1016 1918 1017 1918 1020 1918 1191 1919 396 1919 1023 1919 1192 1920 1017 1920 1016 1920 1283 1921 1068 1921 1193 1921 1193 1922 1017 1922 1192 1922 1070 1923 1017 1923 1193 1923 1290 1924 1285 1924 1288 1924 1195 1925 1196 1925 1021 1925 1197 1926 1290 1926 1071 1926 402 1927 1071 1927 401 1927 1200 1928 1196 1928 1195 1928 1201 1929 1197 1929 1199 1929 1291 1930 1203 1930 1202 1930 1292 1931 1199 1931 402 1931 983 1932 1292 1932 406 1932 983 1933 1072 1933 1292 1933 1201 1934 1292 1934 1072 1934 1205 1935 1204 1935 1203 1935 1204 1936 1205 1936 1073 1936 1024 1937 1196 1937 1204 1937 1206 1938 1072 1938 1208 1938 1207 1939 1206 1939 1208 1939 1207 1940 1205 1940 1206 1940 1025 1941 1205 1941 1207 1941 1073 1942 986 1942 1024 1942 1293 1943 1073 1943 1025 1943 1207 1944 1208 1944 1209 1944 1211 1945 1213 1945 1293 1945 1213 1946 1210 1946 1293 1946 1213 1947 1074 1947 1210 1947 1212 1948 1207 1948 1209 1948 1076 1949 1212 1949 1209 1949 1078 1950 1213 1950 1077 1950 1077 1951 1211 1951 1026 1951 1081 1952 1026 1952 1211 1952 1081 1953 1211 1953 1212 1953 1081 1954 1212 1954 1079 1954 410 1955 1080 1955 1079 1955 1026 1956 1078 1956 1077 1956 1079 1957 1080 1957 1081 1957 987 1958 1214 1958 1078 1958 1081 1959 1083 1959 1026 1959 410 1960 1027 1960 1080 1960 1026 1961 988 1961 1078 1961 1081 1962 1080 1962 1215 1962 1083 1963 988 1963 1026 1963 1215 1964 1027 1964 1082 1964 1083 1965 1084 1965 988 1965 1028 1966 988 1966 1084 1966 1217 1967 1083 1967 1081 1967 1217 1968 1081 1968 1215 1968 1088 1969 1084 1969 1085 1969 1218 1970 1082 1970 1087 1970 1092 1971 1088 1971 1089 1971 1088 1972 1092 1972 1220 1972 1219 1973 1093 1973 1094 1973 1219 1974 1030 1974 989 1974 1094 1975 1030 1975 1219 1975 1294 1976 1096 1976 1094 1976 1221 1977 1030 1977 1094 1977 1221 1978 1094 1978 1096 1978 1221 1979 1097 1979 1030 1979 1099 1980 1096 1980 1095 1980 1099 1981 1221 1981 1096 1981 1099 1982 1095 1982 990 1982 1098 1983 1097 1983 1222 1983 1222 1984 1100 1984 1098 1984 1100 1985 1031 1985 1098 1985 1223 1986 1224 1986 1221 1986 1101 1987 1221 1987 1224 1987 1099 1988 990 1988 991 1988 1101 1989 1102 1989 1222 1989 1101 1990 1224 1990 1102 1990 1225 1991 1223 1991 991 1991 1224 1992 1226 1992 1102 1992 1225 1993 1226 1993 1224 1993 1102 1994 1226 1994 1032 1994 1103 1995 1102 1995 1032 1995 1104 1996 1226 1996 1225 1996 1104 1997 1225 1997 991 1997 991 1998 405 1998 1105 1998 1106 1999 1108 1999 1032 1999 1228 2000 1106 2000 1227 2000 1111 2001 1228 2001 1227 2001 1229 2002 1228 2002 1111 2002 1230 2003 1111 2003 1227 2003 1230 2004 1227 2004 1107 2004 1230 2005 1107 2005 1110 2005 1112 2006 1115 2006 1110 2006 1111 2007 1230 2007 1114 2007 993 2008 1229 2008 1111 2008 993 2009 1113 2009 1229 2009 993 2010 1111 2010 1114 2010 1230 2011 1115 2011 1034 2011 1230 2012 1034 2012 1114 2012 1035 2013 400 2013 398 2013 1117 2014 1114 2014 1034 2014 1036 2015 1035 2015 398 2015 1118 2016 1035 2016 1036 2016 1118 2017 1115 2017 1035 2017 1034 2018 1115 2018 1118 2018 1117 2019 995 2019 994 2019 1034 2020 1231 2020 1117 2020 1118 2021 1231 2021 1034 2021 1119 2022 1117 2022 1231 2022 997 2023 1116 2023 1117 2023 1118 2024 1037 2024 1231 2024 1118 2025 1036 2025 1037 2025 1231 2026 1037 2026 1232 2026 997 2027 1038 2027 1121 2027 997 2028 1121 2028 996 2028 1038 2029 1231 2029 1232 2029 1037 2030 1123 2030 1232 2030 1122 2031 1123 2031 1037 2031 1232 2032 1123 2032 1124 2032 1232 2033 1124 2033 1038 2033 1125 2034 1120 2034 1121 2034 1038 2035 1124 2035 1125 2035 1124 2036 1000 2036 1125 2036 998 2037 1124 2037 1123 2037 998 2038 1123 2038 1122 2038 999 2039 1122 2039 395 2039 999 2040 998 2040 1122 2040 1127 2041 1002 2041 1125 2041 1124 2042 998 2042 1000 2042 1127 2043 1001 2043 1002 2043 1233 2044 999 2044 394 2044 1128 2045 998 2045 1233 2045 1126 2046 1001 2046 1127 2046 1128 2047 1233 2047 1235 2047 1126 2048 1128 2048 1234 2048 1233 2049 456 2049 1235 2049 1233 2050 394 2050 456 2050 1132 2051 1126 2051 1234 2051 1132 2052 1130 2052 1126 2052 1234 2053 1133 2053 1132 2053 1129 2054 1133 2054 1234 2054 1134 2055 1132 2055 1133 2055 1134 2056 1131 2056 1132 2056 1295 2057 1133 2057 1235 2057 1295 2058 1235 2058 456 2058 1135 2059 1295 2059 456 2059 1135 2060 1137 2060 1236 2060 1237 2061 1134 2061 1133 2061 1134 2062 1296 2062 1131 2062 1134 2063 1237 2063 1296 2063 1140 2064 1136 2064 1296 2064 1236 2065 1138 2065 1238 2065 1137 2066 1138 2066 1236 2066 1238 2067 1139 2067 1140 2067 1141 2068 1138 2068 1039 2068 1143 2069 1142 2069 1239 2069 1144 2070 1004 2070 1143 2070 1146 2071 559 2071 597 2071 1144 2072 1297 2072 1145 2072 1148 2073 1297 2073 1239 2073 1240 2074 1241 2074 1048 2074 1241 2075 1049 2075 714 2075 1152 2076 1151 2076 1240 2076 1153 2077 1241 2077 1151 2077 1151 2078 1243 2078 1153 2078 1152 2079 1243 2079 1151 2079 1242 2080 1244 2080 1152 2080 317 2081 1244 2081 1242 2081 1243 2082 1244 2082 1245 2082 1154 2083 1243 2083 1245 2083 1245 2084 1244 2084 1246 2084 318 2085 1247 2085 317 2085 1247 2086 1246 2086 1244 2086 1245 2087 1249 2087 1154 2087 1248 2088 1245 2088 1246 2088 1248 2089 1249 2089 1245 2089 1007 2090 1247 2090 318 2090 1250 2091 1006 2091 1050 2091 1156 2092 1251 2092 1007 2092 1156 2093 1010 2093 1251 2093 1008 2094 1054 2094 1157 2094 1158 2095 981 2095 982 2095 1159 2096 1054 2096 981 2096 1054 2097 1159 2097 1252 2097 1252 2098 1157 2098 1054 2098 1159 2099 1160 2099 1252 2099 1159 2100 1162 2100 1160 2100 1163 2101 1161 2101 385 2101 1165 2102 1162 2102 1159 2102 1168 2103 1163 2103 385 2103 1164 2104 1163 2104 1168 2104 1299 2105 1254 2105 1168 2105 1256 2106 1168 2106 1167 2106 1057 2107 1166 2107 1170 2107 1255 2108 1170 2108 1166 2108 1169 2109 1170 2109 1255 2109 1172 2110 1254 2110 1299 2110 1172 2111 1169 2111 1254 2111 1259 2112 1169 2112 1172 2112 1172 2113 1299 2113 1171 2113 1257 2114 1170 2114 1169 2114 1259 2115 1257 2115 1169 2115 1259 2116 1171 2116 1258 2116 1258 2117 1171 2117 1261 2117 393 2118 1261 2118 1171 2118 1260 2119 1175 2119 1173 2119 1261 2120 1263 2120 1258 2120 1257 2121 1262 2121 1175 2121 1264 2122 393 2122 1174 2122 1264 2123 1261 2123 393 2123 1174 2124 1176 2124 1264 2124 1266 2125 1175 2125 1265 2125 1266 2126 1012 2126 1175 2126 1174 2127 1178 2127 1180 2127 1177 2128 1176 2128 1058 2128 1059 2129 1266 2129 1265 2129 1059 2130 1265 2130 1177 2130 1176 2131 1180 2131 1058 2131 1177 2132 1058 2132 1179 2132 1063 2133 1180 2133 1178 2133 1267 2134 1179 2134 1058 2134 1267 2135 1058 2135 1300 2135 1181 2136 1179 2136 1267 2136 1062 2137 1300 2137 1063 2137 1185 2138 1061 2138 1181 2138 1267 2139 1269 2139 1268 2139 1062 2140 1269 2140 1267 2140 1062 2141 1267 2141 1300 2141 1183 2142 1182 2142 1062 2142 1271 2143 1269 2143 1182 2143 1270 2144 1268 2144 1271 2144 1182 2145 1183 2145 1188 2145 1188 2146 1271 2146 1182 2146 1270 2147 1271 2147 1272 2147 1186 2148 1183 2148 1189 2148 1270 2149 1272 2149 1190 2149 1270 2150 1019 2150 1187 2150 1270 2151 1190 2151 1019 2151 1186 2152 1065 2152 1301 2152 1186 2153 1189 2153 1065 2153 1302 2154 1190 2154 1273 2154 1065 2155 1275 2155 1301 2155 1302 2156 1275 2156 1276 2156 1275 2157 1065 2157 1277 2157 1276 2158 1275 2158 1277 2158 1065 2159 1064 2159 1277 2159 1276 2160 1277 2160 1278 2160 1278 2161 1277 2161 1064 2161 1278 2162 1064 2162 1279 2162 1278 2163 1020 2163 1276 2163 1064 2164 396 2164 1014 2164 1279 2165 1064 2165 1280 2165 1280 2166 1064 2166 1014 2166 1067 2167 1278 2167 1279 2167 1280 2168 1014 2168 1015 2168 1066 2169 1280 2169 1015 2169 1282 2170 1066 2170 1191 2170 1016 2171 1282 2171 1283 2171 1191 2172 1284 2172 1282 2172 1283 2173 1282 2173 1284 2173 1192 2174 1016 2174 1283 2174 1192 2175 1283 2175 1193 2175 1284 2176 1069 2176 1068 2176 1023 2177 1284 2177 1191 2177 1193 2178 1068 2178 1286 2178 1069 2179 1023 2179 1285 2179 1286 2180 1068 2180 1287 2180 1287 2181 1069 2181 1285 2181 1286 2182 1070 2182 1193 2182 1021 2183 1017 2183 1070 2183 1070 2184 1286 2184 1287 2184 1194 2185 1287 2185 1285 2185 401 2186 1290 2186 1288 2186 1195 2187 1021 2187 1070 2187 1289 2188 1285 2188 1290 2188 1289 2189 1194 2189 1285 2189 1290 2190 401 2190 1071 2190 1198 2191 1200 2191 1194 2191 1198 2192 1194 2192 1289 2192 1197 2193 1289 2193 1290 2193 1197 2194 1291 2194 1289 2194 1198 2195 1289 2195 1291 2195 1071 2196 402 2196 1199 2196 1200 2197 1198 2197 1202 2197 1291 2198 1202 2198 1198 2198 1200 2199 1202 2199 1196 2199 1201 2200 1291 2200 1197 2200 1201 2201 1203 2201 1291 2201 406 2202 1292 2202 402 2202 1199 2203 1292 2203 1201 2203 1204 2204 1196 2204 1202 2204 1205 2205 1203 2205 1201 2205 1205 2206 1201 2206 1206 2206 1206 2207 1201 2207 1072 2207 984 2208 983 2208 406 2208 1208 2209 1072 2209 983 2209 1073 2210 1205 2210 1025 2210 1209 2211 1208 2211 983 2211 1209 2212 983 2212 985 2212 986 2213 1210 2213 1074 2213 1211 2214 1293 2214 1207 2214 985 2215 1076 2215 1209 2215 1207 2216 1212 2216 1211 2216 985 2217 1075 2217 1076 2217 1074 2218 1213 2218 1214 2218 1077 2219 1213 2219 1211 2219 1214 2220 1213 2220 1078 2220 1076 2221 410 2221 1079 2221 1076 2222 1079 2222 1212 2222 1080 2223 1027 2223 1215 2223 1217 2224 1215 2224 1082 2224 1217 2225 1085 2225 1083 2225 1028 2226 1084 2226 1216 2226 1216 2227 1084 2227 1088 2227 1218 2228 1217 2228 1082 2228 1085 2229 1217 2229 1218 2229 1090 2230 1216 2230 1088 2230 1089 2231 1085 2231 1218 2231 409 2232 1029 2232 1087 2232 1093 2233 1218 2233 1087 2233 1090 2234 1088 2234 1220 2234 1093 2235 1219 2235 1218 2235 1219 2236 1089 2236 1218 2236 1219 2237 1092 2237 1089 2237 1092 2238 1219 2238 989 2238 1093 2239 1091 2239 1094 2239 1294 2240 1091 2240 408 2240 1294 2241 1094 2241 1091 2241 1101 2242 1097 2242 1221 2242 1223 2243 1221 2243 1099 2243 1100 2244 1222 2244 1102 2244 1225 2245 1224 2245 1223 2245 1103 2246 1100 2246 1102 2246 1032 2247 1226 2247 1106 2247 1104 2248 1227 2248 1226 2248 1228 2249 1108 2249 1106 2249 404 2250 403 2250 1105 2250 1109 2251 1229 2251 1113 2251 994 2252 1114 2252 1117 2252 1119 2253 997 2253 1117 2253 1038 2254 1125 2254 1121 2254 1000 2255 1127 2255 1125 2255 999 2256 395 2256 394 2256 999 2257 1233 2257 998 2257 1128 2258 1126 2258 1000 2258 1128 2259 1000 2259 998 2259 1238 2260 1237 2260 1133 2260 1238 2261 1133 2261 1295 2261 1295 2262 1135 2262 1236 2262 1238 2263 1295 2263 1236 2263 1238 2264 1296 2264 1237 2264 1238 2265 1140 2265 1296 2265 1138 2266 476 2266 1039 2266 1143 2267 1297 2267 1144 2267 1297 2268 1148 2268 1149 2268 1297 2269 1149 2269 1145 2269 1241 2270 714 2270 1048 2270 1249 2271 1050 2271 1154 2271 1250 2272 1249 2272 1248 2272 1250 2273 1050 2273 1249 2273 1251 2274 1247 2274 1007 2274 1052 2275 1006 2275 1250 2275 1009 2276 1008 2276 1157 2276 1161 2277 981 2277 1158 2277 1161 2278 1298 2278 981 2278 1163 2279 1164 2279 1298 2279 1163 2280 1298 2280 1161 2280 1159 2281 1253 2281 1165 2281 1159 2282 1164 2282 1253 2282 1168 2283 1254 2283 1164 2283 1253 2284 1254 2284 1165 2284 1253 2285 1164 2285 1254 2285 1169 2286 1255 2286 1165 2286 1256 2287 1299 2287 1168 2287 1166 2288 1165 2288 1255 2288 1254 2289 1169 2289 1165 2289 1256 2290 1171 2290 1299 2290 1256 2291 1167 2291 1171 2291 1260 2292 1173 2292 1170 2292 1260 2293 1170 2293 1257 2293 1259 2294 1172 2294 1171 2294 1260 2295 1257 2295 1175 2295 1262 2296 1259 2296 1263 2296 1262 2297 1257 2297 1259 2297 1259 2298 1258 2298 1263 2298 1265 2299 1262 2299 1263 2299 1175 2300 1262 2300 1265 2300 1264 2301 1263 2301 1261 2301 1176 2302 1263 2302 1264 2302 1177 2303 1265 2303 1263 2303 1176 2304 1174 2304 1180 2304 1059 2305 1177 2305 1179 2305 1058 2306 1180 2306 1300 2306 1063 2307 1300 2307 1180 2307 1013 2308 1061 2308 1185 2308 1184 2309 1185 2309 1268 2309 1184 2310 1270 2310 1187 2310 1184 2311 1268 2311 1270 2311 1188 2312 1272 2312 1271 2312 1273 2313 1272 2313 1188 2313 1188 2314 1186 2314 1274 2314 1302 2315 1274 2315 1275 2315 1302 2316 1019 2316 1190 2316 1276 2317 1019 2317 1302 2317 1276 2318 1020 2318 1019 2318 1279 2319 1280 2319 1281 2319 1279 2320 1281 2320 1067 2320 1281 2321 1280 2321 1066 2321 1067 2322 1281 2322 1016 2322 1191 2323 1015 2323 1014 2323 1191 2324 1066 2324 1015 2324 1023 2325 1069 2325 1284 2325 1069 2326 1287 2326 1068 2326 1288 2327 1023 2327 1022 2327 1288 2328 1285 2328 1023 2328 1287 2329 1194 2329 1070 2329 1022 2330 401 2330 1288 2330 1194 2331 1195 2331 1070 2331 1194 2332 1200 2332 1195 2332 1071 2333 1199 2333 1197 2333 1203 2334 1204 2334 1202 2334 1207 2335 1293 2335 1025 2335 1210 2336 986 2336 1073 2336 1210 2337 1073 2337 1293 2337 1075 2338 410 2338 1076 2338 1223 2339 1099 2339 991 2339 1104 2340 1105 2340 1107 2340 1104 2341 991 2341 1105 2341 1146 2342 1039 2342 559 2342 1146 2343 1142 2343 1039 2343 1146 2344 1239 2344 1142 2344 1239 2345 1297 2345 1143 2345 1152 2346 1244 2346 1243 2346 1246 2347 1247 2347 1155 2347 1155 2348 1248 2348 1246 2348 1155 2349 1247 2349 1251 2349 1248 2350 1052 2350 1250 2350 1155 2351 1052 2351 1248 2351 1176 2352 1177 2352 1263 2352 1268 2353 1185 2353 1181 2353 1268 2354 1181 2354 1267 2354 1269 2355 1271 2355 1268 2355 1188 2356 1274 2356 1273 2356 1273 2357 1190 2357 1272 2357 1186 2358 1301 2358 1274 2358 1274 2359 1301 2359 1275 2359 1106 2360 1226 2360 1227 2360 1104 2361 1107 2361 1227 2361 1273 2362 1274 2362 1302 2362 1284 2363 1068 2363 1283 2363 1303 2364 94 2364 93 2364 1303 2365 1304 2365 94 2365 1305 2366 93 2366 104 2366 1305 2367 1303 2367 93 2367 1305 2368 104 2368 119 2368 1306 2369 1305 2369 119 2369 1307 2370 119 2370 353 2370 1307 2371 1306 2371 119 2371 1308 2372 353 2372 355 2372 1308 2373 1307 2373 353 2373 1309 2374 355 2374 360 2374 1309 2375 1308 2375 355 2375 1310 2376 360 2376 359 2376 1310 2377 1309 2377 360 2377 1310 2378 359 2378 415 2378 1311 2379 1310 2379 415 2379 1311 2380 415 2380 413 2380 1312 2381 1311 2381 413 2381 1313 2382 413 2382 414 2382 1313 2383 1312 2383 413 2383 1313 2384 414 2384 412 2384 1314 2385 1313 2385 412 2385 1314 2386 412 2386 420 2386 1315 2387 1314 2387 420 2387 1315 2388 420 2388 418 2388 1316 2389 1315 2389 418 2389 419 2390 1316 2390 418 2390 1319 2391 1320 2391 1317 2391 1317 2392 1320 2392 1318 2392 45 2393 71 2393 42 2393 48 2394 71 2394 45 2394 48 2395 69 2395 71 2395 42 2396 71 2396 37 2396 71 2397 73 2397 37 2397 53 2398 69 2398 48 2398 37 2399 73 2399 33 2399 56 2400 69 2400 53 2400 56 2401 68 2401 69 2401 73 2402 75 2402 33 2402 33 2403 75 2403 27 2403 61 2404 68 2404 56 2404 61 2405 65 2405 68 2405 64 2406 65 2406 61 2406 27 2407 75 2407 22 2407 75 2408 77 2408 22 2408 64 2409 1321 2409 65 2409 1322 2410 1321 2410 64 2410 22 2411 77 2411 17 2411 77 2412 80 2412 17 2412 1323 2413 1321 2413 1322 2413 17 2414 80 2414 15 2414 1323 2415 1324 2415 1321 2415 15 2416 80 2416 13 2416 80 2417 82 2417 13 2417 1325 2418 1324 2418 1323 2418 1325 2419 1326 2419 1324 2419 13 2420 82 2420 11 2420 82 2421 84 2421 11 2421 1325 2422 1327 2422 1326 2422 84 2423 9 2423 11 2423 1327 2424 1328 2424 1326 2424 1326 2425 1328 2425 1329 2425 84 2426 7 2426 9 2426 1328 2427 1330 2427 1329 2427 86 2428 7 2428 84 2428 86 2429 5 2429 7 2429 1330 2430 1331 2430 1329 2430 86 2431 3 2431 5 2431 1329 2432 1331 2432 1332 2432 88 2433 3 2433 86 2433 1331 2434 1333 2434 1332 2434 88 2435 0 2435 3 2435 1332 2436 1334 2436 1335 2436 1333 2437 1334 2437 1332 2437 88 2438 1336 2438 0 2438 1334 2439 1337 2439 1335 2439 1335 2440 1337 2440 1338 2440 88 2441 1339 2441 1336 2441 1340 2442 1339 2442 88 2442 1337 2443 1341 2443 1338 2443 1340 2444 1342 2444 1339 2444 1341 2445 1343 2445 1338 2445 1338 2446 1343 2446 1319 2446 1340 2447 1318 2447 1342 2447 1317 2448 1318 2448 1340 2448 1343 2449 1320 2449 1319 2449 1344 2450 1345 2450 1372 2450 1346 2451 1371 2451 1345 2451 1346 2452 1345 2452 1344 2452 70 2453 40 2453 72 2453 70 2454 44 2454 40 2454 72 2455 40 2455 35 2455 70 2456 49 2456 44 2456 67 2457 49 2457 70 2457 74 2458 35 2458 32 2458 74 2459 72 2459 35 2459 67 2460 54 2460 49 2460 74 2461 32 2461 28 2461 76 2462 74 2462 28 2462 67 2463 59 2463 54 2463 66 2464 59 2464 67 2464 76 2465 28 2465 25 2465 66 2466 62 2466 59 2466 76 2467 25 2467 20 2467 1347 2468 62 2468 66 2468 78 2469 76 2469 20 2469 1347 2470 1348 2470 62 2470 78 2471 20 2471 18 2471 79 2472 78 2472 18 2472 79 2473 18 2473 16 2473 1347 2474 1349 2474 1348 2474 1350 2475 1349 2475 1347 2475 1350 2476 1351 2476 1349 2476 81 2477 16 2477 14 2477 81 2478 79 2478 16 2478 1350 2479 1352 2479 1351 2479 81 2480 14 2480 12 2480 83 2481 81 2481 12 2481 10 2482 83 2482 12 2482 1353 2483 1352 2483 1350 2483 1353 2484 1350 2484 1354 2484 8 2485 83 2485 10 2485 1355 2486 1353 2486 1354 2486 8 2487 85 2487 83 2487 1355 2488 1354 2488 1356 2488 6 2489 85 2489 8 2489 1357 2490 1355 2490 1356 2490 4 2491 85 2491 6 2491 4 2492 87 2492 85 2492 1358 2493 1357 2493 1356 2493 1358 2494 1356 2494 1359 2494 1360 2495 1358 2495 1359 2495 2 2496 87 2496 4 2496 1 2497 87 2497 2 2497 1360 2498 1359 2498 1361 2498 1362 2499 1360 2499 1361 2499 1 2500 1363 2500 87 2500 1364 2501 1363 2501 1 2501 1365 2502 1362 2502 1361 2502 1365 2503 1361 2503 1366 2503 1367 2504 1363 2504 1364 2504 1368 2505 1365 2505 1366 2505 1369 2506 1345 2506 1363 2506 1369 2507 1363 2507 1367 2507 1370 2508 1368 2508 1366 2508 1370 2509 1366 2509 1371 2509 1372 2510 1345 2510 1369 2510 1346 2511 1370 2511 1371 2511 87 2512 1363 2512 88 2512 88 2513 1363 2513 1340 2513 1363 2514 1345 2514 1340 2514 1340 2515 1345 2515 1317 2515 1317 2516 1345 2516 1319 2516 1345 2517 1371 2517 1319 2517 1319 2518 1371 2518 1338 2518 1371 2519 1366 2519 1338 2519 1366 2520 1361 2520 1338 2520 1338 2521 1361 2521 1335 2521 1335 2522 1361 2522 1332 2522 1361 2523 1359 2523 1332 2523 1359 2524 1356 2524 1332 2524 1332 2525 1356 2525 1329 2525 1356 2526 1354 2526 1329 2526 1329 2527 1354 2527 1326 2527 1354 2528 1350 2528 1326 2528 1326 2529 1350 2529 1324 2529 1324 2530 1347 2530 1321 2530 1350 2531 1347 2531 1324 2531 1321 2532 1347 2532 65 2532 1347 2533 66 2533 65 2533 1373 2534 63 2534 62 2534 1348 2535 1373 2535 62 2535 362 2536 64 2536 363 2536 1322 2537 64 2537 362 2537 1374 2538 1373 2538 1348 2538 1349 2539 1374 2539 1348 2539 1322 2540 362 2540 352 2540 1375 2541 1374 2541 1349 2541 1323 2542 1322 2542 352 2542 1351 2543 1375 2543 1349 2543 351 2544 1323 2544 352 2544 1352 2545 1375 2545 1351 2545 1323 2546 351 2546 130 2546 1376 2547 1375 2547 1352 2547 1325 2548 1323 2548 130 2548 1377 2549 1376 2549 1352 2549 117 2550 1325 2550 130 2550 1377 2551 1352 2551 1353 2551 1378 2552 1377 2552 1353 2552 1327 2553 1325 2553 117 2553 1355 2554 1378 2554 1353 2554 111 2555 1327 2555 117 2555 1379 2556 1378 2556 1355 2556 1328 2557 1327 2557 111 2557 1380 2558 1379 2558 1355 2558 1357 2559 1380 2559 1355 2559 1330 2560 1328 2560 111 2560 1330 2561 111 2561 105 2561 1358 2562 1380 2562 1357 2562 103 2563 1330 2563 105 2563 1381 2564 1380 2564 1358 2564 1331 2565 1330 2565 103 2565 1381 2566 1358 2566 1360 2566 1331 2567 103 2567 99 2567 1382 2568 1381 2568 1360 2568 1333 2569 1331 2569 99 2569 95 2570 1333 2570 99 2570 1382 2571 1360 2571 1362 2571 1334 2572 1333 2572 95 2572 1304 2573 1382 2573 1362 2573 1365 2574 1304 2574 1362 2574 94 2575 1334 2575 95 2575 1337 2576 1334 2576 94 2576 94 2577 1304 2577 1365 2577 1341 2578 94 2578 1365 2578 1341 2579 1337 2579 94 2579 1341 2580 1365 2580 1368 2580 1343 2581 1341 2581 1368 2581 1343 2582 1368 2582 1370 2582 1343 2583 1370 2583 1346 2583 1320 2584 1343 2584 1346 2584 1318 2585 1346 2585 1344 2585 1318 2586 1320 2586 1346 2586 1318 2587 1344 2587 1372 2587 1342 2588 1318 2588 1372 2588 1342 2589 1372 2589 1369 2589 1342 2590 1369 2590 1367 2590 1339 2591 1342 2591 1367 2591 1339 2592 1367 2592 1364 2592 1336 2593 1339 2593 1364 2593 1336 2594 1364 2594 1 2594 0 2595 1336 2595 1 2595 1383 2596 494 2596 515 2596 1384 2597 1383 2597 515 2597 1384 2598 515 2598 561 2598 1385 2599 1384 2599 561 2599 1385 2600 561 2600 508 2600 1386 2601 1385 2601 508 2601 1386 2602 508 2602 481 2602 1387 2603 1386 2603 481 2603 1387 2604 481 2604 479 2604 1387 2605 479 2605 457 2605 1388 2606 1387 2606 457 2606 1388 2607 457 2607 369 2607 1389 2608 1388 2608 369 2608 1389 2609 369 2609 185 2609 19 2610 1389 2610 185 2610 19 2611 185 2611 21 2611 825 2612 717 2612 1006 2612 829 2613 825 2613 1006 2613 829 2614 1006 2614 1011 2614 668 2615 829 2615 1011 2615 725 2616 668 2616 1011 2616 725 2617 1011 2617 1057 2617 843 2618 725 2618 1057 2618 726 2619 843 2619 1057 2619 726 2620 1057 2620 1012 2620 727 2621 726 2621 1012 2621 727 2622 1012 2622 1013 2622 874 2623 727 2623 1013 2623 874 2624 1013 2624 1018 2624 733 2625 874 2625 1018 2625 1021 2626 733 2626 1018 2626 735 2627 733 2627 1021 2627 735 2628 1021 2628 1196 2628 900 2629 735 2629 1196 2629 743 2630 900 2630 1196 2630 743 2631 1196 2631 1024 2631 675 2632 1024 2632 986 2632 675 2633 743 2633 1024 2633 676 2634 986 2634 1074 2634 676 2635 675 2635 986 2635 909 2636 676 2636 1074 2636 909 2637 1074 2637 1214 2637 912 2638 1214 2638 987 2638 912 2639 909 2639 1214 2639 648 2640 987 2640 1028 2640 648 2641 912 2641 987 2641 681 2642 1028 2642 1216 2642 681 2643 648 2643 1028 2643 681 2644 1216 2644 1090 2644 684 2645 681 2645 1090 2645 684 2646 1090 2646 1220 2646 683 2647 684 2647 1220 2647 683 2648 1220 2648 1031 2648 685 2649 683 2649 1031 2649 685 2650 1031 2650 1100 2650 768 2651 685 2651 1100 2651 768 2652 1100 2652 1103 2652 690 2653 768 2653 1103 2653 690 2654 1103 2654 1033 2654 690 2655 1033 2655 1109 2655 772 2656 690 2656 1109 2656 772 2657 1109 2657 1113 2657 780 2658 772 2658 1113 2658 780 2659 1113 2659 992 2659 780 2660 992 2660 995 2660 653 2661 780 2661 995 2661 653 2662 995 2662 1116 2662 657 2663 653 2663 1116 2663 657 2664 1116 2664 996 2664 657 2665 996 2665 1120 2665 789 2666 657 2666 1120 2666 789 2667 1120 2667 1002 2667 660 2668 789 2668 1002 2668 660 2669 1002 2669 1001 2669 795 2670 1001 2670 1130 2670 795 2671 1130 2671 1131 2671 795 2672 660 2672 1001 2672 799 2673 1131 2673 1136 2673 799 2674 795 2674 1131 2674 803 2675 1136 2675 1003 2675 803 2676 799 2676 1136 2676 702 2677 803 2677 1003 2677 703 2678 1003 2678 1145 2678 703 2679 702 2679 1003 2679 807 2680 1145 2680 1041 2680 807 2681 703 2681 1145 2681 707 2682 807 2682 1041 2682 706 2683 707 2683 1041 2683 706 2684 1041 2684 551 2684 637 2685 706 2685 551 2685 637 2686 551 2686 504 2686 638 2687 637 2687 504 2687 639 2688 638 2688 504 2688 1389 2689 19 2689 23 2689 1389 2690 23 2690 26 2690 1389 2691 26 2691 30 2691 1389 2692 30 2692 31 2692 1389 2693 31 2693 36 2693 39 2694 1389 2694 36 2694 43 2695 1389 2695 39 2695 1303 2696 1382 2696 1304 2696 1303 2697 1381 2697 1382 2697 1305 2698 1381 2698 1303 2698 1305 2699 1380 2699 1381 2699 1305 2700 1377 2700 1378 2700 1305 2701 1378 2701 1379 2701 1305 2702 1379 2702 1380 2702 1306 2703 1377 2703 1305 2703 1306 2704 1375 2704 1376 2704 1306 2705 1376 2705 1377 2705 1307 2706 1375 2706 1306 2706 666 2707 667 2707 1390 2707 1391 2708 666 2708 1390 2708 644 2709 666 2709 1391 2709 640 2710 644 2710 1391 2710 1392 2711 1388 2711 1389 2711 1393 2712 1392 2712 1389 2712 1393 2713 43 2713 47 2713 1393 2714 1389 2714 43 2714 1393 2715 47 2715 51 2715 1393 2716 51 2716 55 2716 1393 2717 55 2717 58 2717 1395 2718 1393 2718 58 2718 1395 2719 58 2719 63 2719 1395 2720 1394 2720 1393 2720 1395 2721 63 2721 1373 2721 1395 2722 1373 2722 1374 2722 1395 2723 1374 2723 1375 2723 1396 2724 1394 2724 1395 2724 1397 2725 1307 2725 1308 2725 1397 2726 1396 2726 1395 2726 1397 2727 1395 2727 1375 2727 1397 2728 1375 2728 1307 2728 1397 2729 1308 2729 1309 2729 1398 2730 1397 2730 1309 2730 1398 2731 1396 2731 1397 2731 1398 2732 1309 2732 1310 2732 1401 2733 1399 2733 1400 2733 1404 2734 1447 2734 1403 2734 1405 2735 659 2735 658 2735 1405 2736 655 2736 659 2736 1406 2737 1405 2737 1404 2737 1407 2738 779 2738 655 2738 1407 2739 655 2739 1405 2739 1407 2740 691 2740 779 2740 1407 2741 771 2741 691 2741 1407 2742 688 2742 771 2742 1406 2743 1407 2743 1405 2743 1407 2744 682 2744 762 2744 1407 2745 762 2745 688 2745 1408 2746 682 2746 1407 2746 1408 2747 751 2747 682 2747 1406 2748 1408 2748 1407 2748 1408 2749 680 2749 751 2749 1408 2750 744 2750 680 2750 1409 2751 1410 2751 1406 2751 1408 2752 1406 2752 1410 2752 1408 2753 742 2753 744 2753 1410 2754 742 2754 1408 2754 1410 2755 673 2755 742 2755 1411 2756 1410 2756 1409 2756 1412 2757 1410 2757 1411 2757 1410 2758 674 2758 673 2758 1414 2759 1412 2759 1411 2759 1415 2760 1413 2760 1416 2760 1415 2761 1411 2761 1413 2761 1415 2762 1414 2762 1411 2762 1414 2763 855 2763 869 2763 1414 2764 674 2764 1410 2764 1414 2765 869 2765 671 2765 1414 2766 671 2766 674 2766 1414 2767 1410 2767 1412 2767 1417 2768 1414 2768 1415 2768 1418 2769 1416 2769 1419 2769 1418 2770 1415 2770 1416 2770 1418 2771 1417 2771 1415 2771 1418 2772 1419 2772 1390 2772 1417 2773 667 2773 846 2773 1417 2774 846 2774 855 2774 1417 2775 855 2775 1414 2775 1417 2776 1418 2776 1390 2776 1417 2777 1390 2777 667 2777 1420 2778 1388 2778 1392 2778 1422 2779 1421 2779 1420 2779 1423 2780 1422 2780 1420 2780 1423 2781 1420 2781 1392 2781 1423 2782 1392 2782 1393 2782 1394 2783 1423 2783 1393 2783 1425 2784 1394 2784 1396 2784 1426 2785 1425 2785 1399 2785 1426 2786 1424 2786 1425 2786 1427 2787 1398 2787 1310 2787 1427 2788 1310 2788 1311 2788 1428 2789 1311 2789 1312 2789 1428 2790 1427 2790 1311 2790 1428 2791 1313 2791 1314 2791 1428 2792 1312 2792 1313 2792 1429 2793 1399 2793 1401 2793 1430 2794 1396 2794 1398 2794 1430 2795 1425 2795 1396 2795 1430 2796 1399 2796 1425 2796 1430 2797 1398 2797 1427 2797 1430 2798 1427 2798 1428 2798 1431 2799 1430 2799 1428 2799 1431 2800 1428 2800 1314 2800 1431 2801 1314 2801 1315 2801 1432 2802 1430 2802 1431 2802 1433 2803 1431 2803 1315 2803 1433 2804 1315 2804 1316 2804 1434 2805 1432 2805 1431 2805 1434 2806 1431 2806 1433 2806 1433 2807 1316 2807 419 2807 1435 2808 1432 2808 1434 2808 1435 2809 1400 2809 1399 2809 1435 2810 1399 2810 1430 2810 1435 2811 1430 2811 1432 2811 1436 2812 1401 2812 1402 2812 1437 2813 1400 2813 1435 2813 1438 2814 1433 2814 419 2814 1438 2815 1434 2815 1433 2815 1438 2816 1437 2816 1435 2816 1438 2817 1435 2817 1434 2817 1439 2818 1402 2818 1440 2818 1439 2819 1436 2819 1402 2819 1442 2820 1404 2820 1403 2820 1442 2821 1441 2821 1439 2821 1442 2822 1439 2822 1440 2822 1443 2823 1442 2823 1403 2823 1445 2824 419 2824 635 2824 1445 2825 1438 2825 419 2825 1443 2826 1446 2826 1444 2826 1447 2827 1446 2827 1443 2827 1447 2828 1443 2828 1403 2828 1447 2829 1405 2829 658 2829 1447 2830 1404 2830 1405 2830 1447 2831 658 2831 796 2831 1448 2832 1440 2832 1445 2832 1448 2833 1445 2833 635 2833 1448 2834 1404 2834 1442 2834 1448 2835 1442 2835 1440 2835 1449 2836 1404 2836 1448 2836 1449 2837 1406 2837 1404 2837 1449 2838 1409 2838 1406 2838 1450 2839 1449 2839 1448 2839 1450 2840 1448 2840 635 2840 1450 2841 1409 2841 1449 2841 1451 2842 1450 2842 635 2842 1451 2843 635 2843 1452 2843 1451 2844 1409 2844 1450 2844 1451 2845 1452 2845 1413 2845 1451 2846 1413 2846 1411 2846 1451 2847 1411 2847 1409 2847 1421 2848 1388 2848 1420 2848 1454 2849 1421 2849 1422 2849 1456 2850 1455 2850 1454 2850 1456 2851 1457 2851 1455 2851 1458 2852 1422 2852 1423 2852 1459 2853 1401 2853 1400 2853 1459 2854 1437 2854 1438 2854 1459 2855 1400 2855 1437 2855 1460 2856 1439 2856 1441 2856 1460 2857 1461 2857 1439 2857 1462 2858 1459 2858 1438 2858 1462 2859 1438 2859 1445 2859 1462 2860 1401 2860 1459 2860 1463 2861 1445 2861 1440 2861 1463 2862 1402 2862 1401 2862 1463 2863 1440 2863 1402 2863 1463 2864 1462 2864 1445 2864 1463 2865 1401 2865 1462 2865 1464 2866 1441 2866 1442 2866 1465 2867 1443 2867 1444 2867 1465 2868 1442 2868 1443 2868 1465 2869 1464 2869 1442 2869 1465 2870 1466 2870 1464 2870 1467 2871 1469 2871 1468 2871 1467 2872 1444 2872 1446 2872 1469 2873 1467 2873 1446 2873 1469 2874 1471 2874 1470 2874 1472 2875 1469 2875 1446 2875 1472 2876 1471 2876 1469 2876 1473 2877 1472 2877 1446 2877 1473 2878 1446 2878 1447 2878 1473 2879 1447 2879 796 2879 1473 2880 796 2880 698 2880 1473 2881 698 2881 700 2881 1453 2882 1388 2882 1421 2882 1474 2883 1388 2883 1453 2883 1474 2884 1387 2884 1388 2884 1453 2885 1454 2885 1455 2885 1453 2886 1455 2886 1474 2886 1453 2887 1421 2887 1454 2887 1478 2888 1458 2888 1423 2888 1478 2889 1425 2889 1424 2889 1478 2890 1394 2890 1425 2890 1478 2891 1423 2891 1394 2891 1480 2892 1399 2892 1481 2892 1480 2893 1426 2893 1399 2893 1482 2894 1401 2894 1436 2894 1483 2895 494 2895 1484 2895 1483 2896 639 2896 494 2896 1485 2897 1486 2897 1436 2897 1485 2898 1436 2898 1439 2898 1487 2899 638 2899 639 2899 1488 2900 1465 2900 1444 2900 1535 2901 1603 2901 1489 2901 1490 2902 1535 2902 1489 2902 1490 2903 1489 2903 1468 2903 1467 2904 1468 2904 1489 2904 1468 2905 1469 2905 1470 2905 1468 2906 1470 2906 1490 2906 1471 2907 1473 2907 700 2907 1471 2908 1472 2908 1473 2908 1475 2909 1387 2909 1474 2909 1475 2910 1386 2910 1387 2910 1475 2911 1474 2911 1491 2911 1491 2912 1386 2912 1475 2912 1492 2913 1383 2913 1384 2913 1493 2914 1384 2914 1494 2914 1493 2915 1492 2915 1384 2915 1496 2916 1491 2916 1474 2916 1496 2917 1474 2917 1455 2917 1476 2918 1496 2918 1455 2918 1476 2919 1455 2919 1457 2919 1499 2920 1422 2920 1458 2920 1499 2921 1615 2921 1456 2921 1499 2922 1454 2922 1422 2922 1499 2923 1456 2923 1454 2923 1500 2924 1484 2924 494 2924 1501 2925 1499 2925 1458 2925 1502 2926 1477 2926 1503 2926 1504 2927 1502 2927 1503 2927 1505 2928 1458 2928 1506 2928 1507 2929 1458 2929 1478 2929 1507 2930 1506 2930 1458 2930 1508 2931 1478 2931 1424 2931 1509 2932 1508 2932 1424 2932 1510 2933 1512 2933 1479 2933 1510 2934 1511 2934 1512 2934 1513 2935 1426 2935 1480 2935 1513 2936 1514 2936 1510 2936 1513 2937 1510 2937 1479 2937 1513 2938 1479 2938 1426 2938 1513 2939 1480 2939 1481 2939 1515 2940 1481 2940 1399 2940 1515 2941 1399 2941 1429 2941 1516 2942 1401 2942 1482 2942 1516 2943 1429 2943 1401 2943 1517 2944 1484 2944 1518 2944 1517 2945 1483 2945 1484 2945 1519 2946 1436 2946 1520 2946 1519 2947 1482 2947 1436 2947 1521 2948 1486 2948 1485 2948 1522 2949 1523 2949 1461 2949 1522 2950 1461 2950 1460 2950 1524 2951 639 2951 1483 2951 1528 2952 1525 2952 1466 2952 1528 2953 1466 2953 1465 2953 1527 2954 1487 2954 639 2954 1487 2955 637 2955 638 2955 1531 2956 1529 2956 1487 2956 1531 2957 1487 2957 1530 2957 1529 2958 637 2958 1487 2958 1529 2959 663 2959 637 2959 1534 2960 1604 2960 1532 2960 1534 2961 1603 2961 1535 2961 1535 2962 1604 2962 1534 2962 1537 2963 663 2963 1529 2963 1537 2964 1529 2964 1531 2964 1536 2965 1467 2965 1489 2965 1539 2966 663 2966 1537 2966 1540 2967 1490 2967 1470 2967 1540 2968 1538 2968 1490 2968 1542 2969 1540 2969 1470 2969 1542 2970 1541 2970 1540 2970 1542 2971 1470 2971 1471 2971 1542 2972 1544 2972 1541 2972 1542 2973 1471 2973 1544 2973 1545 2974 1543 2974 1544 2974 1546 2975 1544 2975 1471 2975 1546 2976 700 2976 809 2976 1546 2977 1471 2977 700 2977 1547 2978 1385 2978 1386 2978 1547 2979 1386 2979 1491 2979 1494 2980 1547 2980 1548 2980 1494 2981 1385 2981 1547 2981 1494 2982 1384 2982 1385 2982 1549 2983 1547 2983 1491 2983 1549 2984 1548 2984 1547 2984 1494 2985 1495 2985 1493 2985 1549 2986 1494 2986 1548 2986 1497 2987 1494 2987 1549 2987 1497 2988 1495 2988 1494 2988 1491 2989 1496 2989 1476 2989 1491 2990 1476 2990 1549 2990 1549 2991 1476 2991 1498 2991 1549 2992 1498 2992 1497 2992 1550 2993 1495 2993 1497 2993 1550 2994 1497 2994 1498 2994 1552 2995 1551 2995 1616 2995 1501 2996 1615 2996 1499 2996 1505 2997 1501 2997 1458 2997 1505 2998 1554 2998 1501 2998 1555 2999 1504 2999 1503 2999 1555 3000 1506 3000 1504 3000 1555 3001 1505 3001 1506 3001 1556 3002 1484 3002 1500 3002 1508 3003 1559 3003 1478 3003 1509 3004 1559 3004 1508 3004 1561 3005 1509 3005 1424 3005 1479 3006 1424 3006 1426 3006 1479 3007 1561 3007 1424 3007 1562 3008 1556 3008 1558 3008 1562 3009 1484 3009 1556 3009 1562 3010 1558 3010 1563 3010 1566 3011 1635 3011 1511 3011 1566 3012 1511 3012 1510 3012 1567 3013 1510 3013 1514 3013 1567 3014 1566 3014 1510 3014 1568 3015 1518 3015 1484 3015 1569 3016 1514 3016 1513 3016 1570 3017 1569 3017 1513 3017 1570 3018 1513 3018 1481 3018 1571 3019 1570 3019 1481 3019 1572 3020 1518 3020 1573 3020 1574 3021 1515 3021 1429 3021 1575 3022 1429 3022 1516 3022 1576 3023 1517 3023 1518 3023 1576 3024 1518 3024 1572 3024 1576 3025 1572 3025 1577 3025 1578 3026 1517 3026 1576 3026 1579 3027 1516 3027 1482 3027 1580 3028 1581 3028 1517 3028 1582 3029 1482 3029 1519 3029 1584 3030 1483 3030 1517 3030 1584 3031 1517 3031 1581 3031 1585 3032 1520 3032 1436 3032 1585 3033 1436 3033 1486 3033 1521 3034 1779 3034 1486 3034 1662 3035 1788 3035 1586 3035 1666 3036 1788 3036 1662 3036 1461 3037 1485 3037 1439 3037 1461 3038 1587 3038 1485 3038 1672 3039 1523 3039 1522 3039 1588 3040 1524 3040 1483 3040 1590 3041 1589 3041 1674 3041 1525 3042 1590 3042 1591 3042 1593 3043 639 3043 1524 3043 1593 3044 1527 3044 639 3044 1599 3045 1595 3045 1594 3045 1600 3046 1525 3046 1528 3046 1600 3047 1526 3047 1525 3047 1601 3048 1596 3048 1598 3048 1601 3049 1487 3049 1527 3049 1530 3050 1487 3050 1601 3050 1687 3051 1602 3051 1688 3051 1602 3052 1534 3052 1532 3052 1533 3053 1531 3053 1530 3053 1604 3054 1533 3054 1532 3054 1604 3055 1531 3055 1533 3055 1604 3056 1537 3056 1531 3056 1536 3057 1603 3057 1488 3057 1536 3058 1444 3058 1467 3058 1536 3059 1488 3059 1444 3059 1605 3060 1537 3060 1604 3060 1606 3061 1605 3061 1538 3061 1605 3062 1539 3062 1537 3062 1607 3063 1539 3063 1605 3063 1607 3064 1605 3064 1606 3064 1539 3065 710 3065 663 3065 1606 3066 1538 3066 1540 3066 1607 3067 1608 3067 1539 3067 1607 3068 1606 3068 1540 3068 1608 3069 710 3069 1539 3069 1607 3070 1609 3070 1608 3070 1607 3071 1540 3071 1541 3071 1610 3072 1607 3072 1541 3072 1610 3073 1609 3073 1607 3073 1609 3074 710 3074 1608 3074 1609 3075 709 3075 710 3075 1609 3076 946 3076 709 3076 1609 3077 1610 3077 1543 3077 1541 3078 1544 3078 1543 3078 1541 3079 1543 3079 1610 3079 1543 3080 946 3080 1609 3080 1543 3081 813 3081 946 3081 1545 3082 813 3082 1543 3082 1545 3083 1544 3083 1546 3083 1545 3084 812 3084 813 3084 1545 3085 1546 3085 809 3085 1545 3086 809 3086 812 3086 1611 3087 1383 3087 1492 3087 1611 3088 494 3088 1383 3088 1614 3089 1493 3089 1495 3089 1612 3090 1611 3090 1552 3090 1612 3091 1500 3091 494 3091 1612 3092 1613 3092 1500 3092 1612 3093 494 3093 1611 3093 1614 3094 1617 3094 1616 3094 1614 3095 1616 3095 1551 3095 1691 3096 1618 3096 1550 3096 1617 3097 1553 3097 1616 3097 1617 3098 1477 3098 1553 3098 1615 3099 1501 3099 1554 3099 1554 3100 1691 3100 1615 3100 1477 3101 1618 3101 1503 3101 1477 3102 1502 3102 1553 3102 1503 3103 1554 3103 1505 3103 1503 3104 1505 3104 1555 3104 1500 3105 1613 3105 1619 3105 1619 3106 1556 3106 1500 3106 1556 3107 1619 3107 1696 3107 1620 3108 1506 3108 1507 3108 1556 3109 1557 3109 1558 3109 1507 3110 1621 3110 1622 3110 1507 3111 1622 3111 1620 3111 1507 3112 1559 3112 1621 3112 1507 3113 1478 3113 1559 3113 1558 3114 1557 3114 1702 3114 1624 3115 1702 3115 1625 3115 1623 3116 1559 3116 1509 3116 1629 3117 1558 3117 1627 3117 1629 3118 1563 3118 1558 3118 1561 3119 1560 3119 1509 3119 1630 3120 1563 3120 1629 3120 1512 3121 1561 3121 1479 3121 1631 3122 1512 3122 1511 3122 1484 3123 1562 3123 1716 3123 1484 3124 1716 3124 1633 3124 1634 3125 1565 3125 1718 3125 1636 3126 1567 3126 1637 3126 1567 3127 1635 3127 1566 3127 1633 3128 1568 3128 1484 3128 1721 3129 1813 3129 1720 3129 1721 3130 1636 3130 1637 3130 1637 3131 1567 3131 1514 3131 1637 3132 1514 3132 1569 3132 1638 3133 1637 3133 1569 3133 1639 3134 1570 3134 1571 3134 1641 3135 1572 3135 1573 3135 1642 3136 1643 3136 1515 3136 1644 3137 1515 3137 1574 3137 1644 3138 1645 3138 1515 3138 1574 3139 1429 3139 1646 3139 1574 3140 1646 3140 1647 3140 1648 3141 1576 3141 1577 3141 1650 3142 1575 3142 1516 3142 1649 3143 1650 3143 1516 3143 1649 3144 1516 3144 1579 3144 1651 3145 1579 3145 1482 3145 1652 3146 1582 3146 1583 3146 1652 3147 1482 3147 1582 3147 1654 3148 1655 3148 1520 3148 1654 3149 1520 3149 1585 3149 1780 3150 1656 3150 1483 3150 1658 3151 1779 3151 1521 3151 1666 3152 1662 3152 1661 3152 1661 3153 1658 3153 1521 3153 1657 3154 1663 3154 1664 3154 1657 3155 1588 3155 1483 3155 1657 3156 1664 3156 1588 3156 1665 3157 1788 3157 1666 3157 1485 3158 1661 3158 1521 3158 1587 3159 1461 3159 1668 3159 1670 3160 1664 3160 1663 3160 1670 3161 1663 3161 1667 3161 1673 3162 1672 3162 1522 3162 1678 3163 1588 3163 1664 3163 1674 3164 1675 3164 1804 3164 1524 3165 1588 3165 1681 3165 1677 3166 1681 3166 1678 3166 1679 3167 1460 3167 1441 3167 1683 3168 1589 3168 1590 3168 1683 3169 1680 3169 1589 3169 1591 3170 1590 3170 1674 3170 1592 3171 1593 3171 1524 3171 1592 3172 1524 3172 1681 3172 1592 3173 1681 3173 1684 3173 1464 3174 1525 3174 1591 3174 1464 3175 1466 3175 1525 3175 1686 3176 1594 3176 1595 3176 1684 3177 1686 3177 1595 3177 1592 3178 1684 3178 1597 3178 1592 3179 1597 3179 1598 3179 1595 3180 1597 3180 1684 3180 1600 3181 1594 3181 1526 3181 1528 3182 1687 3182 1600 3182 1527 3183 1596 3183 1601 3183 1527 3184 1593 3184 1596 3184 1688 3185 1599 3185 1600 3185 1688 3186 1600 3186 1687 3186 1690 3187 1598 3187 1689 3187 1690 3188 1601 3188 1598 3188 1488 3189 1687 3189 1528 3189 1488 3190 1528 3190 1465 3190 1690 3191 1530 3191 1601 3191 1488 3192 1603 3192 1687 3192 1533 3193 1690 3193 1689 3193 1533 3194 1689 3194 1602 3194 1533 3195 1530 3195 1690 3195 1534 3196 1602 3196 1687 3196 1534 3197 1687 3197 1603 3197 1489 3198 1603 3198 1536 3198 1535 3199 1490 3199 1538 3199 1535 3200 1538 3200 1604 3200 1538 3201 1605 3201 1604 3201 1611 3202 1492 3202 1493 3202 1611 3203 1493 3203 1614 3203 1611 3204 1551 3204 1552 3204 1611 3205 1614 3205 1551 3205 1495 3206 1550 3206 1617 3206 1614 3207 1495 3207 1617 3207 1691 3208 1550 3208 1498 3208 1552 3209 1616 3209 1612 3209 1617 3210 1550 3210 1618 3210 1617 3211 1618 3211 1477 3211 1691 3212 1554 3212 1503 3212 1618 3213 1691 3213 1503 3213 1553 3214 1692 3214 1613 3214 1692 3215 1619 3215 1613 3215 1502 3216 1692 3216 1553 3216 1502 3217 1693 3217 1692 3217 1693 3218 1619 3218 1692 3218 1694 3219 1502 3219 1504 3219 1694 3220 1693 3220 1502 3220 1694 3221 1695 3221 1693 3221 1698 3222 1504 3222 1620 3222 1620 3223 1504 3223 1506 3223 1698 3224 1699 3224 1697 3224 1700 3225 1696 3225 1697 3225 1700 3226 1697 3226 1699 3226 1700 3227 1556 3227 1696 3227 1622 3228 1698 3228 1620 3228 1622 3229 1699 3229 1698 3229 1701 3230 1699 3230 1622 3230 1557 3231 1556 3231 1700 3231 1699 3232 1702 3232 1700 3232 1557 3233 1700 3233 1702 3233 1701 3234 1621 3234 1559 3234 1701 3235 1702 3235 1699 3235 1702 3236 1701 3236 1625 3236 1625 3237 1559 3237 1623 3237 1627 3238 1558 3238 1702 3238 1702 3239 1624 3239 1626 3239 1702 3240 1626 3240 1627 3240 1623 3241 1560 3241 1625 3241 1623 3242 1509 3242 1560 3242 1629 3243 1627 3243 1626 3243 1625 3244 1628 3244 1624 3244 1625 3245 1560 3245 1628 3245 1628 3246 1703 3246 1811 3246 1703 3247 1630 3247 1629 3247 1703 3248 1629 3248 1811 3248 1705 3249 1706 3249 1709 3249 1704 3250 1561 3250 1707 3250 1710 3251 1630 3251 1708 3251 1512 3252 1707 3252 1561 3252 1710 3253 1563 3253 1630 3253 1632 3254 1631 3254 1511 3254 1714 3255 1632 3255 1511 3255 1716 3256 1562 3256 1713 3256 1717 3257 1511 3257 1635 3257 1716 3258 1719 3258 1633 3258 1716 3259 1565 3259 1719 3259 1716 3260 1718 3260 1565 3260 1635 3261 1564 3261 1717 3261 1718 3262 1564 3262 1720 3262 1718 3263 1720 3263 1634 3263 1636 3264 1720 3264 1564 3264 1636 3265 1564 3265 1635 3265 1636 3266 1635 3266 1567 3266 1565 3267 1720 3267 1813 3267 1721 3268 1720 3268 1636 3268 1633 3269 1722 3269 1568 3269 1724 3270 1637 3270 1638 3270 1724 3271 1638 3271 1723 3271 1726 3272 1727 3272 1568 3272 1638 3273 1569 3273 1570 3273 1729 3274 1730 3274 1728 3274 1638 3275 1731 3275 1729 3275 1638 3276 1729 3276 1728 3276 1638 3277 1570 3277 1731 3277 1732 3278 1568 3278 1727 3278 1731 3279 1570 3279 1639 3279 1731 3280 1639 3280 1733 3280 1734 3281 1640 3281 1518 3281 1734 3282 1568 3282 1732 3282 1734 3283 1518 3283 1568 3283 1738 3284 1736 3284 1737 3284 1571 3285 1481 3285 1739 3285 1640 3286 1740 3286 1518 3286 1640 3287 1741 3287 1740 3287 1736 3288 1742 3288 1743 3288 1742 3289 1571 3289 1739 3289 1518 3290 1744 3290 1573 3290 1739 3291 1481 3291 1515 3291 1739 3292 1515 3292 1643 3292 1745 3293 1573 3293 1744 3293 1745 3294 1746 3294 1573 3294 1747 3295 1643 3295 1642 3295 1748 3296 1577 3296 1572 3296 1644 3297 1749 3297 1645 3297 1751 3298 1647 3298 1750 3298 1574 3299 1647 3299 1751 3299 1646 3300 1429 3300 1575 3300 1752 3301 1754 3301 1577 3301 1648 3302 1577 3302 1754 3302 1756 3303 1755 3303 1575 3303 1756 3304 1575 3304 1650 3304 1757 3305 1650 3305 1649 3305 1757 3306 1758 3306 1650 3306 1578 3307 1576 3307 1759 3307 1649 3308 1579 3308 1760 3308 1760 3309 1765 3309 1761 3309 1762 3310 1578 3310 1763 3310 1762 3311 1764 3311 1517 3311 1762 3312 1517 3312 1578 3312 1651 3313 1482 3313 1652 3313 1583 3314 1765 3314 1652 3314 1653 3315 1583 3315 1582 3315 1769 3316 1772 3316 1653 3316 1769 3317 1653 3317 1582 3317 1581 3318 1770 3318 1771 3318 1581 3319 1580 3319 1770 3319 1655 3320 1848 3320 1772 3320 1769 3321 1520 3321 1655 3321 1769 3322 1655 3322 1772 3322 1773 3323 1655 3323 1654 3323 1773 3324 1774 3324 1655 3324 1775 3325 1853 3325 1774 3325 1775 3326 1774 3326 1773 3326 1776 3327 1584 3327 1581 3327 1854 3328 1584 3328 1776 3328 1779 3329 1778 3329 1777 3329 1779 3330 1777 3330 1654 3330 1779 3331 1654 3331 1585 3331 1483 3332 1584 3332 1781 3332 1779 3333 1658 3333 1782 3333 1779 3334 1782 3334 1778 3334 1779 3335 1585 3335 1486 3335 1784 3336 1783 3336 1858 3336 1785 3337 1784 3337 1858 3337 1783 3338 1656 3338 1780 3338 1784 3339 1656 3339 1783 3339 1784 3340 1660 3340 1656 3340 1786 3341 1662 3341 1784 3341 1786 3342 1784 3342 1785 3342 1659 3343 1662 3343 1786 3343 1789 3344 1660 3344 1784 3344 1789 3345 1784 3345 1586 3345 1659 3346 1661 3346 1662 3346 1659 3347 1658 3347 1661 3347 1660 3348 1657 3348 1483 3348 1660 3349 1483 3349 1656 3349 1790 3350 1657 3350 1660 3350 1791 3351 1666 3351 1661 3351 1665 3352 1793 3352 1788 3352 1661 3353 1485 3353 1587 3353 1587 3354 1665 3354 1666 3354 1790 3355 1663 3355 1657 3355 1792 3356 1665 3356 1587 3356 1792 3357 1587 3357 1668 3357 1792 3358 1668 3358 1669 3358 1794 3359 1796 3359 1795 3359 1663 3360 1795 3360 1796 3360 1796 3361 1794 3361 1797 3361 1669 3362 1668 3362 1797 3362 1798 3363 1796 3363 1797 3363 1798 3364 1667 3364 1796 3364 1667 3365 1798 3365 1671 3365 1671 3366 1670 3366 1667 3366 1523 3367 1799 3367 1461 3367 1801 3368 1671 3368 1798 3368 1799 3369 1801 3369 1798 3369 1799 3370 1672 3370 1801 3370 1800 3371 1670 3371 1671 3371 1671 3372 1801 3372 1800 3372 1802 3373 1670 3373 1800 3373 1800 3374 1805 3374 1802 3374 1800 3375 1801 3375 1805 3375 1672 3376 1673 3376 1801 3376 1803 3377 1805 3377 1801 3377 1673 3378 1803 3378 1801 3378 1802 3379 1664 3379 1670 3379 1804 3380 1803 3380 1673 3380 1673 3381 1522 3381 1804 3381 1802 3382 1807 3382 1664 3382 1806 3383 1807 3383 1805 3383 1806 3384 1805 3384 1803 3384 1806 3385 1803 3385 1675 3385 1807 3386 1678 3386 1664 3386 1679 3387 1522 3387 1460 3387 1678 3388 1681 3388 1588 3388 1589 3389 1809 3389 1675 3389 1589 3390 1675 3390 1674 3390 1679 3391 1464 3391 1591 3391 1679 3392 1441 3392 1464 3392 1677 3393 1682 3393 1681 3393 1682 3394 1684 3394 1681 3394 1685 3395 1683 3395 1590 3395 1685 3396 1810 3396 1682 3396 1810 3397 1684 3397 1682 3397 1685 3398 1594 3398 1810 3398 1810 3399 1594 3399 1686 3399 1810 3400 1686 3400 1684 3400 1526 3401 1594 3401 1685 3401 1526 3402 1685 3402 1590 3402 1526 3403 1590 3403 1525 3403 1592 3404 1598 3404 1596 3404 1592 3405 1596 3405 1593 3405 1594 3406 1600 3406 1599 3406 1602 3407 1532 3407 1533 3407 1457 3408 1498 3408 1476 3408 1457 3409 1691 3409 1498 3409 1457 3410 1456 3410 1615 3410 1615 3411 1691 3411 1457 3411 1616 3412 1613 3412 1612 3412 1616 3413 1553 3413 1613 3413 1694 3414 1698 3414 1695 3414 1694 3415 1504 3415 1698 3415 1621 3416 1701 3416 1622 3416 1701 3417 1559 3417 1625 3417 1811 3418 1629 3418 1626 3418 1811 3419 1624 3419 1628 3419 1811 3420 1626 3420 1624 3420 1705 3421 1703 3421 1628 3421 1707 3422 1512 3422 1631 3422 1710 3423 1712 3423 1563 3423 1710 3424 1711 3424 1712 3424 1714 3425 1711 3425 1632 3425 1713 3426 1563 3426 1712 3426 1713 3427 1562 3427 1563 3427 1711 3428 1714 3428 1715 3428 1711 3429 1715 3429 1712 3429 1713 3430 1715 3430 1564 3430 1714 3431 1717 3431 1715 3431 1714 3432 1511 3432 1717 3432 1564 3433 1715 3433 1717 3433 1718 3434 1716 3434 1713 3434 1718 3435 1713 3435 1564 3435 1720 3436 1565 3436 1634 3436 1812 3437 1565 3437 1813 3437 1633 3438 1812 3438 1722 3438 1723 3439 1721 3439 1724 3439 1637 3440 1724 3440 1721 3440 1813 3441 1723 3441 1814 3441 1813 3442 1722 3442 1812 3442 1815 3443 1722 3443 1813 3443 1815 3444 1813 3444 1814 3444 1725 3445 1723 3445 1638 3445 1725 3446 1814 3446 1723 3446 1815 3447 1814 3447 1728 3447 1726 3448 1568 3448 1722 3448 1726 3449 1722 3449 1815 3449 1726 3450 1730 3450 1727 3450 1730 3451 1726 3451 1815 3451 1728 3452 1725 3452 1638 3452 1729 3453 1731 3453 1733 3453 1732 3454 1727 3454 1733 3454 1816 3455 1732 3455 1733 3455 1639 3456 1816 3456 1733 3456 1816 3457 1639 3457 1735 3457 1817 3458 1816 3458 1735 3458 1738 3459 1734 3459 1864 3459 1735 3460 1639 3460 1571 3460 1736 3461 1735 3461 1571 3461 1736 3462 1571 3462 1742 3462 1737 3463 1818 3463 1741 3463 1819 3464 1821 3464 1820 3464 1819 3465 1741 3465 1818 3465 1819 3466 1743 3466 1821 3466 1742 3467 1739 3467 1643 3467 1742 3468 1643 3468 1743 3468 1821 3469 1743 3469 1643 3469 1745 3470 1822 3470 1746 3470 1820 3471 1822 3471 1745 3471 1820 3472 1747 3472 1822 3472 1746 3473 1822 3473 1823 3473 1823 3474 1824 3474 1641 3474 1823 3475 1825 3475 1824 3475 1823 3476 1822 3476 1825 3476 1642 3477 1822 3477 1747 3477 1642 3478 1515 3478 1645 3478 1642 3479 1645 3479 1825 3479 1826 3480 1572 3480 1641 3480 1826 3481 1641 3481 1824 3481 1645 3482 1827 3482 1825 3482 1829 3483 1828 3483 1748 3483 1829 3484 1826 3484 1827 3484 1749 3485 1829 3485 1827 3485 1645 3486 1749 3486 1827 3486 1829 3487 1830 3487 1828 3487 1829 3488 1749 3488 1830 3488 1828 3489 1577 3489 1748 3489 1828 3490 1831 3490 1577 3490 1577 3491 1831 3491 1832 3491 1750 3492 1646 3492 1833 3492 1750 3493 1647 3493 1646 3493 1832 3494 1834 3494 1577 3494 1753 3495 1575 3495 1835 3495 1753 3496 1646 3496 1575 3496 1835 3497 1755 3497 1752 3497 1835 3498 1752 3498 1577 3498 1835 3499 1577 3499 1834 3499 1835 3500 1575 3500 1755 3500 1755 3501 1754 3501 1752 3501 1754 3502 1756 3502 1836 3502 1754 3503 1755 3503 1756 3503 1836 3504 1648 3504 1754 3504 1836 3505 1758 3505 1648 3505 1836 3506 1756 3506 1758 3506 1837 3507 1576 3507 1648 3507 1650 3508 1758 3508 1756 3508 1758 3509 1757 3509 1838 3509 1759 3510 1576 3510 1837 3510 1838 3511 1759 3511 1837 3511 1838 3512 1760 3512 1839 3512 1838 3513 1839 3513 1759 3513 1760 3514 1757 3514 1649 3514 1760 3515 1838 3515 1757 3515 1578 3516 1759 3516 1839 3516 1578 3517 1761 3517 1840 3517 1839 3518 1761 3518 1578 3518 1578 3519 1840 3519 1763 3519 1839 3520 1760 3520 1761 3520 1765 3521 1760 3521 1579 3521 1765 3522 1579 3522 1651 3522 1763 3523 1840 3523 1842 3523 1761 3524 1765 3524 1843 3524 1761 3525 1843 3525 1840 3525 1841 3526 1762 3526 1763 3526 1843 3527 1842 3527 1840 3527 1651 3528 1652 3528 1765 3528 1762 3529 1841 3529 1764 3529 1843 3530 1767 3530 1842 3530 1844 3531 1764 3531 1841 3531 1844 3532 1841 3532 1767 3532 1766 3533 1767 3533 1843 3533 1766 3534 1843 3534 1765 3534 1766 3535 1765 3535 1583 3535 1845 3536 1517 3536 1764 3536 1845 3537 1580 3537 1517 3537 1767 3538 1766 3538 1768 3538 1846 3539 1764 3539 1767 3539 1846 3540 1767 3540 1768 3540 1580 3541 1845 3541 1846 3541 1766 3542 1653 3542 1768 3542 1766 3543 1583 3543 1653 3543 1847 3544 1848 3544 1770 3544 1847 3545 1770 3545 1580 3545 1846 3546 1772 3546 1847 3546 1848 3547 1771 3547 1770 3547 1849 3548 1771 3548 1848 3548 1849 3549 1848 3549 1655 3549 1850 3550 1581 3550 1771 3550 1519 3551 1520 3551 1769 3551 1519 3552 1769 3552 1582 3552 1774 3553 1771 3553 1849 3553 1581 3554 1851 3554 1852 3554 1853 3555 1850 3555 1774 3555 1776 3556 1581 3556 1852 3556 1777 3557 1775 3557 1773 3557 1777 3558 1773 3558 1654 3558 1775 3559 1777 3559 1778 3559 1776 3560 1852 3560 1855 3560 1776 3561 1855 3561 1854 3561 1854 3562 1857 3562 1858 3562 1854 3563 1858 3563 1781 3563 1854 3564 1781 3564 1584 3564 1855 3565 1857 3565 1854 3565 1856 3566 1782 3566 1857 3566 1856 3567 1857 3567 1855 3567 1778 3568 1782 3568 1856 3568 1857 3569 1782 3569 1787 3569 1780 3570 1483 3570 1781 3570 1785 3571 1858 3571 1857 3571 1787 3572 1785 3572 1857 3572 1782 3573 1658 3573 1659 3573 1782 3574 1659 3574 1787 3574 1786 3575 1787 3575 1659 3575 1662 3576 1586 3576 1784 3576 1790 3577 1660 3577 1789 3577 1586 3578 1793 3578 1859 3578 1793 3579 1586 3579 1788 3579 1791 3580 1587 3580 1666 3580 1791 3581 1661 3581 1587 3581 1861 3582 1790 3582 1860 3582 1862 3583 1793 3583 1792 3583 1862 3584 1792 3584 1669 3584 1795 3585 1790 3585 1861 3585 1795 3586 1663 3586 1790 3586 1794 3587 1861 3587 1669 3587 1669 3588 1797 3588 1794 3588 1663 3589 1796 3589 1667 3589 1668 3590 1461 3590 1799 3590 1668 3591 1799 3591 1797 3591 1799 3592 1798 3592 1797 3592 1672 3593 1799 3593 1523 3593 1805 3594 1807 3594 1802 3594 1863 3595 1522 3595 1679 3595 1863 3596 1804 3596 1522 3596 1808 3597 1807 3597 1806 3597 1676 3598 1804 3598 1863 3598 1676 3599 1863 3599 1679 3599 1808 3600 1678 3600 1807 3600 1676 3601 1674 3601 1804 3601 1677 3602 1678 3602 1808 3602 1676 3603 1679 3603 1591 3603 1589 3604 1680 3604 1677 3604 1677 3605 1680 3605 1682 3605 1685 3606 1680 3606 1683 3606 1689 3607 1595 3607 1599 3607 1696 3608 1693 3608 1695 3608 1696 3609 1619 3609 1693 3609 1695 3610 1698 3610 1697 3610 1695 3611 1697 3611 1696 3611 1705 3612 1628 3612 1706 3612 1704 3613 1628 3613 1560 3613 1704 3614 1706 3614 1628 3614 1704 3615 1560 3615 1561 3615 1705 3616 1709 3616 1708 3616 1630 3617 1703 3617 1705 3617 1630 3618 1705 3618 1708 3618 1709 3619 1706 3619 1704 3619 1709 3620 1704 3620 1707 3620 1709 3621 1711 3621 1708 3621 1710 3622 1708 3622 1711 3622 1707 3623 1632 3623 1711 3623 1707 3624 1631 3624 1632 3624 1707 3625 1711 3625 1709 3625 1713 3626 1712 3626 1715 3626 1633 3627 1719 3627 1565 3627 1633 3628 1565 3628 1812 3628 1813 3629 1721 3629 1723 3629 1814 3630 1725 3630 1728 3630 1728 3631 1730 3631 1815 3631 1730 3632 1733 3632 1727 3632 1730 3633 1729 3633 1733 3633 1864 3634 1732 3634 1816 3634 1864 3635 1816 3635 1817 3635 1864 3636 1817 3636 1738 3636 1735 3637 1738 3637 1817 3637 1738 3638 1640 3638 1734 3638 1735 3639 1736 3639 1738 3639 1738 3640 1737 3640 1640 3640 1741 3641 1640 3641 1737 3641 1818 3642 1737 3642 1736 3642 1818 3643 1736 3643 1743 3643 1740 3644 1741 3644 1744 3644 1740 3645 1744 3645 1518 3645 1741 3646 1819 3646 1744 3646 1743 3647 1819 3647 1818 3647 1744 3648 1819 3648 1820 3648 1744 3649 1820 3649 1745 3649 1821 3650 1643 3650 1747 3650 1821 3651 1747 3651 1820 3651 1746 3652 1823 3652 1641 3652 1746 3653 1641 3653 1573 3653 1825 3654 1822 3654 1642 3654 1826 3655 1824 3655 1827 3655 1825 3656 1827 3656 1824 3656 1826 3657 1748 3657 1572 3657 1748 3658 1826 3658 1829 3658 1751 3659 1830 3659 1749 3659 1751 3660 1749 3660 1644 3660 1751 3661 1644 3661 1574 3661 1865 3662 1830 3662 1751 3662 1833 3663 1832 3663 1831 3663 1753 3664 1833 3664 1646 3664 1835 3665 1834 3665 1832 3665 1835 3666 1832 3666 1753 3666 1837 3667 1648 3667 1838 3667 1758 3668 1838 3668 1648 3668 1841 3669 1763 3669 1842 3669 1841 3670 1842 3670 1767 3670 1764 3671 1844 3671 1767 3671 1846 3672 1845 3672 1764 3672 1846 3673 1847 3673 1580 3673 1847 3674 1772 3674 1848 3674 1768 3675 1772 3675 1846 3675 1768 3676 1653 3676 1772 3676 1774 3677 1849 3677 1655 3677 1850 3678 1771 3678 1774 3678 1850 3679 1851 3679 1581 3679 1850 3680 1853 3680 1851 3680 1853 3681 1778 3681 1851 3681 1853 3682 1775 3682 1778 3682 1852 3683 1851 3683 1856 3683 1778 3684 1856 3684 1851 3684 1856 3685 1855 3685 1852 3685 1783 3686 1780 3686 1781 3686 1783 3687 1781 3687 1858 3687 1785 3688 1787 3688 1786 3688 1789 3689 1860 3689 1790 3689 1789 3690 1586 3690 1859 3690 1789 3691 1859 3691 1860 3691 1792 3692 1793 3692 1665 3692 1861 3693 1859 3693 1793 3693 1861 3694 1860 3694 1859 3694 1795 3695 1861 3695 1794 3695 1806 3696 1809 3696 1808 3696 1806 3697 1675 3697 1809 3697 1589 3698 1808 3698 1809 3698 1589 3699 1677 3699 1808 3699 1674 3700 1676 3700 1591 3700 1680 3701 1685 3701 1682 3701 1597 3702 1689 3702 1598 3702 1597 3703 1595 3703 1689 3703 1602 3704 1689 3704 1599 3704 1602 3705 1599 3705 1688 3705 1864 3706 1734 3706 1732 3706 1828 3707 1830 3707 1865 3707 1828 3708 1865 3708 1831 3708 1865 3709 1750 3709 1833 3709 1865 3710 1833 3710 1831 3710 1750 3711 1865 3711 1751 3711 1832 3712 1833 3712 1753 3712 1862 3713 1861 3713 1793 3713 1862 3714 1669 3714 1861 3714 1804 3715 1675 3715 1803 3715 635 3716 439 3716 447 3716 1452 3717 635 3717 447 3717 1452 3718 447 3718 448 3718 1413 3719 1452 3719 448 3719 1413 3720 448 3720 377 3720 1416 3721 377 3721 378 3721 1416 3722 1413 3722 377 3722 1419 3723 378 3723 380 3723 1419 3724 1416 3724 378 3724 1390 3725 380 3725 325 3725 1390 3726 1419 3726 380 3726 1390 3727 325 3727 316 3727 1391 3728 1390 3728 316 3728 640 3729 1391 3729 316 3729 640 3730 316 3730 979 3730 636 3731 640 3731 979 3731</p>
        </triangles>
      </mesh>
    </geometry>
  </library_geometries>
  <library_visual_scenes>
    <visual_scene id="Scene" name="Scene">
      <node id="TailBlade" name="TailBlade" type="NODE">
        <matrix sid="transform">0.7432166 -0.367963 -0.5587776 1.81899e-12 0.6669937 0.3420519 0.6619062 3.63798e-12 -0.05242603 -0.8646408 0.4996477 1.81899e-12 0 0 0 1</matrix>
        <instance_geometry url="#Part__Feature116_001-mesh" name="TailBlade">
          <bind_material>
            <technique_common>
              <instance_material symbol="Part__Feature116_001-material" target="#Part__Feature116_001-material"/>
            </technique_common>
          </bind_material>
        </instance_geometry>
      </node>
    </visual_scene>
  </library_visual_scenes>
  <scene>
    <instance_visual_scene url="#Scene"/>
  </scene>
</COLLADA>