<?xml version="1.0" encoding="utf-8"?>
<COLLADA xmlns="http://www.collada.org/2005/11/COLLADASchema" version="1.4.1" xmlns:xsi="http://www.w3.org/2001/XMLSchema-instance">
  <asset>
    <contributor>
      <author>Blender User</author>
      <authoring_tool>Blender 4.1.1 commit date:2024-04-15, commit time:15:11, hash:e1743a0317bc</authoring_tool>
    </contributor>
    <created>2025-06-02T17:20:42</created>
    <modified>2025-06-02T17:20:42</modified>
    <unit name="meter" meter="1"/>
    <up_axis>Z_UP</up_axis>
  </asset>
  <library_cameras>
    <camera id="Camera-camera" name="Camera">
      <optics>
        <technique_common>
          <perspective>
            <xfov sid="xfov">39.59775</xfov>
            <aspect_ratio>1.777778</aspect_ratio>
            <znear sid="znear">0.1</znear>
            <zfar sid="zfar">100</zfar>
          </perspective>
        </technique_common>
      </optics>
      <extra>
        <technique profile="blender">
          <shiftx sid="shiftx" type="float">0</shiftx>
          <shifty sid="shifty" type="float">0</shifty>
          <dof_distance sid="dof_distance" type="float">10</dof_distance>
        </technique>
      </extra>
    </camera>
  </library_cameras>
  <library_lights>
    <light id="Light-light" name="Light">
      <technique_common>
        <point>
          <color sid="color">1000 1000 1000</color>
          <constant_attenuation>1</constant_attenuation>
          <linear_attenuation>0</linear_attenuation>
          <quadratic_attenuation>0</quadratic_attenuation>
        </point>
      </technique_common>
      <extra>
        <technique profile="blender">
          <type sid="type" type="int">0</type>
          <flag sid="flag" type="int">0</flag>
          <mode sid="mode" type="int">2097153</mode>
          <red sid="red" type="float">1</red>
          <green sid="green" type="float">1</green>
          <blue sid="blue" type="float">1</blue>
          <shadow_r sid="blender_shadow_r" type="float">0</shadow_r>
          <shadow_g sid="blender_shadow_g" type="float">0</shadow_g>
          <shadow_b sid="blender_shadow_b" type="float">0</shadow_b>
          <energy sid="blender_energy" type="float">1000</energy>
          <spotsize sid="spotsize" type="float">75</spotsize>
          <spotblend sid="spotblend" type="float">0.15</spotblend>
          <clipsta sid="clipsta" type="float">0.04999995</clipsta>
          <clipend sid="clipend" type="float">30.002</clipend>
          <bias sid="bias" type="float">1</bias>
          <radius sid="radius" type="float">0.1</radius>
          <area_shape sid="area_shape" type="int">1</area_shape>
          <area_size sid="area_size" type="float">0.1</area_size>
          <area_sizey sid="area_sizey" type="float">0.1</area_sizey>
          <area_sizez sid="area_sizez" type="float">1</area_sizez>
        </technique>
      </extra>
    </light>
  </library_lights>
  <library_effects>
    <effect id="Part__Feature079_001-effect">
      <profile_COMMON>
        <technique sid="common">
          <lambert>
            <emission>
              <color sid="emission">0 0 0 1</color>
            </emission>
            <diffuse>
              <color sid="diffuse">0.9215687 0.9215687 0.9215687 1</color>
            </diffuse>
            <index_of_refraction>
              <float sid="ior">1.5</float>
            </index_of_refraction>
          </lambert>
        </technique>
      </profile_COMMON>
    </effect>
    <effect id="Part__Feature078_001-effect">
      <profile_COMMON>
        <technique sid="common">
          <lambert>
            <emission>
              <color sid="emission">0 0 0 1</color>
            </emission>
            <diffuse>
              <color sid="diffuse">0.7490197 0.7490197 0.7490197 1</color>
            </diffuse>
            <index_of_refraction>
              <float sid="ior">1.5</float>
            </index_of_refraction>
          </lambert>
        </technique>
      </profile_COMMON>
    </effect>
    <effect id="Part__Feature080_001-effect">
      <profile_COMMON>
        <technique sid="common">
          <lambert>
            <emission>
              <color sid="emission">0 0 0 1</color>
            </emission>
            <diffuse>
              <color sid="diffuse">0.9215687 0.9215687 0.9215687 1</color>
            </diffuse>
            <index_of_refraction>
              <float sid="ior">1.5</float>
            </index_of_refraction>
          </lambert>
        </technique>
      </profile_COMMON>
    </effect>
    <effect id="Part__Feature095_001-effect">
      <profile_COMMON>
        <technique sid="common">
          <lambert>
            <emission>
              <color sid="emission">0 0 0 1</color>
            </emission>
            <diffuse>
              <color sid="diffuse">0.7450981 0.7372549 0.7294118 1</color>
            </diffuse>
            <index_of_refraction>
              <float sid="ior">1.5</float>
            </index_of_refraction>
          </lambert>
        </technique>
      </profile_COMMON>
    </effect>
    <effect id="Part__Feature096_001-effect">
      <profile_COMMON>
        <technique sid="common">
          <lambert>
            <emission>
              <color sid="emission">0 0 0 1</color>
            </emission>
            <diffuse>
              <color sid="diffuse">0.7450981 0.7372549 0.7294118 1</color>
            </diffuse>
            <index_of_refraction>
              <float sid="ior">1.5</float>
            </index_of_refraction>
          </lambert>
        </technique>
      </profile_COMMON>
    </effect>
  </library_effects>
  <library_images/>
  <library_materials>
    <material id="Part__Feature079_001-material" name="Part__Feature079.001">
      <instance_effect url="#Part__Feature079_001-effect"/>
    </material>
    <material id="Part__Feature078_001-material" name="Part__Feature078.001">
      <instance_effect url="#Part__Feature078_001-effect"/>
    </material>
    <material id="Part__Feature080_001-material" name="Part__Feature080.001">
      <instance_effect url="#Part__Feature080_001-effect"/>
    </material>
    <material id="Part__Feature095_001-material" name="Part__Feature095.001">
      <instance_effect url="#Part__Feature095_001-effect"/>
    </material>
    <material id="Part__Feature096_001-material" name="Part__Feature096.001">
      <instance_effect url="#Part__Feature096_001-effect"/>
    </material>
  </library_materials>
  <library_geometries>
    <geometry id="ServoRod-mesh" name="ServoRod">
      <mesh>
        <source id="ServoRod-mesh-positions">
          <float_array id="ServoRod-mesh-positions-array" count="3849">-0.01013171 -0.06458258 -0.001359999 -0.01019215 -0.06484282 -0.001388311 -0.009943664 -0.06361001 -0.001355528 -0.0100519 -0.06448477 -0.00124377 -0.01005071 -0.06480407 -0.00123763 -0.0100063 -0.06528246 -0.001315474 -0.009961605 -0.06525373 -0.001226961 -0.009909152 -0.06571453 -0.001355707 -0.009725153 -0.06575942 -0.001209318 -0.009723961 -0.06583678 -0.001289188 -0.00911951 -0.06646442 -0.001157104 -0.009112954 -0.06654644 -0.001234173 -0.009173631 -0.0665996 -0.001288414 -0.0133782 -0.0650199 -0.001654863 -0.008678317 -0.06725949 -0.001102149 -0.00855273 -0.06763201 -0.001137912 -0.008624911 -0.06774461 -0.001230537 -0.008386433 -0.06842279 -0.001069843 -0.008463501 -0.06850671 -0.001204431 -0.008394122 -0.06929415 -0.001055419 -0.008521378 -0.06952512 -0.001201689 -0.008561611 -0.07000315 -0.001111328 -0.008797585 -0.07061421 -0.001085579 -0.008934617 -0.07071828 -0.001206159 -0.009112775 -0.07114166 -0.001089096 -0.009416997 -0.07137125 -0.001260995 -0.009593725 -0.07169008 -0.001139521 -0.009996592 -0.07193309 -0.001286506 -0.01067519 -0.07229566 -0.001362681 -0.01022446 -0.07219386 -0.001187741 -0.01077198 -0.07243466 -0.001314222 -0.0110532 -0.07258921 -0.001258254 -0.01171451 -0.07265031 -0.001439034 -0.01187396 -0.07277947 -0.00131756 -0.01250714 -0.07279515 -0.001407563 -0.01325666 -0.07270574 -0.00143218 -0.01285845 -0.07268613 -0.001518845 -0.01360124 -0.07249951 -0.001594126 -0.01409435 -0.0724135 -0.001501202 -0.01480978 -0.07179391 -0.001707375 -0.01458561 -0.07211256 -0.001592695 -0.01522845 -0.07158344 -0.001604199 -0.01524293 -0.07149577 -0.00169146 -0.01561117 -0.07110738 -0.001647651 -0.01564395 -0.07089412 -0.00176239 -0.01595264 -0.07053244 -0.001674175 -0.01592814 -0.07030022 -0.001808166 -0.01621967 -0.06979012 -0.00170058 -0.01614814 -0.06967866 -0.001814067 -0.01618868 -0.06842118 -0.001851975 -0.01633429 -0.06903618 -0.001715183 -0.01632434 -0.06868767 -0.001769423 -0.01623421 -0.06796157 -0.001758575 -0.01608133 -0.06745189 -0.001758456 -0.01576262 -0.06697952 -0.001824975 -0.01590108 -0.06699043 -0.00169605 -0.01555776 -0.06643193 -0.001685082 -0.01540356 -0.06632554 -0.001752972 -0.01497828 -0.06580108 -0.001636981 -0.01482582 -0.06581622 -0.001757502 -0.01438063 -0.06538069 -0.001628756 -0.01384001 -0.06508409 -0.001549482 -0.01367437 -0.06508427 -0.001648008 -0.01345109 -0.06476449 -0.001520276 -0.01325047 -0.06465965 -0.001616597 -0.01313805 -0.06431573 -0.001499295 -0.01289737 -0.06415408 -0.001616895 -0.01296675 -0.06407922 -0.001571655 -0.01298731 -0.06392139 -0.001489102 -0.01272958 -0.06312537 -0.001608729 -0.01286071 -0.06315207 -0.001383781 -0.01296967 -0.0633648 -5.33373e-4 -0.0130192 -0.06323462 3.60952e-4 -0.01462477 -0.06538313 6.09021e-4 -0.01396125 -0.06502705 6.63824e-4 -0.01344072 -0.0644946 7.00987e-4 -0.01320022 -0.06402933 7.18712e-4 -0.0151633 -0.0657857 5.70462e-4 -0.01560312 -0.06624835 5.80342e-4 -0.01582461 -0.06653428 5.24387e-4 -0.01617223 -0.06715053 5.03653e-4 -0.0165022 -0.06846588 5.25924e-4 -0.01651465 -0.06900089 4.93827e-4 -0.01640528 -0.06975358 5.04504e-4 -0.01609802 -0.07059556 5.37544e-4 -0.01566702 -0.07126224 5.79066e-4 -0.01523 -0.07173597 6.22979e-4 -0.01474654 -0.07211673 6.6304e-4 -0.01411956 -0.07246673 7.00483e-4 -0.01362133 -0.07263702 7.61197e-4 -0.01296913 -0.07276642 8.16256e-4 -0.0122655 -0.07277715 8.75431e-4 -0.01152127 -0.07264423 9.80821e-4 -0.01091462 -0.07244682 9.84561e-4 -0.01024454 -0.0720396 0.001075506 -0.009770512 -0.07166761 0.001068651 -0.009326636 -0.07115656 0.00109446 -0.008982598 -0.07059925 0.001129925 -0.008680701 -0.06980413 0.001139163 -0.008566617 -0.06897354 0.001186966 -0.008562088 -0.06847316 0.001145243 -0.008708417 -0.06767988 0.001123309 -0.008924663 -0.06709986 0.001100301 -0.009047865 -0.06687742 0.001132547 -0.009436845 -0.06627267 0.001041352 -0.01023495 -0.06447452 9.65053e-4 -0.0101993 -0.06504005 9.69397e-4 -0.01000726 -0.06556326 9.96439e-4 -0.00994873 -0.06571513 0.001050293 -0.009955108 -0.06378221 -8.78239e-4 -0.01004892 -0.06389677 1.46868e-5 -0.01007813 -0.0636689 8.67693e-4 -0.01310747 -0.06402909 8.53476e-4 -0.01297956 -0.06306624 8.21634e-4 -0.01333147 -0.06446772 8.23347e-4 -0.01360476 -0.06501603 8.34764e-4 -0.01366239 -0.06478309 7.24034e-4 -0.01382005 -0.06502997 7.89406e-4 -0.01477777 -0.06553202 6.87498e-4 -0.01475834 -0.06561672 7.4018e-4 -0.01561033 -0.0664286 6.74598e-4 -0.01599854 -0.06698518 6.42263e-4 -0.0164113 -0.06789684 5.34103e-4 -0.01637583 -0.06831026 6.33025e-4 -0.01641523 -0.06930446 6.14129e-4 -0.01622635 -0.07002311 6.54073e-4 -0.01594114 -0.07074028 6.59563e-4 -0.01549273 -0.07132232 7.25383e-4 -0.01494687 -0.07188796 7.54128e-4 -0.01412463 -0.07235449 8.50147e-4 -0.01351869 -0.0725407 9.05348e-4 -0.01315015 -0.07269394 8.83718e-4 -0.01231533 -0.07269644 9.83722e-4 -0.01137965 -0.07247215 0.001083016 -0.01051539 -0.0721116 0.001143515 -0.009557843 -0.07132726 0.00119102 -0.00908029 -0.07053798 0.001248121 -0.008754134 -0.06966876 0.001261651 -0.008705258 -0.06860661 0.001266837 -0.008731245 -0.06792205 0.001230716 -0.009103178 -0.06705003 0.001218736 -0.009513735 -0.06634944 0.001169919 -0.01011037 -0.06569808 0.001122176 -0.01025384 -0.06506788 0.001052379 -0.01039206 -0.06480634 0.001091778 -0.01032412 -0.06447273 0.001069307 -0.01020056 -0.06360304 0.001092612 -0.01135855 -0.06279844 -2.54527e-4 -0.01267874 -0.06164461 -1.30726e-4 -0.01254945 -0.06167143 3.65277e-4 -0.01236617 -0.06170541 6.72157e-4 -0.01204597 -0.06176525 9.90669e-4 -0.009963512 -0.06213974 5.75533e-4 -0.01150012 -0.06186532 0.001228749 -0.009772121 -0.06217271 1.71071e-4 -0.0109381 -0.06196665 0.001236319 -0.009719312 -0.06217825 -3.60517e-4 -0.01050859 -0.06204402 0.001078605 -0.01019644 -0.06209886 8.60098e-4 -0.009820401 -0.06215792 -8.00589e-4 -0.009989559 -0.06212526 -0.0011155 -0.01031595 -0.06206327 -0.001464843 -0.010818 -0.0619722 -0.001708745 -0.0114091 -0.06186467 -0.001743018 -0.0119661 -0.06176495 -0.001540303 -0.01239186 -0.06169134 -0.001144409 -0.01262366 -0.06164973 -6.62799e-4 -0.01196616 -0.05770844 -6.73367e-5 -0.01171725 -0.05775755 6.3175e-4 -0.01124751 -0.05784517 0.001066386 -0.01065033 -0.05795454 0.00128138 -0.0100193 -0.05806833 0.001203 -0.009508013 -0.05815917 9.13716e-4 -0.009155392 -0.05822026 4.37153e-4 -0.009006679 -0.05824416 -8.66509e-5 -0.009067833 -0.05822962 -6.78442e-4 -0.009293675 -0.05818617 -0.001119434 -0.009638965 -0.05812168 -0.001467704 -0.01031988 -0.0579968 -0.001739025 -0.0110442 -0.05786633 -0.001624464 -0.01149559 -0.05778634 -0.001327931 -0.01186513 -0.05772244 -8.04322e-4 -0.01185601 -0.06366139 -0.001541972 -0.01086354 -0.06213533 -0.002722859 -0.01114398 -0.06256294 -0.002653837 -0.01080793 -0.06312102 -0.002332329 -0.01123821 -0.06310838 -0.002356112 -0.0112695 -0.06356787 -0.00189352 -0.01072973 -0.06379634 -0.001447916 -0.009842813 -0.06340879 -0.001583218 -0.009386777 -0.06347382 -6.59498e-4 -0.009690403 -0.06367522 -7.82131e-4 -0.009735643 -0.0635817 6.48109e-4 -0.009618818 -0.0631411 0.001188516 -0.009338855 -0.06317543 7.50697e-4 -0.01009458 -0.06338119 0.001327812 -0.01297229 -0.0628736 0.001083612 -0.01330327 -0.06247222 9.07192e-4 -0.01323843 -0.06300902 3.1169e-4 -0.01345562 -0.06271922 1.57459e-4 -0.01315134 -0.06295281 -0.001162588 -0.0131548 -0.06249058 -0.001630187 -0.01336658 -0.06243842 -0.001285791 -0.01140612 -0.06203705 -0.00274229 -0.01163792 -0.06296348 -0.002407193 -0.01166719 -0.06349241 -0.001893341 -0.01036053 -0.06228846 -0.002581596 -0.01068675 -0.06264787 -0.002570629 -0.01015383 -0.06266117 -0.00237894 -0.009927749 -0.06234848 -0.00236082 -0.009553492 -0.06247067 -0.002053797 -0.01013559 -0.06293743 -0.002230882 -0.01043754 -0.06329131 -0.002085924 -0.009466111 -0.0627923 -0.001805365 -0.009253799 -0.06246125 -0.001729071 -0.00991106 -0.06314104 -0.001939415 -0.01068991 -0.06362599 -0.001759052 -0.008988022 -0.06252694 -0.001250326 -0.01029092 -0.06355154 -0.001711547 -0.009514868 -0.06314474 -0.001566886 -0.009014725 -0.06287848 -9.52441e-4 -0.008847534 -0.06255823 -8.16058e-4 -0.008798122 -0.06259709 -4.59956e-4 -0.009213507 -0.06315201 -0.001025199 -0.008804738 -0.06258594 5.95595e-5 -0.008927226 -0.06290489 -2.98829e-5 -0.009065866 -0.0631318 -4.9523e-4 -0.009383261 -0.06348764 9.94216e-5 -0.008966267 -0.0625469 6.92707e-4 -0.009168624 -0.06284648 8.58393e-4 -0.009099423 -0.06316173 1.21191e-4 -0.009707808 -0.06373959 -1.21528e-4 -0.009183824 -0.06252145 0.001104772 -0.009466111 -0.06245446 0.001473546 -0.009752452 -0.0627439 0.001601636 -0.009818911 -0.06241822 0.001778304 -0.01027292 -0.06232851 0.002037942 -0.009878277 -0.06302088 0.001511931 -0.01057022 -0.06259971 0.002064049 -0.01070582 -0.06224071 0.002183973 -0.01025497 -0.06303256 0.00173211 -0.0107674 -0.06325286 0.001719057 -0.01134252 -0.06214672 0.002240538 -0.01147598 -0.06245619 0.002162575 -0.01074373 -0.06355518 0.001391351 -0.01094144 -0.06289267 0.002004265 -0.01184165 -0.06201958 0.002172768 -0.01154875 -0.06281197 0.002011358 -0.01094835 -0.06377279 0.001042485 -0.01235568 -0.06229025 0.001921415 -0.01134568 -0.06326681 0.001728057 -0.01165139 -0.06351709 0.001380383 -0.01246541 -0.06196236 0.001912653 -0.0112347 -0.06364989 0.001266241 -0.01216346 -0.06260383 0.001921832 -0.01206701 -0.06304705 0.001708686 -0.01290571 -0.06183648 0.001579046 -0.01183283 -0.06369608 9.68913e-4 -0.01310867 -0.06215101 0.001328051 -0.01329046 -0.06179904 0.001129269 -0.01271826 -0.06259942 0.001565575 -0.01226508 -0.0633583 0.001251518 -0.01248276 -0.06313127 0.001358687 -0.01352137 -0.06172275 6.61295e-4 -0.0130797 -0.06244087 0.001250684 -0.01355433 -0.06206363 5.34361e-4 -0.01364582 -0.06169211 2.25017e-4 -0.01364326 -0.06218576 1.0091e-4 -0.01253181 -0.06340003 9.08581e-4 -0.01369196 -0.06170845 -2.57857e-4 -0.0135203 -0.06236207 4.38776e-4 -0.01367616 -0.06205004 -4.5108e-4 -0.0136559 -0.0616874 -6.60661e-4 -0.0135616 -0.06177639 -0.001070022 -0.01359736 -0.06235557 -6.40068e-4 -0.01344609 -0.06275379 -6.071e-4 -0.01323121 -0.06310606 -3.73152e-4 -0.01339715 -0.0620808 -0.001400113 -0.01341611 -0.06175643 -0.001393258 -0.01319074 -0.06178903 -0.00176388 -0.01287078 -0.06181108 -0.002112805 -0.01283854 -0.06219065 -0.002099275 -0.01263993 -0.06195348 -0.002292573 -0.01231735 -0.06193178 -0.002491056 -0.01276278 -0.0625652 -0.00203371 -0.01187986 -0.0623486 -0.002611815 -0.01191598 -0.06197905 -0.002645611 -0.01246225 -0.06308007 -0.001912772 -0.01221495 -0.06256532 -0.002404332 -0.01218801 -0.06294536 -0.00221157 -0.01208478 -0.06335985 -0.001865625 -0.009203553 -0.06284475 -0.001407444 -0.0129224 -0.05753654 1.44093e-4 -0.01271802 -0.05757772 8.63631e-4 -0.01212817 -0.05768913 0.001657724 -0.01128113 -0.05784541 0.002156972 -0.01030957 -0.05802202 0.002283096 -0.009365558 -0.05819141 0.002016365 -0.008596777 -0.05832701 0.001398563 -0.008123695 -0.0584076 5.26402e-4 -0.008020222 -0.05842053 -4.63591e-4 -0.008277654 -0.05836874 -0.001359224 -0.008748173 -0.05827975 -0.00201106 -0.009236395 -0.05818921 -0.002386033 -0.009913921 -0.05806487 -0.002675354 -0.01089096 -0.05788779 -0.002708196 -0.01180374 -0.05772459 -0.00235486 -0.01251143 -0.05760043 -0.001670539 -0.01292586 -0.05753117 -6.81715e-4 -0.010149 -0.06746512 0.001139402 -0.0105797 -0.06689041 0.001101016 -0.00993663 -0.06798189 0.001164197 -0.01129978 -0.06634533 0.001036047 -0.009820163 -0.06902974 0.001183211 -0.01220309 -0.06607007 9.59866e-4 -0.01009452 -0.06999105 0.001169502 -0.01320511 -0.06612384 8.7793e-4 -0.01065313 -0.07076066 0.001130461 -0.01406997 -0.06651872 8.10229e-4 -0.0112645 -0.07119596 0.001084029 -0.01477777 -0.06719696 7.57964e-4 -0.01194721 -0.07146227 0.001030087 -0.01515358 -0.06794786 7.32191e-4 -0.0124557 -0.07152289 9.88568e-4 -0.01321631 -0.07144302 9.252e-4 -0.01527518 -0.06892156 7.32672e-4 -0.01403272 -0.07108932 8.5496e-4 -0.01511329 -0.06971192 7.53345e-4 -0.01473826 -0.07042551 7.90625e-4 -0.01228159 -0.0715506 -0.001505136 -0.01239109 -0.07166445 -0.001207351 -0.01294839 -0.07162374 -0.001195669 -0.01234114 -0.07178616 -6.94775e-4 -0.01319104 -0.07171505 -4.64327e-4 -0.01184403 -0.07162368 -0.001123011 -0.01136976 -0.07137084 -0.001431524 -0.01247936 -0.07181084 -1.48155e-4 -0.01136958 -0.07156455 -7.95337e-4 -0.01174515 -0.07171881 -4.78308e-4 -0.01298499 -0.07169032 3.44767e-4 -0.0110554 -0.07131755 -0.001159608 -0.0106002 -0.07091486 -0.001372337 -0.01256406 -0.07169711 5.31417e-4 -0.01054972 -0.07100254 -0.001067399 -0.01098525 -0.07143002 -4.91441e-4 -0.0117076 -0.07168805 1.1377e-4 -0.01197737 -0.07164674 5.69662e-4 -0.0105459 -0.0711261 -5.06831e-4 -0.01132482 -0.07154595 2.29876e-4 -0.01019525 -0.0705077 -0.001340925 -0.01015722 -0.07070595 -7.17727e-4 -0.01069176 -0.07121634 1.39271e-4 -0.01151221 -0.0714727 7.26082e-4 -0.009890913 -0.07021588 -0.001008093 -0.009780645 -0.06975948 -0.001315355 -0.0101909 -0.07078444 -8.5549e-5 -0.01095014 -0.07123726 6.54433e-4 -0.009611129 -0.06951099 -0.001026868 -0.009749531 -0.07010471 -5.76781e-4 -0.009903609 -0.07040232 -2.31205e-4 -0.01065927 -0.07096683 7.88745e-4 -0.009607195 -0.06873464 -0.001310169 -0.009933471 -0.07033944 3.33469e-4 -0.01021039 -0.07059937 6.34923e-4 -0.009516477 -0.06943345 -5.38733e-4 -0.009586155 -0.06972014 -4.27747e-5 -0.009483993 -0.06887763 -8.29747e-4 -0.009743869 -0.06996887 3.45823e-4 -0.01001608 -0.07014477 8.68183e-4 -0.009494662 -0.06841087 -7.42562e-4 -0.009731233 -0.0680232 -0.001326978 -0.009457051 -0.06907522 -4.06208e-5 -0.009709 -0.06767463 -8.73152e-4 -0.009463071 -0.0683974 -2.87538e-4 -0.009709477 -0.06951409 7.53066e-4 -0.01015496 -0.06715422 -0.001369953 -0.009595155 -0.06784498 -4.61448e-4 -0.009517312 -0.06847357 3.47931e-4 -0.009624004 -0.06905525 7.34418e-4 -0.0100677 -0.06715404 -0.001119256 -0.009656012 -0.06783694 3.31202e-4 -0.009694099 -0.06866002 9.15107e-4 -0.01007938 -0.06694698 -5.23486e-4 -0.009830832 -0.06731015 -2.46917e-4 -0.01052725 -0.06662988 -0.001105368 -0.01104575 -0.06638997 -0.001448988 -0.00988698 -0.06726145 1.07762e-4 -0.00978434 -0.06801778 8.77098e-4 -0.01040786 -0.06661933 -6.56519e-4 -0.01090669 -0.06625688 -7.64377e-4 -0.01007276 -0.06716722 5.84725e-4 -0.01058071 -0.06644058 -2.56854e-4 -0.0103504 -0.06669586 2.18136e-4 -0.01171261 -0.06603652 -0.001232981 -0.01166057 -0.0661661 -0.00150299 -0.01146531 -0.06599473 -7.49295e-4 -0.01123601 -0.06603962 -2.23256e-4 -0.01045668 -0.0667507 6.44155e-4 -0.01245182 -0.06606972 -0.001569032 -0.01095265 -0.06621992 1.08776e-4 -0.0118215 -0.06587737 -6.66577e-4 -0.01083165 -0.06643271 6.34075e-4 -0.01231384 -0.06590825 -0.001093208 -0.01290118 -0.06594556 -0.001144349 -0.01147764 -0.0660209 3.43664e-4 -0.01250982 -0.06580895 -6.21445e-4 -0.01208937 -0.06581187 -7.92261e-5 -0.01357656 -0.06635898 -0.001659095 -0.01168084 -0.06607586 7.28807e-4 -0.01338434 -0.06605607 -0.001083672 -0.01222366 -0.06585472 2.97507e-4 -0.01396137 -0.06638574 -0.001270592 -0.01333212 -0.06592816 -5.11505e-4 -0.01281076 -0.06581825 -1.47046e-4 -0.01274645 -0.06589657 4.5142e-4 -0.01389998 -0.06620246 -7.32531e-4 -0.0143392 -0.06695163 -0.001716554 -0.01337629 -0.06594717 -9.34269e-5 -0.01447188 -0.06688517 -0.001419544 -0.01316165 -0.06597459 4.66673e-4 -0.01435613 -0.06654578 -8.69271e-4 -0.01372826 -0.06608825 -2.46241e-5 -0.01473802 -0.06749987 -0.00174421 -0.01465058 -0.06683951 -8.90871e-4 -0.01429677 -0.06642639 -1.64387e-4 -0.01385951 -0.06625163 4.80303e-4 -0.01490896 -0.06727242 -0.001101613 -0.01510751 -0.06783872 -0.001325726 -0.01502579 -0.06832367 -0.001760661 -0.01467984 -0.06679761 -6.07848e-5 -0.01499819 -0.06721413 -5.03667e-4 -0.01442801 -0.06665354 4.28801e-4 -0.01517903 -0.06859695 -0.001527249 -0.01531362 -0.06831586 -0.001071512 -0.01527988 -0.06781297 -5.35341e-4 -0.01504337 -0.06921994 -0.001753866 -0.0149405 -0.06722635 3.12773e-4 -0.01518172 -0.06757485 -2.84578e-5 -0.01523607 -0.0691331 -0.001359641 -0.01539039 -0.06828898 -6.36686e-4 -0.0154196 -0.06894564 -7.3279e-4 -0.015383 -0.06821 -2.34685e-5 -0.0150364 -0.06987529 -0.001377642 -0.01482373 -0.06993883 -0.00172913 -0.0152738 -0.0696147 -9.39192e-4 -0.01545083 -0.06880998 -1.44237e-4 -0.01536542 -0.06847888 3.49548e-4 -0.01459044 -0.0703758 -0.001704692 -0.01537638 -0.06948828 -2.89621e-4 -0.0144034 -0.07076936 -0.001443624 -0.01497441 -0.0702759 -9.81978e-4 -0.01534909 -0.06922656 3.86652e-4 -0.0151534 -0.07012802 -2.00758e-4 -0.01383382 -0.07111775 -0.001637041 -0.01448613 -0.07088315 -0.001035928 -0.0149067 -0.0705077 -5.59546e-4 -0.01518714 -0.0699042 3.02788e-4 -0.0138911 -0.07122254 -0.001332163 -0.01497757 -0.07040756 -8.51585e-5 -0.01443713 -0.07102167 -6.73585e-4 -0.01403915 -0.07130396 -7.93106e-4 -0.01460438 -0.07089596 -1.86858e-4 -0.01350122 -0.07151973 -0.001050531 -0.01481109 -0.07058721 2.24876e-4 -0.0130167 -0.07145774 -0.001566529 -0.01401662 -0.07136946 -1.86157e-4 -0.01445007 -0.070912 4.6575e-4 -0.01398986 -0.07128322 4.25568e-4 -0.01344949 -0.07161396 4.73113e-5 -0.01360386 -0.07145464 5.24319e-4 -0.009912073 -0.06011873 9.34445e-4 -0.00866425 -0.05018389 0.00128144 -0.01047629 -0.0600183 0.001232504 -0.009396255 -0.05005145 0.00129348 -0.01110994 -0.05990362 0.001243889 -0.0116567 -0.05980342 0.001029014 -0.01004856 -0.0499314 9.57207e-4 -0.01206922 -0.05972629 6.07959e-4 -0.01041579 -0.04986184 4.30347e-4 -0.01228755 -0.05968385 1.09306e-4 -0.01054346 -0.04983568 -9.89327e-5 -0.01230669 -0.05967694 -4.85383e-4 -0.01042973 -0.04985231 -7.83268e-4 -0.01212143 -0.05970752 -9.96974e-4 -0.009904921 -0.0499435 -0.001436352 -0.01177293 -0.05976819 -0.001412928 -0.01129972 -0.05985236 -0.001670181 -0.009164333 -0.05007612 -0.00168991 -0.0107336 -0.0599544 -0.00174576 -0.008536875 -0.05019026 -0.001593947 -0.01005101 -0.06007927 -0.001525521 -0.007991075 -0.05029118 -0.001236557 -0.00951147 -0.06018042 -9.30966e-4 -0.007661223 -0.05035406 -6.86136e-4 -0.009352266 -0.06021386 -1.38223e-4 -0.007578015 -0.05037218 -1.6244e-4 -0.007683753 -0.0503562 3.87732e-4 -0.00955981 -0.06018012 5.23108e-4 -0.008041977 -0.05029445 9.20164e-4 -0.01103651 -0.04974639 -1.00767e-4 -0.01097649 -0.04975408 -6.47669e-4 -0.01087456 -0.04977995 6.28807e-4 -0.01078659 -0.04978549 -0.001159608 -0.01052176 -0.04984694 0.001167356 -0.01035237 -0.04986095 -0.001700997 -0.01002663 -0.04993897 0.001577258 -0.009806931 -0.04995775 -0.00203818 -0.009088099 -0.05008697 -0.002196967 -0.009279131 -0.0500757 0.001820027 -0.008643388 -0.05019056 0.001778304 -0.008224487 -0.05024439 -0.002010524 -0.008104503 -0.05028694 0.001576662 -0.007595717 -0.05036103 -0.001532971 -0.007568895 -0.05038136 0.001139104 -0.007188439 -0.0504387 -8.51731e-4 -0.007251262 -0.05043584 6.17206e-4 -0.007086813 -0.050462 -1.04046e-5 -5.00179e-4 -0.008977472 0.001101613 -0.002695024 -0.01874423 0.001345157 -0.001072227 -0.008876085 0.001481592 -0.003270685 -0.01864099 0.001517772 -0.001636862 -0.00877434 0.001563608 -0.002208113 -0.008670151 0.001432061 -0.004034519 -0.01850181 0.001354277 -0.002685189 -0.008581638 0.001062095 -0.004543364 -0.0184071 9.14951e-4 -0.00298649 -0.008524119 5.51158e-4 -0.004812896 -0.01835495 3.31948e-4 -0.003056049 -0.008507788 -8.92511e-5 -0.004818379 -0.01835048 -2.63956e-4 -0.002904355 -0.008532226 -6.12238e-4 -0.004631996 -0.01838123 -7.75271e-4 -0.002477228 -0.008606433 -0.001156628 -0.004309773 -0.01843738 -0.001149952 -0.00375694 -0.01853567 -0.001464605 -0.001667082 -0.008751332 -0.001458108 -0.003024041 -0.01866835 -0.001468718 -9.03815e-4 -0.008890509 -0.001291811 -0.002408742 -0.01878148 -0.001168429 -4.49186e-4 -0.008974969 -9.16962e-4 -0.002017438 -0.01885539 -6.41126e-4 -1.57971e-4 -0.009030699 -4.00678e-4 -0.001873314 -0.01888483 -6.44537e-5 -1.20962e-4 -0.009042084 4.07934e-4 -0.001954436 -0.01887327 4.75052e-4 -0.002236008 -0.01882535 9.97581e-4 -0.005321443 -0.01825946 -2.4963e-4 -0.005270719 -0.01827329 5.46159e-4 -0.005137503 -0.01828914 -8.70169e-4 -0.00481981 -0.01835972 0.001374602 -0.004772663 -0.01835215 -0.001402556 -0.004300415 -0.01843553 -0.001759111 -0.004175066 -0.0184791 0.001830935 -0.003795683 -0.01852577 -0.001955091 -0.003462612 -0.01860916 0.002015829 -0.003158867 -0.01864081 -0.00199759 -0.002639591 -0.01875734 0.001876533 -0.002590477 -0.01874464 -0.001845002 -0.002045929 -0.0188452 -0.001505851 -0.002055346 -0.01886099 0.001507937 -0.001549243 -0.01893907 -8.25381e-4 -0.001595735 -0.0189408 9.23862e-4 -0.001376092 -0.01897555 5.44716e-5 -0.002153694 -0.003908693 -0.001123368 -0.002407848 -0.005108952 -0.001107275 -0.002247273 -0.004126906 -0.00107038 -0.002299845 -0.004178822 -9.88511e-4 -0.003106594 -0.002408981 -9.9058e-4 -0.002346575 -0.003652215 -9.81777e-4 -0.002376675 -0.003466904 -0.001026988 -0.002472817 -0.002958953 -0.001106858 -0.002632081 -0.002956092 -0.001004397 -0.003296017 -0.001993656 -0.00107485 -0.003592908 -0.001674532 -9.41566e-4 -0.003816962 -9.54938e-4 -0.001008093 -0.003749608 -8.69102e-4 -0.001059293 -0.003853321 -9.67926e-4 -9.17113e-4 -0.003977894 -3.18457e-4 -9.05288e-4 -0.003915727 1.98915e-5 -0.001023173 -0.00399065 2.36133e-4 -9.10685e-4 -0.003794491 7.99998e-4 -0.00104314 -0.003933191 7.47818e-4 -9.41281e-4 -0.003796696 0.001310467 -9.39057e-4 -0.003491222 0.001766979 -0.001038253 -0.003510832 0.002013146 -8.97078e-4 -0.003363132 0.002165496 -9.88859e-4 -0.002970039 0.00276792 -9.12522e-4 -0.002262473 0.003225266 -0.001054286 -0.002792358 0.002840697 -0.001023113 -0.002443194 0.003249287 -9.14485e-4 -0.002038419 0.003521263 -9.56154e-4 -0.001373946 0.003702342 -0.00106877 -0.001491963 0.00378549 -9.67817e-4 -8.25441e-4 0.004003643 -9.48577e-4 -8.03432e-4 0.003904879 -0.001074135 -8.66452e-5 0.004089951 -9.42321e-4 8.05783e-5 0.004013359 -0.001072049 6.60517e-4 0.004035174 -9.79276e-4 0.001323521 0.003728985 -0.001128554 0.001076221 0.003893971 -0.001069307 0.001474082 0.003808677 -9.93129e-4 0.001935899 0.003574907 -0.001045346 0.002444803 0.003085374 -0.001160681 0.002468407 0.003225624 -0.001061558 0.003068149 0.002656817 -0.001037776 0.00297755 0.002626419 -0.001154899 0.003515422 0.001997113 -0.001058757 0.003474533 0.001977264 -0.001140236 0.003463029 0.001779854 -0.001196205 0.003785967 0.001373112 -0.00106281 0.003764748 0.001149117 -0.001186251 0.003943562 7.56767e-4 -0.001078903 0.003873169 -1.79111e-4 -0.001224219 0.003980576 2.73316e-4 -0.001131296 0.003952085 -1.91515e-4 -0.001157283 0.003942549 -6.09786e-4 -0.001075923 0.003705203 -0.001197457 -0.001203 0.003781199 -0.001198232 -0.001096129 0.003552734 -0.001747131 -0.001092791 0.003300607 -0.001964151 -0.001224458 0.003177821 -0.002332866 -0.001094043 0.002856492 -0.002584457 -0.001201272 0.002640724 -0.002918839 -0.001083433 0.002091884 -0.003150284 -0.001212894 0.002112209 -0.003292858 -0.001119911 0.0013417 -0.003627538 -0.001174569 0.00133723 -0.003733098 -0.001069188 0.001052618 -0.003699064 -0.00119996 9.77611e-4 -0.004102826 -0.001063406 8.31131e-4 -0.004161715 -0.001168787 7.67292e-4 -0.004450917 -0.001060247 5.38407e-4 -0.004622459 -0.001191675 6.38817e-4 -0.004758 -0.001095354 3.88243e-4 -0.005593478 -0.001193761 5.05664e-4 -0.005566954 -9.61438e-4 5.63591e-4 -0.005354821 -1.05825e-4 5.5954e-4 -0.005485713 7.89748e-4 0.001554071 -0.003648817 0.00114715 0.001208066 -0.003923356 0.001153469 8.75103e-4 -0.004352152 0.001154005 6.87903e-4 -0.004819929 0.001154243 0.002107918 -0.003346383 0.001179754 0.00257498 -0.003016471 0.001177608 0.002894937 -0.002742648 0.001124799 0.003580272 -0.001803338 0.001116752 0.003841876 -0.001201868 0.001121222 0.003986358 -5.64904e-4 0.001168131 0.004038929 9.00789e-5 0.001164972 0.003999352 6.78583e-4 0.001140892 0.003815591 0.001414656 0.001146912 0.003523051 0.002025067 0.001206815 0.003181457 0.00255692 0.00117278 0.002870023 0.00288707 0.001230895 0.002406239 0.003285467 0.001241624 0.001715898 0.003704786 0.00121653 0.001037895 0.003929674 0.001279115 5.23081e-4 0.004040658 0.001250505 -0.001180171 0.003871202 0.001286029 -0.001845538 0.003596603 0.0012753 -0.002435088 0.003205895 0.00130701 -0.003008186 0.002623856 0.001359522 -0.003405034 0.002076745 0.0013116 -0.00364685 0.001545906 0.001362085 -0.003820896 0.00107783 0.001299083 -0.003938019 3.59755e-4 0.001318871 -0.003895044 -6.0653e-4 0.001299798 -0.003655612 -0.001435995 0.001279711 -0.003403723 -0.001937448 0.001278877 -0.003069221 -0.002432525 0.001262128 -0.002261221 -0.004285812 0.001225948 -0.002266526 -0.003834605 0.001233339 -0.002410709 -0.003314256 0.001237273 -0.00265479 -0.002896606 0.001248836 -0.002424955 -0.004937112 -6.29932e-4 -0.002384722 -0.004823207 2.67041e-4 -0.002406537 -0.005051791 0.00112003 6.30113e-4 -0.004717707 0.001271367 6.53693e-4 -0.004300355 0.001303613 4.92463e-4 -0.005654513 0.001247107 8.71292e-4 -0.00419861 0.001268446 0.001352548 -0.003716707 0.001235961 0.001425921 -0.003568887 0.001287221 0.002165436 -0.003175735 0.001273214 -0.00246644 -0.00290817 0.001381814 0.002871513 -0.00256747 0.001266658 0.003265023 -0.002285957 0.001166045 0.003566384 -0.00168401 0.001235663 0.003782153 -9.34322e-4 0.001263618 0.00391674 1.7301e-4 0.001269638 0.003893911 8.05319e-4 0.001255095 0.003760457 0.00126481 0.0012784 0.003168284 0.002367675 0.001305878 0.002469003 0.003076732 0.001331329 0.001653313 0.003648459 0.001330018 9.95244e-4 0.003811895 0.001371383 -1.46698e-4 0.003934502 0.001399934 -5.39367e-5 0.0040555 0.001305222 -6.37467e-4 0.003992676 0.00131613 -0.001304864 0.003743112 0.001397371 -0.001927554 0.00338447 0.001432061 -0.002201139 0.003281235 0.001414597 -0.003218173 0.002178847 0.001444697 -0.003628015 0.001231014 0.001448929 -0.003863394 5.96661e-4 0.001393258 -0.003826022 2.59782e-5 0.001441836 -0.003862082 -4.85811e-4 0.001386225 -0.00359261 -0.001368582 0.001400649 -0.003160417 -0.002097666 0.001405954 -0.003130137 -0.002275288 0.001351654 -0.002486586 -0.003037333 0.001326084 -0.002209663 -0.003668427 0.001343131 -0.002041816 -0.003775537 0.001369118 -0.002172768 -0.004249691 0.001337051 -0.002297818 -0.005117833 0.001351892 2.65732e-4 -0.007079839 1.51933e-5 -0.00106126 -0.005921423 7.57665e-5 1.31589e-4 -0.007057011 6.9046e-4 -1.58862e-4 -0.0070073 0.001119375 -0.001459062 -0.006773769 0.001560747 -0.002502262 -0.006581008 8.22595e-4 -4.61693e-4 -0.006953537 0.001358151 -0.002644896 -0.006552159 4.83978e-4 -8.73333e-4 -0.006879806 0.001537382 -0.002238988 -0.006631433 0.001171588 -0.001874268 -0.006698131 0.001419126 -0.002056777 -0.006650149 -0.001176655 -0.002703964 -0.006540298 4.6033e-5 -0.002606332 -0.006556272 -4.75252e-4 -0.002381563 -0.006593108 -8.59582e-4 -0.001656234 -0.006721317 -0.001364588 -0.001218318 -0.006799995 -0.001438558 -6.24204e-4 -0.006909668 -0.001311779 -1.63347e-4 -0.00699383 -9.89142e-4 1.37815e-4 -0.007052004 -5.30355e-4 -4.8527e-4 -0.01100862 3.93105e-4 -8.19265e-4 -0.01095199 0.001055121 -0.001296699 -0.01086753 0.001404285 -0.001859962 -0.0107665 0.001562833 -0.002485156 -0.01065266 0.001446902 -0.00290215 -0.01057565 0.001189827 -0.00331515 -0.01049768 6.37868e-4 -0.003402471 -0.0104767 -2.50066e-4 -0.003075659 -0.01053202 -9.17095e-4 -0.002490699 -0.01063531 -0.00136435 -0.001859605 -0.01074904 -0.001454353 -0.001383006 -0.01083594 -0.001354336 -8.92813e-4 -0.01092654 -0.001029372 -5.03046e-4 -0.01100075 -4.00532e-4 -4.87742e-4 -0.005057513 -0.001178979 -0.001203 -0.006461679 -0.002412915 -0.001625657 -0.006562054 -0.002389848 -0.001134991 -0.006014764 -0.002271473 -0.001486659 -0.005597174 -0.002030968 -0.001055777 -0.005609869 -0.002029061 -0.0010522 -0.005150675 -0.001565039 -0.00161761 -0.004922568 -0.001152276 -0.002494812 -0.005309939 -0.001340746 -0.003005325 -0.005245685 -4.45927e-4 -0.002711892 -0.005071043 -5.95853e-4 -0.002735316 -0.005138754 8.80302e-4 -0.002884209 -0.005579829 0.00141251 -0.003137469 -0.005545139 9.58708e-4 -0.002417623 -0.00533986 0.001580119 4.69512e-4 -0.005847334 0.001508057 8.10496e-4 -0.006248593 0.001351416 7.81368e-4 -0.005711257 7.53539e-4 0.001007318 -0.006000995 6.12384e-4 7.82598e-4 -0.005766391 -7.23334e-4 8.1395e-4 -0.006228208 -0.001190304 0.001004755 -0.00628066 -8.33907e-4 -8.65054e-4 -0.006680846 -0.002405285 -6.53739e-4 -0.005754649 -0.002056181 -6.55195e-4 -0.005226135 -0.001541078 -0.002118527 -0.006414353 -0.002232193 -0.001950562 -0.00608915 -0.002207517 -0.002535581 -0.006297528 -0.002001821 -0.002919912 -0.006264865 -0.001685261 -0.002163827 -0.005780816 -0.001970112 -0.001871168 -0.005427062 -0.001807034 -0.002857625 -0.005926311 -0.001585423 -0.002405464 -0.005577445 -0.001692414 -0.003204047 -0.006108283 -0.001300334 -0.00163871 -0.00509268 -0.001465439 -0.002039909 -0.005167126 -0.001441895 -0.003447055 -0.00615096 -8.71772e-4 -0.002823173 -0.005573987 -0.001344203 -0.003359198 -0.005840778 -7.61007e-4 -0.00360769 -0.006148338 -3.21362e-4 -0.003156423 -0.005567193 -8.21538e-4 -0.003629267 -0.006134092 2.36441e-4 -0.003501713 -0.005815088 1.54735e-4 -0.003335475 -0.005587816 -3.01292e-4 -0.003054261 -0.005232453 3.11505e-4 -0.00348258 -0.006172835 9.47806e-4 -0.003332734 -0.005845487 9.72734e-4 -0.003338873 -0.005558371 3.1604e-4 -0.00271064 -0.004975557 8.92671e-5 -0.003159165 -0.006231009 0.001558125 -0.00277549 -0.005977332 0.001832544 -0.002757012 -0.006303727 0.001983463 -0.002348005 -0.006344497 0.00225991 -0.002644538 -0.00570029 0.001750648 -0.0018996 -0.006112992 0.002362728 -0.001858651 -0.006480991 0.002470433 -0.002281665 -0.005688846 0.00199306 -0.001769423 -0.005468487 0.002010881 -0.001226425 -0.006575047 0.002564907 -0.001088559 -0.006265521 0.002495288 -0.001773416 -0.005165934 0.001682519 -0.001612663 -0.005828917 0.002305686 -7.68051e-4 -0.006876349 0.002537488 -5.14769e-4 -0.006646275 0.002470016 -0.001006901 -0.005909621 0.002348959 -0.001548409 -0.004948079 0.001346707 -1.9606e-4 -0.006431281 0.002307057 -0.001192748 -0.005454599 0.002054393 -8.66739e-4 -0.005204081 0.001725792 -4.00081e-5 -0.006796896 0.002279758 -0.001275837 -0.005071163 0.001587092 -3.87988e-4 -0.006117761 0.002296209 -4.71528e-4 -0.005674362 0.002077996 3.73457e-4 -0.006884753 0.001997828 -6.61108e-4 -0.005024731 0.001326024 5.91114e-4 -0.0065701 0.001759648 7.31626e-4 -0.006950974 0.00163263 1.87175e-4 -0.006121933 0.001973748 -2.46562e-4 -0.005362749 0.001633822 9.70231e-4 -0.006970047 0.001280248 -3.5552e-5 -0.005589842 0.001753568 5.66743e-4 -0.006280183 0.00168091 0.001083314 -0.006656885 9.93992e-4 0.001159548 -0.007004082 8.28164e-4 0.001198053 -0.006534278 5.66634e-4 4.03509e-5 -0.005320787 0.001307368 0.001260757 -0.007044434 2.6423e-4 0.001055061 -0.006358325 8.96781e-4 0.001259148 -0.006671249 1.57655e-4 0.001266717 -0.007006227 -1.20701e-4 0.00122708 -0.006699383 -3.83886e-4 0.00111556 -0.006997942 -8.17241e-4 0.001196563 -0.006363987 -1.75456e-4 0.001043558 -0.005965769 -1.51402e-4 8.15094e-4 -0.005613744 6.95635e-5 0.001042127 -0.006638169 -9.46425e-4 8.42585e-4 -0.006928384 -0.001344025 5.19592e-4 -0.006905436 -0.001726031 5.26331e-4 -0.006527781 -0.001677691 1.53505e-4 -0.006765484 -0.002029478 4.46781e-4 -0.006153225 -0.001616418 -3.99945e-4 -0.006369411 -0.002246499 -3.58982e-4 -0.006732404 -0.002277016 1.3954e-4 -0.005638539 -0.001513302 -7.78996e-5 -0.006152868 -0.002019166 -1.16316e-4 -0.005773007 -0.001828074 -2.40061e-4 -0.005358755 -0.001488566 4.78143e-4 -0.01118439 6.29938e-4 2.57163e-5 -0.01110804 0.00158286 -7.14288e-4 -0.0109778 0.002235889 -0.001645267 -0.01081109 0.00254637 -0.002621591 -0.01063388 0.002465784 -0.003490269 -0.0104739 0.002006649 -0.004115462 -0.0103563 0.001240909 -0.00439924 -0.01029938 2.88471e-4 -0.004297196 -0.01031208 -7.01727e-4 -0.003788173 -0.01039886 -0.001624822 -0.003000617 -0.01053804 -0.002217769 -0.002296149 -0.01066434 -0.002430856 -0.00150156 -0.01080816 -0.002430021 -5.92791e-4 -0.01097482 -0.002068281 1.07363e-4 -0.01110559 -0.001377403 4.95197e-4 -0.01118123 -4.45677e-4 -0.002219557 -0.001463711 0.001396059 -0.001580119 -0.002135336 0.001375019 -0.002602696 -6.44199e-4 0.001410186 -0.002684354 -4.6787e-5 0.001420438 -7.04245e-4 -0.002566516 0.001351237 -0.002563178 8.77677e-4 0.001426696 7.1417e-4 -0.002596914 0.001319169 -0.00225979 0.001518309 0.00142616 -0.001848399 0.00203973 0.001422286 0.00158149 -0.002202033 0.001303613 -0.001235246 0.002475142 0.001412808 0.001861155 -0.002005457 0.001297414 -5.50713e-4 0.002741396 0.001400053 0.002514719 -0.001135587 0.001293241 2.41966e-4 0.002794802 0.001382529 0.002777814 -2.20823e-4 0.001296341 7.22379e-4 0.002722144 0.001371145 0.001557409 0.002357184 0.001348972 0.002712249 7.28592e-4 0.001307189 0.002267658 0.00169444 0.001325547 4.75208e-4 0.002933263 -7.38104e-4 -6.53793e-5 0.002831637 -0.001110553 -3.30982e-4 0.002916932 -8.29158e-4 5.64548e-5 0.003065407 -2.8645e-4 5.16885e-4 0.003037393 -8.5321e-5 -9.11441e-4 0.002673745 -0.001093089 -4.27396e-4 0.003020882 -3.29718e-4 5.20833e-4 0.003018796 5.03351e-4 -0.001052558 0.002792239 -6.30476e-4 1.00907e-4 0.00305891 5.35354e-4 -0.001632869 0.002447187 -7.36532e-4 -0.00169152 0.002247333 -0.001079678 -4.50834e-4 0.003052175 1.75387e-4 5.12232e-4 0.002934217 9.1766e-4 -0.001089751 0.002864181 -1.35482e-4 -8.32267e-4 0.00294578 4.28274e-4 -3.31835e-4 0.002950549 9.61845e-4 -0.001777887 0.002478003 -1.55949e-4 -0.002085208 0.001877903 -0.00107336 -0.001370787 0.002738118 2.67522e-4 -0.002236545 0.00199896 -3.96725e-4 -9.66853e-4 0.002752006 0.001070439 -0.002469062 0.001540958 -7.24544e-4 -0.001329243 0.002676486 7.98837e-4 -0.002622663 9.21498e-4 -0.001072168 -0.001897394 0.0023548 5.66411e-4 -0.002236008 0.002055048 2.97372e-4 -0.002666294 0.001123547 -7.24864e-4 -0.001539468 0.002442479 0.001120269 -0.002512931 0.00168097 -1.15304e-4 -0.002803862 5.9696e-4 -7.72292e-4 -0.002803683 0.001015007 -3.12924e-4 -0.002599477 0.001541435 2.6636e-4 -0.002134978 0.001963973 0.001039028 -0.00274378 1.38632e-6 -0.001076996 -0.002922654 3.54266e-4 -4.14039e-4 -0.002520382 0.001456618 9.47478e-4 -0.002865016 9.23353e-4 8.35865e-5 -0.002745926 0.001053154 7.78366e-4 -0.002697408 -3.89259e-4 -0.001082897 -0.002956807 -1.64549e-4 -2.22047e-4 -0.002978384 2.52256e-4 1.08289e-4 -0.002891123 7.11683e-4 4.8001e-4 -0.002821803 -5.54183e-4 -6.18887e-4 -0.00268346 -9.93626e-4 -6.52609e-4 -0.002498447 -0.001017153 -0.001094043 -0.002887189 -6.28516e-4 -1.28945e-4 -0.002946078 1.44054e-4 5.6815e-4 -0.002798914 4.87538e-4 0.001059532 -0.002479374 -0.001466631 -5.45494e-4 -0.002175807 -0.001581966 -0.001105368 -0.002899527 -5.20574e-4 5.2712e-4 -0.002852618 2.17644e-5 9.90077e-4 -0.002696156 -0.001203894 5.93589e-5 -0.001840353 -0.002089262 -8.20312e-4 -0.001497507 -0.002214968 -0.001128315 -0.002722322 -9.83416e-4 7.29342e-4 -0.002082049 -0.001988947 -4.55929e-4 -0.002221703 -0.001922786 4.16186e-5 -0.002435743 -0.001602888 5.49033e-4 -0.00126326 -0.002467334 -8.4154e-4 -0.00155574 -0.002456724 -2.74556e-4 -0.002474129 -0.001323461 0.001015841 -0.00179708 -0.002316594 1.27788e-4 -4.9102e-4 -0.002604722 -0.001154661 -0.001998662 -0.002067625 7.03618e-4 -5.60956e-4 -0.002765774 -6.952e-4 -9.56478e-4 -0.002743303 -2.76995e-4 -0.002191245 -0.001667499 0.001151144 -0.001265585 -0.002628326 3.7348e-4 -1.61804e-5 -0.002780973 -8.22143e-4 -0.001519262 -0.002375483 9.35908e-4 5.9887e-4 -0.002588808 -0.00117886 6.90532e-4 -0.002733945 -7.45517e-4 -2.14631e-4 -0.002922534 7.35808e-5 -7.05184e-4 -0.002823173 3.96166e-4 2.63295e-4 -0.002890586 -3.22538e-4 -9.04757e-4 -0.002635121 0.00101298 0.001358687 -0.002286314 -0.001192748 -2.74718e-4 -0.00282824 8.50178e-4 4.91251e-4 -0.002895176 2.02913e-4 0.001542448 -0.002305924 -9.22639e-4 0.001256048 -0.002600908 -4.66356e-4 0.001079916 -0.002732813 -5.73513e-5 5.73886e-4 -0.002787947 8.62716e-4 0.001988232 -0.001782536 -0.001201927 0.00166893 -0.002411663 -2.92212e-4 1.48455e-4 -0.002675116 0.001328945 0.001891136 -0.002159833 -6.24688e-4 0.001037478 -0.002716481 5.55294e-4 0.002268791 -0.001634776 -9.32285e-4 0.001469194 -0.002540051 4.49474e-4 0.002527832 -9.79363e-4 -0.001206278 0.002301275 -0.001791656 -4.81798e-4 0.0022493 -0.001937329 -1.21245e-4 0.0019207 -0.002240478 4.4039e-4 0.001284182 -0.00250107 0.001008272 0.002679824 -0.001013755 -7.97446e-4 0.002633273 -0.001356959 -3.57071e-4 0.002811729 -4.18978e-4 -9.07977e-4 0.002352416 -0.001760065 6.17214e-4 0.002738595 1.02643e-4 -0.001200199 0.002563416 -0.001521408 2.69967e-4 0.002926111 -6.16434e-4 -3.18699e-4 0.00293225 2.41035e-5 -6.82002e-4 0.002744972 -0.001167476 4.60078e-4 0.002348124 -0.001616239 9.93216e-4 0.002911984 -7.10105e-4 4.35186e-4 0.002609252 9.35926e-4 -0.001188993 0.0028764 6.84008e-4 -6.38653e-4 0.00303626 -5.35615e-5 1.62039e-4 0.002671003 -0.001000702 0.001048803 0.002994179 4.33395e-4 -2.22581e-4 0.002725243 0.001119554 -7.26058e-4 0.002928376 -2.94623e-4 8.32882e-4 0.002492129 0.001458168 -9.15984e-4 0.002104103 0.001844227 -0.001168906 0.002842366 0.001095414 -1.81936e-4 0.002943456 7.90019e-4 2.91748e-4 0.002943217 3.11129e-4 8.37425e-4 0.00220263 0.00199145 -7.08772e-4 0.002535879 0.001644909 -4.25066e-4 0.001848161 0.002267181 -8.59965e-4 0.00284934 0.001086413 4.28651e-4 0.002843201 6.50353e-4 9.95328e-4 0.002628564 0.001582622 1.66561e-4 0.001359105 0.002471864 -0.001145958 0.002263307 0.002081811 -7.8564e-5 0.001408815 0.002586662 -8.01713e-4 0.001795649 0.002476274 -3.30079e-4 0.00257188 0.00157988 6.61769e-4 0.002645313 0.001256763 0.00100243 0.002300918 0.002017974 4.72673e-4 7.63602e-4 0.002717733 -0.001129984 0.002011239 0.002314805 4.59191e-4 9.72795e-4 0.0028764 -4.80885e-4 0.001341283 0.002783179 -7.99219e-5 0.001577258 0.002636671 4.84396e-4 0.001853525 0.002296566 0.001013755 9.33225e-4 0.002943933 3.12321e-4 0.001133143 0.002734065 9.94174e-4 -0.01060354 -0.05796295 0.001275599 -0.01092332 -0.05774492 9.18213e-4 -0.01113831 -0.05786526 0.001128971 -0.01132619 -0.05767035 6.42614e-4 -0.01170492 -0.0577597 6.55662e-4 -0.0116173 -0.05761206 1.62745e-4 -0.01195877 -0.05770987 -4.24756e-5 -0.01166898 -0.05760264 -2.74731e-4 -0.01191312 -0.0577147 -6.37486e-4 -0.01159358 -0.05761432 -6.70041e-4 -0.011644 -0.05776035 -0.001168131 -0.01133161 -0.05765932 -0.001086235 -0.01119345 -0.05783969 -0.001551508 -0.01093047 -0.05773037 -0.001365363 -0.01061773 -0.05794286 -0.001729667 -0.01037555 -0.05783128 -0.001466572 -0.009762763 -0.05809831 -0.001563727 -0.009910523 -0.05791532 -0.001326262 -0.009606182 -0.05797022 -0.001109898 -0.009211063 -0.05820178 -0.001001119 -0.009305477 -0.05802679 -6.42481e-4 -0.009015679 -0.05824041 -4.38549e-4 -0.009249746 -0.05804216 -7.2073e-5 -0.009050369 -0.05823761 1.57122e-4 -0.009405553 -0.05801671 3.95811e-4 -0.009395718 -0.05817872 8.14235e-4 -0.00972861 -0.05796033 7.64507e-4 -0.01002067 -0.05806803 0.001205682 -0.01030385 -0.05785971 0.001014351 -0.01039314 -0.05570447 -0.001410603 -0.01082938 -0.0556268 -0.001192569 -0.01118332 -0.05556797 -7.57017e-4 -0.01129239 -0.05554831 -3.30557e-4 -0.0112707 -0.05555421 7.13735e-5 -0.01106709 -0.05559366 5.19522e-4 -0.01070708 -0.05566072 8.50935e-4 -0.01019561 -0.05575478 0.001022279 -0.009721457 -0.055839 9.63551e-4 -0.009351491 -0.05590665 7.72825e-4 -0.009003877 -0.05596977 3.56807e-4 -0.008868396 -0.05598777 -1.81847e-4 -0.008952617 -0.05596965 -6.68144e-4 -0.009222149 -0.05591773 -0.001088619 -0.009765863 -0.05581593 -0.001421213 -0.009239077 -0.05821251 0.001702129 -0.008679449 -0.05831068 0.001170396 -0.009976565 -0.05808097 0.002031922 -0.008242905 -0.05838453 2.50322e-4 -0.01074391 -0.05794215 0.002066969 -0.008346796 -0.05835813 -0.001075923 -0.01152777 -0.05779898 0.001835405 -0.01242339 -0.05763244 0.00104475 -0.009029924 -0.0582289 -0.002013564 -0.0127595 -0.05756509 -3.20516e-5 -0.01000303 -0.05804985 -0.002489328 -0.01270329 -0.05757129 -7.0222e-4 -0.01103824 -0.05786252 -0.002481877 -0.01242208 -0.05761802 -0.001436471 -0.01181977 -0.05772322 -0.0020985 -0.009972989 -0.05562072 -0.001717209 -0.01052272 -0.0555216 -0.001644968 -0.01114767 -0.05541092 -0.001253485 -0.01149296 -0.05535203 -5.96578e-4 -0.01152765 -0.05534923 -8.08332e-7 -0.01133227 -0.05538791 5.61855e-4 -0.01093745 -0.05546194 0.001003146 -0.01038908 -0.05556267 0.001259028 -0.009521603 -0.05571979 0.001210808 -0.008899331 -0.05582934 7.28803e-4 -0.008630216 -0.05587494 1.9816e-4 -0.008584558 -0.05587977 -3.96954e-4 -0.008838474 -0.05582994 -0.001094996 -0.009404957 -0.05572444 -0.001568257 -0.008280277 -0.0559442 0.00124222 -0.008959829 -0.05582451 0.001802086 -0.007842481 -0.05601817 3.17905e-4 -0.009701788 -0.05569177 0.002074003 -0.01065075 -0.05551964 0.002022862 -0.007797837 -0.05602109 -5.648e-4 -0.01132583 -0.0553956 0.001699507 -0.008155465 -0.05595111 -0.001475989 -0.01186311 -0.05529534 0.001196742 -0.008825898 -0.05582565 -0.002161681 -0.01222395 -0.0552259 4.90395e-4 -0.01007461 -0.05559718 -0.002549529 -0.01232188 -0.05520242 -4.81315e-4 -0.01201379 -0.05525314 -0.001383006 -0.01136553 -0.05536609 -0.002120792 -0.01351505 -0.05692607 -4.2966e-4 -0.01296913 -0.05727642 7.82772e-4 -0.01252686 -0.05729711 0.001677513 -0.01213496 -0.05718839 0.002415299 -0.01097136 -0.05763441 0.002494633 -0.009853005 -0.05778867 0.002571165 -0.009022057 -0.05774396 0.002627015 -0.008628368 -0.05799961 0.001980662 -0.007900834 -0.05817109 8.67866e-4 -0.00727868 -0.05804669 -9.72697e-6 -0.007776796 -0.05818396 -9.59579e-4 -0.008335053 -0.05803614 -0.002132892 -0.008651673 -0.05777913 -0.002860248 -0.00919187 -0.05781692 -0.002896487 -0.01006096 -0.05777984 -0.002955257 -0.01099973 -0.05754631 -0.003020167 -0.01177549 -0.05722153 -0.003070294 -0.01256859 -0.05733633 -0.00193566 -0.01310014 -0.0571714 -0.001112282 -0.01280528 -0.05543667 -0.001073837 -0.01326364 -0.05554097 -4.26834e-4 -0.01206135 -0.05551868 -0.00218594 -0.01151347 -0.05583882 -0.003067791 -0.01014256 -0.05583858 -0.002973139 -0.009167551 -0.05608522 -0.002905964 -0.008405983 -0.05640631 -0.002853155 -0.008035123 -0.05629402 -0.002153694 -0.0074476 -0.05636119 -9.50543e-4 -0.007030248 -0.05667418 -1.57893e-6 -0.007570087 -0.0563488 8.77254e-4 -0.008294582 -0.05626362 0.001962244 -0.008806109 -0.05634975 0.002635896 -0.01006525 -0.05588412 0.002544581 -0.01105481 -0.0557692 0.002477049 -0.01189124 -0.05580818 0.002420842 -0.01222133 -0.05554825 0.001665592 -0.01274091 -0.05540722 5.726e-4 -0.001975595 -0.01088809 -0.00118786 -0.002052068 -0.01071423 -0.001454114 -0.002427339 -0.01080644 -0.001096129 -0.002586901 -0.01061826 -0.001306533 -0.002830326 -0.01073509 -8.19785e-4 -0.003153681 -0.01051861 -8.32241e-4 -0.003122568 -0.0106877 -3.39393e-4 -0.003407716 -0.01047646 -1.33613e-4 -0.00317347 -0.01067858 9.81502e-5 -0.003362178 -0.01048821 4.61356e-4 -0.00309807 -0.01069426 4.93323e-4 -0.003093183 -0.01053994 9.91537e-4 -0.002836227 -0.01074403 9.09053e-4 -0.00264281 -0.01062375 0.001374006 -0.002435147 -0.01081824 0.001187443 -0.002065122 -0.01072937 0.001551508 -0.00187999 -0.01091843 0.001287698 -0.001212179 -0.01088309 0.001383662 -0.001415133 -0.01100265 0.001146495 -0.001111268 -0.01105779 9.29588e-4 -6.60236e-4 -0.01097947 8.20059e-4 -8.10695e-4 -0.01111012 4.61642e-4 -4.6475e-4 -0.0110116 2.57231e-4 -7.54096e-4 -0.01111507 -1.08777e-4 -4.99249e-4 -0.01100188 -3.38465e-4 -9.0973e-4 -0.01108413 -5.76449e-4 -8.44457e-4 -0.01093572 -9.9495e-4 -0.001232683 -0.01102358 -9.44581e-4 -0.001469254 -0.01082015 -0.001385271 -0.001619935 -0.01095175 -0.001137852 -0.0023247 -0.01296162 0.001270294 -0.002696871 -0.0128948 0.001213371 -0.003078281 -0.0128237 0.001015186 -0.003431081 -0.01275455 5.80245e-4 -0.003540933 -0.01273459 1.54057e-4 -0.003519237 -0.01273649 -2.47929e-4 -0.003315508 -0.01277083 -6.96517e-4 -0.002955436 -0.01283413 -0.001028537 -0.002561271 -0.01290494 -0.001176595 -0.0021739 -0.01297312 -0.001189589 -0.001656889 -0.01307159 -0.001003146 -0.001251101 -0.01314204 -5.37579e-4 -0.001116991 -0.0131728 8.80317e-7 -0.001201331 -0.0131604 4.87328e-4 -0.001471221 -0.01311469 9.08298e-4 -0.001878619 -0.01304131 0.001180827 -3.44415e-4 -0.01102244 -0.001607775 -0.001315891 -0.01084291 -0.002201378 1.45414e-4 -0.01111531 -8.91453e-4 3.50355e-4 -0.01115816 1.28466e-4 -0.002400875 -0.01064652 -0.002219617 -0.003446638 -0.01046007 -0.001701891 8.71592e-5 -0.01111632 0.001099467 -5.568e-4 -0.0110042 0.00189805 -0.004086136 -0.01035022 -7.04255e-4 -0.001504242 -0.01083523 0.002318203 -0.004194855 -0.01033669 3.84786e-4 -0.002532362 -0.0106489 0.002288103 -0.003825128 -0.01040935 0.001332283 -0.003252804 -0.01051646 0.001931607 -0.002244234 -0.01313579 0.001535952 -0.002827048 -0.01302987 0.001467108 -0.003451883 -0.01291429 0.001076698 -0.003797113 -0.01284813 4.20263e-4 -0.003831624 -0.01283842 -1.75405e-4 -0.003636062 -0.01287055 -7.38321e-4 -0.003241121 -0.01293951 -0.001180291 -0.002577364 -0.01305782 -0.00146836 -0.001698076 -0.01321804 -0.001319468 -0.001203119 -0.01331007 -9.09736e-4 -9.34125e-4 -0.01336187 -3.79434e-4 -8.88646e-4 -0.01337355 2.15417e-4 -0.00114268 -0.01333141 9.14072e-4 -0.001709401 -0.01323175 0.001388311 -0.001263976 -0.0132929 -0.001991689 -7.16097e-4 -0.01339453 -0.0015527 -3.11892e-4 -0.01347112 -9.82533e-4 -0.002233266 -0.0131157 -0.002280354 -9.67097e-5 -0.01351499 -1.26051e-4 -1.86612e-4 -0.01350367 7.18369e-4 -0.003358602 -0.01291334 -0.002061367 -7.28746e-4 -0.01341116 0.001666188 -0.00425446 -0.01275575 -0.001263618 -0.001668035 -0.0132445 0.002251923 -0.004615783 -0.0126959 -2.90355e-4 -0.004562675 -0.01271128 6.7966e-4 -0.002601265 -0.01307582 0.002333223 -0.003360211 -0.01293712 0.00210756 -0.004034757 -0.01281213 0.001607 -0.004772305 -0.0105527 -4.32565e-4 -0.005139768 -0.01067352 2.67285e-4 -0.004184186 -0.01060593 -0.001636028 -0.00375986 -0.0109024 -0.002590894 -0.002625167 -0.01088547 -0.002664923 -0.001365125 -0.01115572 -0.00275439 -6.24201e-4 -0.01145756 -0.002780258 1.42147e-4 -0.01136553 -0.00167793 6.77815e-4 -0.01153194 -8.51894e-4 0.001093268 -0.01180183 -1.74644e-4 6.80777e-4 -0.01150172 7.6674e-4 7.62597e-5 -0.01144707 0.002004325 -3.09216e-4 -0.011545 0.002683699 -0.001577734 -0.01107764 0.002774298 -0.002561807 -0.01096689 0.002842426 -0.003401935 -0.01099902 0.002894043 -0.004106283 -0.01061314 0.001760959 -0.004663527 -0.01058095 9.38358e-4 -0.004995644 -0.01230895 8.99882e-4 -0.005389332 -0.01204586 2.56565e-4 -0.004268169 -0.01249331 0.002010703 -0.003641724 -0.01238673 0.00289148 -0.002344429 -0.01287281 0.00279349 -0.00135833 -0.01297748 0.002725481 -5.32586e-4 -0.01294392 0.002671241 -2.2574e-4 -0.01317876 0.001971125 3.45866e-4 -0.01332145 7.67013e-4 8.44819e-4 -0.01317435 -1.82803e-4 3.47198e-4 -0.01327604 -8.83865e-4 -4.24327e-4 -0.01314908 -0.00204426 -8.97728e-4 -0.01284116 -0.0028162 -0.001437962 -0.01287937 -0.002780556 -0.002306997 -0.01284295 -0.002721369 -0.003245949 -0.01261013 -0.002654135 -0.004015564 -0.01228052 -0.002596378 -0.004415631 -0.01240855 -0.001838147 -0.005028843 -0.01232284 -5.7153e-4</float_array>
          <technique_common>
            <accessor source="#ServoRod-mesh-positions-array" count="1283" stride="3">
              <param name="X" type="float"/>
              <param name="Y" type="float"/>
              <param name="Z" type="float"/>
            </accessor>
          </technique_common>
        </source>
        <source id="ServoRod-mesh-normals">
          <float_array id="ServoRod-mesh-normals-array" count="7746">0.922565 -0.1768271 -0.3429375 0.8728007 -0.1666813 -0.4587334 0.8273859 -0.00747621 -0.5615842 0.9245575 0.1432006 -0.3531104 0.3868254 0.0106818 -0.9220911 0.8595682 0.1587482 -0.4857381 0.7734616 0.2289525 -0.5910483 0.7856851 0.3495808 -0.5103846 0.8313056 0.4054405 -0.3801962 0.4356665 0.1800817 -0.8819102 0.6694378 0.5365655 -0.5137612 0.6704016 0.5380358 -0.5109593 0.4603536 0.3196145 -0.8282036 0.5322872 0.4004802 -0.7458458 -0.08127117 0.2712876 -0.959061 0.8181065 0.427386 -0.3847637 0.6862289 0.2951523 -0.6648122 0.6004636 0.2422713 -0.7620685 0.5382751 0.2167833 -0.8144108 0.8248515 0.1260618 -0.5511158 0.703382 0.1249772 -0.6997389 0.8718418 -0.01579666 -0.4895327 0.7887192 -0.04649066 -0.6129933 0.8577533 -0.1642582 -0.4871124 0.7502807 -0.3141883 -0.5816912 0.5805866 -0.198096 -0.7897325 0.1996965 -0.06546705 -0.9776684 0.7576333 -0.4495775 -0.4731511 0.6711149 -0.4460607 -0.5921441 0.6851894 -0.5585416 -0.4674899 0.6855434 -0.5583078 -0.4672502 0.6854252 -0.5584238 -0.467285 0.1901606 -0.1521247 -0.9698954 0.5577552 -0.5470297 -0.6242337 0.575698 -0.6768133 -0.458798 0.4252039 -0.6209498 -0.6585006 0.3658738 -0.5230852 -0.769752 0.4351675 -0.8723855 -0.2226499 0.24846 -0.6958652 -0.6738244 0.2181633 -0.4532193 -0.8642899 0.2256628 -0.8006812 -0.5549646 0.1111958 -0.750285 -0.6516962 0.07467329 -0.5843384 -0.8080672 0.07263118 -0.1105818 -0.9912096 -0.08036196 -0.8270056 -0.5564206 -0.1127102 -0.7232192 -0.6813592 -0.2412458 -0.8156935 -0.52578 -0.248423 -0.6293878 -0.7363131 -0.1739897 -0.4394817 -0.8812397 -0.520175 -0.6441058 -0.5608438 -0.4039229 -0.5477627 -0.7326681 -0.6661853 -0.5785541 -0.4706086 -0.2060767 -0.2489078 -0.9463495 -0.03539937 -0.09365743 -0.994975 -0.563618 -0.4567726 -0.6882541 -0.6734868 -0.427747 -0.6028666 -0.6100239 -0.3468599 -0.7124319 -0.7273406 -0.2839115 -0.624796 -0.6889541 -0.2502754 -0.6802238 -0.06427592 -0.03218215 -0.9974132 -0.7761203 -0.1299751 -0.6170445 -0.6940501 -0.09125334 -0.71412 -0.458648 -0.04158937 -0.8876443 -0.642278 0.09110927 -0.7610377 -0.4494809 0.1350051 -0.8830292 -0.3845643 0.1307857 -0.9137864 -0.6537372 0.3463242 -0.6728204 -0.6396522 0.4060552 -0.6526594 -0.5860187 0.3993766 -0.7050394 -0.1946175 0.2122859 -0.9576318 -0.6320335 0.6163583 -0.4697193 -0.4858227 0.5450347 -0.6833108 -0.4385803 0.6359674 -0.6349747 -0.224678 0.480266 -0.8478588 -0.3331646 0.7573732 -0.5615934 -0.4182937 0.5734112 -0.704436 -0.04976838 0.1229915 -0.991159 -0.578542 0.6170042 -0.5334746 -0.5626643 0.4256721 -0.7086694 -0.2906721 0.2024517 -0.9351594 -0.7750433 0.4157104 -0.4759125 -0.338888 0.2361436 -0.9107092 -0.6696653 0.2737195 -0.6903811 -0.815259 0.1813259 -0.5499761 -0.4782339 0.08494049 -0.8741153 -0.8558898 0.2058284 -0.4744338 -0.9814854 0.1728433 -0.08253335 -0.9747921 0.2231043 0.002222836 -0.9790893 0.1864658 -0.08133006 -0.9802049 0.1784259 -0.08580613 -0.469035 0.8817518 -0.05019921 -0.4749012 0.8786929 -0.04865974 -0.6315214 0.7734388 -0.05452799 -0.6252073 0.7786967 -0.05241531 -0.7936642 0.6043481 -0.069718 -0.8169355 0.5729634 -0.0657984 -0.8838817 0.4600714 -0.08418828 -0.9310263 0.3577203 -0.07229351 -0.5736695 0.81676 -0.06169819 -0.595294 0.8015915 -0.0554642 -0.7238951 0.6867989 -0.06544542 -0.7320241 0.6777174 -0.06956964 -0.782577 0.6190637 -0.06582891 -0.8486161 0.5231897 -0.07825201 -0.8677611 0.4918614 -0.07115662 -0.9239155 0.3726309 -0.08675509 -0.9503222 0.3012567 -0.07830917 -0.9546223 0.2863589 -0.08182293 -0.9841031 0.158316 -0.08048123 -0.9883248 0.1239835 -0.08855748 -0.9967582 0.01625454 -0.07879745 -0.9962534 0.02812367 -0.0817818 -0.9864165 -0.1444463 -0.07821726 -0.9852072 -0.1513319 -0.08040869 -0.9359598 -0.3444431 -0.07306236 -0.9377474 -0.3399131 -0.07133829 -0.8562033 -0.5117534 -0.07088464 -0.8366977 -0.5444924 -0.05886369 -0.7749742 -0.6288262 -0.06318759 -0.7319803 -0.6796991 -0.04705446 -0.634072 -0.771437 -0.05327117 -0.6157711 -0.7866176 -0.04537302 -0.51674 -0.8552796 -0.03842836 -0.4860258 -0.8735373 -0.02667826 -0.3273397 -0.9445332 -0.02656751 -0.3208183 -0.9468449 -0.02367722 -0.1944279 -0.9809156 -0.001589119 -0.1180253 -0.9929419 -0.01168423 -0.01607155 -0.999825 0.009581267 0.02397799 -0.9996983 0.005343317 0.1713585 -0.9847007 0.03163635 0.2241566 -0.9742836 0.02292108 0.3089668 -0.9501782 0.04124313 0.4282595 -0.903128 0.03088235 0.5120752 -0.8566318 0.06293636 0.6203714 -0.7821891 0.05761575 0.6167807 -0.7849218 0.05898565 0.7470955 -0.6613782 0.06653779 0.7514401 -0.6561697 0.06913131 0.8460051 -0.5272496 0.0792669 0.8557783 -0.5118862 0.07493978 0.9309824 -0.3560264 0.08072739 0.931544 -0.354673 0.08020514 0.9693776 -0.2347711 0.07203936 0.985372 -0.140837 0.09595364 0.9968556 -0.007468342 0.07888728 0.997021 -0.002616345 0.0770871 0.9748201 0.2111878 0.0715934 0.9797006 0.1829914 0.08185935 0.9472271 0.3124105 0.07183843 0.9330468 0.3509894 0.07893127 0.8709934 0.487534 0.06067341 0.8769515 0.4763562 0.06356769 0.833779 0.5473019 0.07261824 0.7556053 0.6529502 0.05212014 0.996572 0.005453169 0.08255118 0.995261 0.06334125 0.07378005 0.9768529 0.1955644 0.08667856 0.9354959 0.3468337 0.06748175 0.9020718 0.4245491 0.07761842 0.9196226 0.3838304 0.08347821 0.7357849 0.674588 0.05959588 0.9918589 -0.1255213 -0.02145707 0.9809294 -0.1769827 0.08034151 0.9801227 -0.180631 0.08204895 0.9800896 -0.1808879 0.08187818 -0.8171535 0.1271442 0.562223 -0.7698465 0.3567951 0.529182 -0.7342792 0.3575546 0.5770518 -0.887306 0.4447377 0.122051 -0.6761807 0.5580641 0.4809825 -0.6764901 0.5588459 0.4796378 -0.2123221 0.1259884 0.969044 -0.5588756 0.5264241 0.6407307 -0.4377021 0.7278858 0.5278249 -0.4389119 0.7392732 0.5107167 -0.3224574 0.445623 0.8351296 -0.2151737 0.2652674 0.9398583 -0.5860254 0.7559273 0.2918016 -0.5470333 0.5338338 0.6448071 -0.4686107 0.4239994 0.7750024 -0.4417924 0.3986843 0.8036607 -0.6912102 0.4203615 0.5878136 -0.6108253 0.3859217 0.6913442 -0.7760366 0.4219639 0.4687365 -0.7423475 0.2629671 0.6162537 -0.5472882 0.1500872 0.823377 -0.7147017 0.1042028 0.6916237 -0.6549006 0.01160258 0.755626 -0.7927665 -0.01808089 0.6092572 -0.8958003 -0.1241068 0.4267779 -0.23939 -0.008959829 0.9708822 -0.7687527 -0.1677594 0.6171517 -0.8296634 -0.283917 0.4806764 -0.7397118 -0.289563 0.6074371 -0.2708408 -0.1003931 0.9573748 -0.7697649 -0.4707057 0.4311591 -0.661251 -0.4408247 0.6069769 -0.6419393 -0.5419859 0.5423701 -0.5728091 -0.520569 0.6331649 -0.1890892 -0.1330249 0.9729079 -0.57522 -0.6830039 0.4501418 -0.4348543 -0.6350545 0.6384415 -0.437237 -0.7265806 0.5300043 -0.3283607 -0.7610361 0.559467 -0.2604016 -0.6796994 0.6857112 -0.2892891 -0.7748251 0.5621014 -0.2107176 -0.8942965 0.3947556 -0.1104677 -0.3943177 0.9123105 -0.0657311 -0.7631085 0.6429191 -0.07127428 -0.815248 0.5747094 -0.07878392 -0.1100777 0.9907957 0.05406838 -0.788568 0.612566 0.0381388 -0.5332821 0.8450774 0.1889845 -0.595508 0.7808042 0.2050808 -0.6189071 0.758219 0.3433203 -0.7038365 0.6218886 0.4263393 -0.5296286 0.7332996 0.426164 -0.5297741 0.7332964 0.4266961 -0.5295664 0.733137 0.3283515 -0.4510822 0.8298857 0.01906782 -0.08358711 0.9963181 0.6392145 -0.5806547 0.5042272 0.5921829 -0.4096919 0.6938819 0.5891513 -0.4069381 0.6980704 0.6713588 -0.2629597 0.692914 0.6721422 -0.2630376 0.6921243 0.7721917 -0.1417137 0.6193848 0.4484806 -0.02497911 0.8934436 0.6014963 0.06103348 0.7965407 0.6212497 0.06477266 0.7809311 0.8192624 0.1662971 0.5487753 0.09973204 0.05620586 0.9934257 0.6376681 0.261372 0.7246131 0.5293486 0.2370012 0.8146291 0.6853475 0.2821487 0.6713352 0.4086024 0.2994704 0.8621843 0.59614 0.480459 0.6432544 0.5681021 0.5112727 0.6448724 0.4045533 0.4297347 0.8072576 0.9382154 0.3414394 -0.05631077 0.7287792 0.3415768 0.5934697 0.4158415 0.1931002 0.8887004 0.6387278 0.2268506 0.7352317 0.7594532 0.05288493 0.648409 0.8202876 0.08073985 0.5662239 0.2853066 0.006447076 0.9584147 0.8291705 -0.1323711 0.5430969 0.7531002 -0.1243183 0.6460534 0.8598212 -0.107041 0.4992491 0.5862401 0.7654281 -0.26541 0.6458731 0.7526918 -0.1276836 0.509234 0.7792081 -0.3653978 0.3543181 0.8063964 -0.4734803 0.1588537 0.8424575 -0.5148116 -0.2379058 0.9148922 -0.3261489 -0.1367161 0.8969836 -0.4203917 -0.01960724 0.8754611 -0.4828909 -0.3061679 0.9261288 -0.2203333 -0.3560323 0.9333831 -0.04513329 -0.3442744 0.9308905 0.1221399 -0.2938601 0.9216654 0.2533361 -0.07036221 0.8783248 0.4728583 0.122865 0.8425783 0.5243722 -0.2169273 0.9060176 0.3634211 0.4962071 0.7760393 0.3892835 0.3243916 0.8062288 0.4947376 0.6126111 0.7563069 0.2295816 0.6600474 0.7487102 0.06140482 0.6600194 0.7487354 0.06139856 0.6600356 0.7487208 0.06140273 0.9516164 -0.1681433 -0.2572044 0.9239304 -0.1732259 -0.3410946 0.8425161 -0.1437938 -0.5191243 0.6886975 -0.1205157 -0.7149628 0.6620039 -0.1205455 -0.739743 0.3895936 -0.06160044 -0.9189245 0.3286602 -0.05872911 -0.9426205 0.01523357 0.01014363 -0.9998326 -0.1197912 0.01974606 -0.9926027 -0.3326117 0.07034963 -0.9404363 -0.4789531 0.08626937 -0.8735913 -0.5572631 0.108578 -0.8232063 -0.7560861 0.1408145 -0.639144 -0.787065 0.1410781 -0.6005212 -0.8858326 0.1673646 -0.4327699 -0.9465696 0.1663095 -0.2763099 -0.9779131 0.1840443 -0.09906452 -0.9797671 0.1701472 0.105387 -0.9575387 0.1763579 0.2280738 -0.873398 0.1529527 0.4623652 -0.8639104 0.1530954 0.4798131 -0.7134869 0.1267284 0.6891129 -0.6938494 0.1196802 0.7101055 -0.4249064 0.07362788 0.9022381 -0.3613436 0.05236637 0.9309612 -0.05522346 0.01452612 0.9983685 0.148552 -0.04284638 0.987976 0.3321515 -0.05822241 0.9414274 0.5324274 -0.1077792 0.839586 0.6651813 -0.1180166 0.7372964 0.7979993 -0.1557902 0.582174 0.884874 -0.1550741 0.4392609 0.9735204 -0.1830914 0.1368778 0.9784722 -0.1788071 0.1030544 0.03419333 -0.4833533 -0.8747574 0.01808142 -0.7099584 -0.7040114 -0.07907044 -0.9227149 -0.3772866 0.6116271 -0.7121476 -0.3446131 0.6146433 -0.7060175 -0.3517853 0.5973636 -0.7200351 -0.3531379 0.4478649 -0.8444283 -0.2938677 0.5891073 -0.6839726 0.4302722 0.5031748 -0.7198789 0.4781103 0.4810255 -0.7355057 0.4771226 0.4903498 -0.7309578 0.4746135 -0.791307 -0.4944741 0.359623 -0.8116743 -0.4595608 0.3605396 -0.8321388 -0.4539116 0.3186052 -0.7168174 -0.6327394 0.2929399 -0.7952603 -0.4341263 -0.4231968 -0.7181943 -0.4975577 -0.4864497 -0.7142389 -0.512037 -0.4771593 -0.6745926 -0.4711191 -0.568306 0.005857586 -0.1630657 -0.9865978 -0.05810493 -0.4705149 -0.880477 -0.1622084 -0.6945616 -0.7009085 -0.1619789 -0.8525238 -0.496957 0.2032454 -0.2136463 -0.9555348 0.3145751 -0.3128818 -0.896185 0.1302942 -0.2406769 -0.9618202 0.07444757 -0.4637629 -0.8828259 0.4128645 -0.2476714 -0.8764713 0.2949671 -0.4361098 -0.8501781 0.2699224 -0.5531392 -0.7881491 0.2587338 -0.4865772 -0.8344457 0.3690147 -0.6041628 -0.7062687 0.7045497 -0.3040056 -0.6412413 0.08084356 -0.7395962 -0.668178 0.1074237 -0.7349451 -0.6695639 0.2149095 -0.7605139 -0.6127257 0.370107 -0.6886181 -0.6235592 0.5877082 -0.5076069 -0.6300273 0.8902286 -0.3319481 -0.3119353 0.393672 -0.6969919 -0.5993535 0.02278423 -0.8781504 -0.4778418 0.9014003 -0.3988022 -0.1686246 0.2152922 -0.8679338 -0.4475941 0.3900257 -0.7688276 -0.5067387 0.2555845 -0.8827373 -0.3942733 0.759696 -0.6225413 -0.1878945 0.7329414 -0.6801087 -0.01578438 0.8786581 -0.4072036 0.2492893 0.8607506 -0.4360517 0.2626163 0.8354992 -0.5491699 0.01880192 0.753772 -0.6570726 0.009142339 0.5696937 -0.8192985 -0.06480127 0.8331024 -0.3088481 0.4588609 0.8657498 -0.4256213 0.2632941 0.3970325 -0.9146812 -0.07565498 0.6204134 -0.7840875 -0.01714873 0.3909946 -0.9169943 -0.07902288 0.8056446 -0.5135729 0.2952619 0.7195801 -0.6440361 0.2596577 0.6116325 -0.2771595 0.741005 0.5182095 -0.8339217 0.1898252 0.6995528 -0.5218274 0.4881824 0.6457051 -0.7047944 0.2938194 0.4732549 -0.8594301 0.1934157 0.3864825 -0.8876628 0.250372 0.2739722 -0.2100172 0.9385266 0.05663913 -0.29703 0.9531869 0.2500696 -0.6819664 0.6873041 0.2388815 -0.4754016 0.8467167 0.2122067 -0.5415689 0.8134319 0.04678934 -0.2628577 0.9636994 0.2616704 -0.758133 0.5972965 0.2820324 -0.6949685 0.6614201 0.06114232 -0.2732778 0.95999 0.1691666 -0.8777353 0.4482895 -0.04029572 -0.3838931 0.9224979 -0.3909476 -0.1064614 0.9142352 -0.04064553 -0.793632 0.6070389 0.02819949 -0.7337298 0.678856 0.02701359 -0.6124903 0.7900164 0.03425967 -0.8568718 0.51439 -0.2461706 -0.3360869 0.9090906 -0.2797337 -0.4649193 0.8399995 -0.06310421 -0.5477814 0.8342384 -0.03853583 -0.7180368 0.6949375 -0.1105979 -0.9240459 0.3659334 -0.2271897 -0.6845985 0.6926109 -0.1980646 -0.580413 0.7898679 -0.760728 -0.02658665 0.6485263 -0.1564892 -0.8786231 0.451146 -0.5147235 -0.3144977 0.7975909 -0.315942 -0.7149456 0.6237255 -0.3922273 -0.6723444 0.6277825 -0.8990728 -0.07370394 0.4315504 -0.9617437 -0.008895099 0.2738066 -0.3134332 -0.8124617 0.491595 -0.6094005 -0.5069602 0.6096085 -0.8067771 -0.2264133 0.5457544 -0.9744157 -0.05955642 0.2167193 -0.3863072 -0.8303696 0.4015634 -0.5076944 -0.7141984 0.4818373 -0.586101 -0.6659341 0.4615381 -0.604703 -0.6335367 0.4826651 -0.864425 -0.3982717 0.3068372 -0.9504001 -0.1878046 0.2479297 -0.9960257 0.004355072 -0.08896005 -0.9339673 -0.3096674 0.1783576 -0.9687759 -0.2479181 -0.003183186 -0.9437562 -0.3301937 0.017219 -0.9349312 -0.3548017 0.00442928 -0.8163275 -0.5730174 0.07252931 -0.910139 -0.0447371 -0.4118806 -0.9101813 -0.04451495 -0.4118114 -0.9101266 -0.04477262 -0.4119042 -0.7223303 -0.6889153 0.06028819 -0.8552649 -0.03907966 -0.5167154 -0.8573155 -0.5146365 0.01263117 -0.8917638 -0.3613265 -0.2723976 -0.9676939 -0.1089724 -0.2273625 -0.669238 -0.7366543 0.09726792 -0.9363614 -0.1770424 -0.3031225 -0.9341982 -0.1736234 -0.3116551 -0.6431812 -0.08176821 -0.7613357 -0.7742707 -0.6019973 -0.1952034 -0.5233213 0.1979114 -0.8288341 -0.8526817 -0.4284102 -0.298996 -0.7481061 -0.6331629 -0.1986004 -0.7163296 -0.2583703 -0.6481642 -0.6726471 -0.6929565 -0.259533 -0.3690575 -0.1202971 -0.9215885 -0.1971397 -0.1083358 -0.9743713 -0.6116358 -0.5008533 -0.6124114 -0.1200675 -0.2226333 -0.9674804 -0.3127295 -0.4472662 -0.8379458 -0.2808079 -0.4007586 -0.8720892 -0.3960085 -0.6445227 -0.6540396 -0.1593713 -0.3676692 -0.9161988 -0.4524623 -0.789156 -0.4153441 -0.4669151 -0.717147 -0.5173883 -0.2875927 -0.7936531 -0.5361021 -0.2701107 -0.6631616 -0.698038 -0.2555096 -0.6562125 -0.71 -0.1306985 -0.6870803 -0.7147297 0.5288009 -0.3371431 -0.7789123 0.5494825 -0.4243427 -0.7197237 0.5507962 -0.4113991 -0.7262055 0.5305902 -0.3729085 -0.761192 0.8423246 -0.3842495 -0.3779441 0.75648 -0.359122 -0.5465982 0.8134269 -0.3073796 -0.4938162 0.5316853 -0.62493 -0.5716409 0.7963989 -0.4813845 -0.3660844 0.7130193 -0.4578981 -0.5309735 0.7324942 -0.5398539 -0.414741 0.9315312 -0.3631247 0.01975566 0.6040413 -0.7180732 -0.3456952 0.8888022 -0.4357368 -0.1420003 0.8943468 -0.4446031 -0.04971885 0.8167833 -0.5385269 -0.2070122 0.6815033 -0.4215548 0.5982014 0.6866531 -0.415274 0.5967037 0.696856 -0.390908 0.6013175 0.5893179 -0.4785959 0.6508844 0.4903379 -0.6116025 0.6208955 0.40702 -0.3699418 0.8351513 0.4066999 -0.3652254 0.8373803 0.459636 -0.4557539 0.7622489 0.4157552 -0.3431857 0.8422418 0.4176267 -0.5995538 0.6827323 -0.1747242 -0.1689331 0.9700171 -0.2719142 -0.2493897 0.9294447 -0.3396205 -0.2069761 0.9175069 -0.627257 -0.1965801 0.7535948 -0.6959854 -0.2493768 0.6733614 -0.6385999 -0.1570423 0.7533445 -0.6053768 -0.1819599 0.7748609 -0.497736 -0.4969133 0.71087 -0.4816089 -0.4627897 0.7442302 -0.6952719 -0.4025059 0.5954713 -0.8481959 -0.1513289 0.5076054 -0.8831152 -0.1317425 0.4502793 -0.9037552 -0.2205762 0.3668415 -0.7547692 -0.3907964 0.5268793 -0.9949467 -0.02932149 0.09602767 -0.9966586 -0.06989938 0.04225951 -0.9753756 -0.06685954 -0.2101718 -0.7370232 -0.08650833 -0.6703082 -0.7692397 -0.1573991 -0.6192703 -0.8028597 -0.1510129 -0.5767248 -0.8445583 -0.2272756 -0.4848373 -0.4903804 -0.2750472 -0.8269681 -0.4483146 -0.1503953 -0.881133 -0.5322645 -0.220339 -0.8174015 -0.5425971 -0.2501651 -0.8018764 -0.5312178 -0.4748783 -0.7016397 -0.5091744 -0.4177945 -0.7524554 -0.9819165 0.1720715 -0.07893979 -0.9810811 0.1724997 0.0878852 -0.9834868 0.1809037 0.005257844 -0.9445362 0.1693196 0.2813939 -0.9453387 0.1699854 0.2782801 -0.8771993 0.1477059 0.4568417 -0.7845773 0.1443439 0.6029953 -0.7483718 0.1279554 0.6508203 -0.5840198 0.09419232 0.8062561 -0.4932201 0.090541 0.86518 -0.3800045 0.05452048 0.9233765 -0.1250237 0.02054077 0.9919411 -0.1289719 0.02206879 0.9914027 0.08384817 -0.03127473 0.9959877 0.2636952 -0.04740184 0.9634408 0.3075734 -0.06250286 0.9494694 0.4789087 -0.1004849 0.8720949 0.6108226 -0.1096782 0.7841343 0.6416979 -0.121393 0.7572895 0.7714999 -0.1512623 0.6179868 0.8697318 -0.154554 0.4687001 0.862105 -0.1561241 0.4820792 0.9498038 -0.1831547 0.2536281 0.9796372 -0.1713688 0.104613 0.9829633 -0.1830562 0.01653879 0.9712545 -0.1810241 -0.1545803 0.94534 -0.1650546 -0.2812282 0.9343402 -0.1678557 -0.314377 0.8537747 -0.1588432 -0.4958202 0.7943766 -0.1359818 -0.5920091 0.7302776 -0.1334894 -0.6699816 0.6089042 -0.1089854 -0.7857213 0.5937212 -0.1035296 -0.7979831 0.444323 -0.07926863 -0.8923529 0.382502 -0.0609036 -0.9219453 0.2562722 -0.04851901 -0.9653862 0.03425496 0.003674387 -0.9994063 0.03651809 0.003688693 -0.9993262 -0.1828854 0.03079265 -0.9826519 -0.3508957 0.07305514 -0.9335605 -0.3486273 0.07305324 -0.9344102 -0.5477414 0.09378039 -0.8313752 -0.6766401 0.1337962 -0.7240558 -0.7263416 0.1328201 -0.6743788 -0.8391935 0.1477568 -0.5233761 -0.9025352 0.170069 -0.3956093 -0.9043378 0.1711887 -0.390983 -0.9524469 0.1660011 -0.2555165 0.178146 0.9839875 0.005708277 0.1781545 0.983986 0.00570929 0.1781461 0.9839875 0.005716204 0.1781515 0.9839865 0.005722463 0.1781473 0.9839873 0.005708396 0.1781447 0.9839878 0.005708932 0.1781347 0.9839895 0.005716145 0.1781471 0.9839873 0.005722284 0.1781468 0.9839874 0.005711853 0.1781476 0.9839872 0.005719542 0.1781458 0.9839876 0.00571537 0.1781547 0.9839859 0.005719184 0.1781458 0.9839875 0.00572282 0.1781512 0.9839866 0.005706369 0.1781516 0.9839866 0.005713343 0.1781471 0.9839873 0.005715191 0.1781513 0.9839866 0.005715429 0.1781494 0.9839869 0.005711436 0.1781454 0.9839876 0.005718708 0.1781509 0.9839866 0.005729436 0.1781426 0.9839882 0.005714058 0.1781456 0.9839876 0.005724251 0.1781478 0.9839872 0.00571078 0.178145 0.9839878 0.005704581 0.1781514 0.9839865 0.005718469 0.1781411 0.9839883 0.005733489 0.1781454 0.9839876 0.005707859 0.178139 0.9839888 0.005707561 0.1781422 0.9839882 0.005719423 0.1781448 0.9839877 0.005716681 0.1781526 0.9839863 0.005722641 0.1781424 0.9839882 0.005710482 -0.06923067 0.01033437 0.9975472 -0.08265513 0.00306344 0.9965735 -0.07123285 0.01328164 0.9973714 -0.08362662 0.02036893 0.996289 -0.08125865 0.01434302 0.9965899 -0.06935977 0.009569764 0.9975459 -0.07962578 0.01362568 0.9967317 -0.07753807 0.01099616 0.9969288 -0.15224 0.0528621 0.9869289 -0.08859068 -0.006185054 0.9960489 -0.07833373 0.009419381 0.9968827 -0.07741898 0.009538471 0.9969531 -0.08058607 0.01141667 0.9966823 -0.07423865 -0.001442134 0.9972395 -0.07852935 0.008449196 0.996876 -0.09296226 0.01070517 0.9956121 -0.07484561 0.01880663 0.9970178 -0.06997662 0.00570321 0.9975324 -0.07128447 0.0111835 0.9973934 -0.08198779 0.00925523 0.9965904 -0.07515072 0.00398612 0.9971643 -0.07487261 0.002028107 0.9971911 -0.08219993 0.009178459 0.9965736 -0.08727413 0.01075649 0.9961262 -0.07701659 0.001807928 0.9970282 -0.07224357 0.005736649 0.9973706 -0.08531552 0.0122621 0.9962785 -0.08124637 0.006549775 0.9966725 -0.08838915 0.01229679 0.9960101 -0.09312528 0.007120251 0.995629 -0.09228342 0.01201021 0.9956604 -0.08219695 0.006011903 0.9965981 -0.08295124 0.005149841 0.9965403 -0.08253461 0.004712164 0.9965772 -0.08602494 0.01754844 0.9961385 -0.08410125 0.01099163 0.9963967 -0.08875739 0.006435751 0.9960325 -0.08470004 0.002362668 0.9964038 -0.08763098 0.004593551 0.9961425 -0.09089446 0.007431387 0.9958328 -0.08882504 0.002663612 0.9960438 -0.08875346 0.002204596 0.9960513 -0.09012627 0.004661798 0.9959195 -0.09040868 0.003608822 0.9958983 0.08265334 0.9152097 0.3944107 0.07526296 0.9218985 0.3800511 0.07561701 0.9717717 0.2234768 0.1263548 0.9783243 0.164061 -0.1188674 0.9412447 0.3161156 -0.2081645 0.8887842 0.408326 0.1021855 0.9922527 0.07065975 -0.1088443 0.9647197 0.2397266 -0.3051126 0.9109943 0.2774813 -0.1712384 0.9705293 0.1695594 0.164378 0.9837731 -0.07190597 -0.3827993 0.8837379 0.2692065 -0.2416518 0.9539161 0.1779003 -0.4875752 0.7693273 0.4128027 -0.1176785 0.9929375 0.01507073 0.08426702 0.9844331 -0.1542423 0.1619608 0.9294535 -0.331489 -0.5425953 0.7792202 0.3136978 -0.457376 0.8678263 0.1941258 -0.1429845 0.9888181 -0.04236 0.1278345 0.9163015 -0.3795393 -0.543931 0.8162683 0.1945382 -0.07304328 0.982127 -0.1734684 -0.1050795 0.9828988 -0.1512227 -0.3545509 0.934398 0.0345568 -0.5549508 0.8115693 0.1827156 -0.3554936 0.9345212 -0.01716488 -0.3406615 0.9397915 -0.02723896 -0.6872158 0.6600456 0.3034375 -0.05811476 0.9373497 -0.3435088 -0.6826285 0.712636 0.1617664 -0.4692493 0.8794737 -0.07956916 -0.267338 0.9325442 -0.2426762 -0.08056914 0.927091 -0.3660751 -0.7158917 0.65157 0.2509098 -0.2728906 0.9314861 -0.2405503 -0.8204206 0.4421873 0.3624646 -0.5691371 0.8221293 -0.01365864 -0.222818 0.9099177 -0.34986 -0.7922756 0.5658434 0.2282996 -0.7212963 0.6910024 0.04740715 -0.4748688 0.8562337 -0.2033801 -0.2937234 0.8438378 -0.4490706 -0.9052198 0.3650568 0.2175099 -0.6640364 0.7463042 -0.04567044 -0.4009994 0.8721881 -0.2801562 -0.8344871 0.5340142 0.1358678 -0.7927092 0.6086851 0.0333845 -0.8341426 0.5431502 0.09588557 -0.5885055 0.764138 -0.2641111 -0.3985117 0.8382365 -0.3722205 -0.9081888 0.365859 0.2033234 -0.4993322 0.7479352 -0.4373332 -0.9035705 0.1509215 0.4009779 -0.8138499 0.5712084 -0.1066283 -0.6895296 0.6967657 -0.1976525 -0.7696104 0.6131057 -0.1783293 -0.6628429 0.7094633 -0.2393767 -0.491984 0.7493192 -0.4432524 -0.9387558 0.3185132 0.1314796 -0.9026418 0.4291363 -0.03286242 -0.9551948 0.1057345 0.2764472 -0.9442012 0.324738 0.05504 -0.8947201 0.4390281 -0.08203971 -0.8846559 0.4559301 -0.0975281 -0.9754896 0.144094 0.1663039 -0.6604808 0.6480663 -0.379177 -0.8074743 0.5031496 -0.3079379 -0.9710884 -0.06517845 0.2296505 -0.7082586 0.5373103 -0.4578946 -0.9946137 0.08735197 0.05579811 -0.9802416 0.1963086 -0.02427738 -0.7075825 0.5377035 -0.4584779 -0.8473534 0.4433388 -0.2923066 -0.9473409 -0.1585804 0.2782042 -0.9993773 0.003909885 0.03506994 -0.9968739 -0.03600656 0.07032829 -0.9409496 0.2624965 -0.2137978 -0.9452064 -0.2349283 0.2267017 -0.9608294 0.1930081 -0.1988837 -0.8708471 0.3627703 -0.3316973 -0.8521105 0.3418817 -0.3962637 -0.8497352 -0.3972067 0.3466657 -0.954934 -0.2494342 0.1608842 -0.9950771 -0.04159188 -0.08995389 -0.9623156 0.1706894 -0.2116929 -0.8356233 0.2455108 -0.491384 -0.8462659 -0.4437821 0.294774 -0.9749419 -0.2098073 0.0739535 -0.9766386 0.03867024 -0.2113808 -0.9025098 0.1517714 -0.4030404 -0.9647749 -0.2531688 -0.07151895 -0.9707144 -0.2143089 -0.10856 -0.8465448 -0.5077335 0.1599022 -0.9015412 -0.4265186 0.0728386 -0.9515869 -0.02880853 -0.3060272 -0.9156789 0.02114194 -0.4013541 -0.7242851 -0.6416388 0.2524099 -0.8598015 -0.4959852 0.1214101 -0.9226664 -0.3797355 -0.06699109 -0.603548 -0.6567168 0.4521648 -0.732297 -0.6475544 0.2107477 -0.9118905 -0.4006059 -0.08927875 -0.9286797 -0.1506006 -0.3389301 -0.8380103 -0.102886 -0.5358668 -0.7317938 -0.6484047 0.2098788 -0.9336585 -0.21099 -0.2894217 -0.8810548 -0.1503891 -0.4484704 -0.6033912 -0.7771487 0.1787705 -0.8072929 -0.5882793 -0.0469653 -0.8618102 -0.4422687 -0.2483583 -0.5441316 -0.7959587 0.2652748 -0.7783635 -0.6235167 -0.07332855 -0.8518323 -0.4035357 -0.3339771 -0.8518083 -0.4036688 -0.3338775 -0.7081235 -0.7060253 0.009464561 -0.8406957 -0.3647096 -0.4002718 -0.3474838 -0.8697999 0.3502902 -0.5986999 -0.7951177 0.09667623 -0.7173302 -0.6962342 -0.0263732 -0.7775645 -0.6012346 -0.1841481 -0.4053493 -0.8784226 0.2531123 -0.3807033 -0.884073 0.2710723 -0.5207875 -0.8533017 0.02562814 -0.7278143 -0.6333072 -0.2630751 -0.1437983 -0.902765 0.4053856 -0.4200387 -0.9012735 0.1061768 -0.522475 -0.8524838 -0.01707059 -0.5994451 -0.7891969 -0.1335443 -0.7193036 -0.5659844 -0.4028202 -0.7079439 -0.5991802 -0.3738963 -0.2602772 -0.9414144 0.2144641 -0.5888397 -0.7872061 -0.1832335 -0.6221925 -0.7416241 -0.2507394 -0.1171412 -0.9296182 0.3494111 -0.3018766 -0.9520147 0.0503847 -0.5930796 -0.7113104 -0.3772192 -0.1486597 -0.9590952 0.240908 -0.5159844 -0.7342063 -0.4412498 -0.4062858 -0.902432 -0.1433473 0.03303557 -0.9493242 0.3125578 -0.08642864 -0.981527 0.1706895 -0.4386913 -0.8635284 -0.2487347 -0.2594957 -0.9656857 -0.01063865 -0.4151071 -0.8601317 -0.2964113 0.04243624 -0.9739786 0.2226321 -0.09434294 -0.9932313 0.0677573 -0.2700587 -0.9592241 -0.08341246 0.187775 -0.8712652 0.4534727 -0.3637438 -0.875916 -0.3169569 0.2515083 -0.8885348 0.3837314 -0.2030762 -0.9621517 -0.1817264 -0.2196214 -0.8521813 -0.4749247 0.1598823 -0.9777632 0.1357086 0.0100736 -0.9998618 -0.01323008 -0.1969388 -0.9506696 -0.2396715 0.3877144 -0.8627255 0.3246263 0.01877218 -0.9941563 -0.1063057 0.2416577 -0.951445 0.1906671 0.1532123 -0.9851183 0.07789754 -0.1440954 -0.9423881 -0.301896 0.03985571 -0.9902044 -0.1338161 0.4180423 -0.873401 0.2498232 0.520595 -0.7151468 0.4664182 0.3743144 -0.9116443 0.169686 0.2203322 -0.9751958 -0.02114266 -0.01477694 -0.9510262 -0.308757 0.57201 -0.7081311 0.4139505 0.2089686 -0.9695754 -0.1274983 0.1775248 -0.9731682 -0.146385 0.0816608 -0.9133398 -0.3989261 0.6146339 -0.7225902 0.3163681 0.371499 -0.9284284 -0.00304681 0.4205381 -0.9062004 0.04414421 0.1635048 -0.9327617 -0.3212813 0.715137 -0.5424616 0.4408112 0.666431 -0.6890414 0.284766 0.5457834 -0.8102146 0.2137122 0.5082622 -0.861061 0.01560181 0.3367726 -0.9253133 -0.1742975 0.5820888 -0.8083564 0.08793538 0.3579562 -0.9116497 -0.2018966 0.7530629 -0.5311496 0.3882995 0.745971 -0.5928836 0.3033418 0.5305605 -0.8371598 -0.132926 0.3485965 -0.8922582 -0.2869768 0.7026702 -0.7089002 0.06095308 0.8201264 -0.4347344 0.37202 0.4058288 -0.8195036 -0.4046194 0.8222717 -0.2969406 0.4854851 0.703091 -0.7085197 0.06052196 0.8054383 -0.5661076 0.1754748 0.5788035 -0.796073 -0.1767891 0.7615659 -0.6453622 0.05937272 0.9070658 -0.1859577 0.3776923 0.9061105 -0.3860856 0.1729216 0.6715476 -0.7293378 -0.1307296 0.5726998 -0.7763663 -0.2631928 0.8812232 -0.425403 0.2061019 0.6536978 -0.6527143 -0.3829403 0.8425389 -0.01242941 0.5384923 0.9047795 -0.1870475 0.3826059 0.9331246 -0.289677 0.2129931 0.8256714 -0.5601833 -0.06679475 0.8502242 -0.5220152 -0.06796222 0.750014 -0.6304009 -0.2001842 0.9482723 -0.2591294 0.1833895 0.9040925 -0.4265896 0.0252639 0.7478306 -0.6219721 -0.232164 0.9010853 0.0391047 0.4318752 0.9570642 -0.01129841 0.2896559 0.9589481 -0.008925199 0.283441 0.9816389 -0.06970769 0.1775553 0.9731068 -0.2296603 0.01787781 0.8440119 0.2737543 0.4611969 0.9523155 -0.3021363 -0.04253202 0.8904688 -0.3946845 -0.2264716 0.8932273 0.2309652 0.3857463 0.96107 0.1351513 0.2409954 0.8606347 -0.4208664 -0.2866697 0.9063736 0.2353538 0.3508501 0.9964082 -0.05392944 0.06528729 0.9371255 -0.2984044 -0.1809716 0.9936075 -0.1128612 0.002599895 0.9507945 -0.2282914 -0.2094584 0.7982512 0.4486058 0.4019305 0.9770529 0.1759306 0.120067 0.9897521 -0.08950978 -0.1112611 0.8877166 0.3856864 0.2514066 0.994264 0.102945 0.02900946 0.9284647 -0.1160869 -0.3528133 0.8009905 0.4788535 0.3593239 0.9838274 0.01256835 -0.178678 0.9062192 0.401819 0.1315606 0.9878112 0.1275696 -0.08919149 0.9759426 0.01045358 -0.2177772 0.5651851 0.6254395 0.5379511 0.7603185 0.5690692 0.313171 0.752071 0.5762446 0.3198927 0.9374725 0.3382065 0.08223015 0.8787081 0.4636582 0.1135486 0.9599666 0.2460239 -0.1339268 0.5726954 0.7361115 0.3607769 0.7714138 0.6018643 0.2065916 0.9447134 0.3184362 -0.07819968 0.8440247 0.5361477 0.01296389 0.9180737 0.1787944 -0.3537986 0.5855956 0.7421593 0.3260024 0.7462833 0.6491793 0.1470632 0.5758708 0.7701012 0.2744393 0.7935487 0.6084277 -0.009827315 0.9309747 0.2548679 -0.2613974 0.3839476 0.8486084 0.3639343 0.7449266 0.6616936 0.08512419 0.8646071 0.4625471 -0.1962263 0.3213464 0.8561736 0.4046025 0.4626919 0.8489675 0.255285 0.6069259 0.766308 0.2107443 0.856811 0.4900554 -0.1603772 0.8451552 0.4274123 -0.3209848 0.2617896 0.8979704 0.3537166 0.7861487 0.6144911 -0.06611233 0.8365474 0.4888327 -0.2474491 0.6273087 0.7786365 0.01446038 0.5902823 0.8045814 0.06492877 0.405039 0.9105019 0.08324587 0.7152657 0.6820425 -0.1523584 0.7375184 0.6182581 -0.2717052 0.2306624 0.9531802 0.1955571 0.4092372 0.9083557 0.08611077 0.6223035 0.7722157 -0.1281458 0.6147646 0.776831 -0.1363756 0.6475398 0.6495921 -0.3983996 0.3904747 0.9204847 0.0154103 0.4411856 0.8857597 -0.1441704 0.5868965 0.7582519 -0.2839132 0.2139627 0.9732049 -0.08421587 0.4338366 0.8873685 -0.1560872 0.4522006 0.8289402 -0.3292003 0.2919666 0.9315487 -0.2167322 0.3927307 0.826369 -0.4035801 0.2677325 0.9202525 -0.2854027 0.1159794 0.003036081 -0.993247 0.0814445 -0.01489484 -0.9965666 0.08544158 -0.004730045 -0.9963319 0.08672076 -0.007010042 -0.9962081 0.0887506 -0.007810056 -0.9960233 0.08448928 -0.004566609 -0.996414 0.07368922 -0.004106998 -0.9972729 0.09483516 -0.01404666 -0.9953939 0.08879774 -0.00800848 -0.9960175 0.08617705 -0.009311318 -0.9962364 0.08532756 -0.00599128 -0.996335 0.0936501 -0.008020043 -0.9955729 0.08573275 -0.008815944 -0.9962792 0.09184139 -0.01052713 -0.995718 0.07524502 -0.007416188 -0.9971376 0.08205676 -0.009107589 -0.9965861 0.08705776 -0.004645109 -0.9961925 0.09225058 -0.01276725 -0.995654 0.08672744 -0.01402932 -0.9961334 0.08214354 -0.009012401 -0.9965798 0.08918613 -0.01179814 -0.9959451 0.08918029 -0.01180982 -0.9959456 0.07505178 -0.007959961 -0.9971479 0.0834341 -0.01150119 -0.996447 0.07728779 -0.002786099 -0.9970051 0.07599335 -0.003344774 -0.9971027 0.07844567 -0.01527351 -0.9968014 0.07602369 -0.005010128 -0.9970935 0.08372139 -0.01669764 -0.9963493 0.07656884 -0.003932416 -0.9970566 0.0789411 -0.007691204 -0.9968497 0.08043634 -0.01840668 -0.9965898 0.08085423 -0.01899302 -0.996545 0.07905972 -0.00912398 -0.9968282 0.07860022 -0.01772254 -0.9967487 0.08351135 -0.01688325 -0.9963638 0.07662552 -0.01263272 -0.99698 0.07505553 -0.01133972 -0.9971149 0.07900714 -0.01033329 -0.9968205 0.07627856 -0.01511663 -0.996972 0.07657563 -0.009956777 -0.9970141 0.4877979 -0.09159487 0.8681381 0.4531115 -0.08790057 0.8871096 0.01500469 -0.007737755 0.9998576 0.0164808 -0.007897555 0.9998331 -0.3559902 0.0572257 0.9327359 -0.4452516 0.07902294 0.8919118 -0.698351 0.1188979 0.705811 -0.8026647 0.1449546 0.578548 -0.8994821 0.1581002 0.4073528 -0.9552369 0.1742253 0.2390986 -0.9839956 0.1749753 0.03370928 -0.9695911 0.18022 -0.1655718 -0.9239555 0.1660742 -0.3445662 -0.7614184 0.144406 -0.6319724 -0.748688 0.1408041 -0.6477968 -0.4640035 0.08611804 -0.8816374 -0.3125727 0.06635743 -0.9475733 -0.1277625 0.02590101 -0.9914665 0.1480242 -0.01792424 -0.9888213 0.2980307 -0.05222749 -0.9531265 0.5342791 -0.08762335 -0.8407545 0.7227623 -0.1320851 -0.6783571 0.8412706 -0.1454318 -0.5206855 0.9635822 -0.1764288 -0.2009536 0.9713286 -0.1755024 -0.1603736 0.9661591 -0.1737064 0.1906903 0.9368488 -0.1747353 0.3029555 0.8126348 -0.1474193 0.5638193 0.7415921 -0.1402151 0.6560342 -0.1781409 -0.9839885 -0.00571978 -0.1781516 -0.9839866 -0.005702376 -0.1781415 -0.9839884 -0.005707383 -0.1781525 -0.9839864 -0.005717396 -0.1781557 -0.9839857 -0.005726397 -0.1781541 -0.9839861 -0.005712091 -0.178155 -0.983986 -0.005712032 -0.1781535 -0.9839863 -0.005711138 -0.1781487 -0.9839872 -0.005693137 -0.1781553 -0.9839859 -0.005707263 -0.1781401 -0.9839886 -0.005723416 -0.1781496 -0.9839869 -0.005714893 -0.17814 -0.9839887 -0.005716204 -0.1781401 -0.9839886 -0.005709052 -0.178149 -0.983987 -0.005707621 -0.1781405 -0.9839887 -0.005699932 -0.1781436 -0.9839879 -0.005718469 -0.1781528 -0.9839863 -0.005707859 -0.1781477 -0.9839871 -0.005729317 -0.1781471 -0.9839873 -0.005712747 -0.1781499 -0.9839869 -0.005704462 -0.1781394 -0.9839888 -0.005707561 -0.1781538 -0.9839861 -0.005705952 -0.1781436 -0.983988 -0.005718529 -0.1781489 -0.9839869 -0.00571829 -0.1781557 -0.9839858 -0.005708456 -0.1781439 -0.9839879 -0.005711555 -0.177991 -0.9840139 -0.0060063 -0.1780635 -0.9840006 -0.006032884 -0.1780157 -0.9840093 -0.006017565 -0.1781405 -0.9839885 -0.005702257 -0.1781443 -0.9839879 -0.005697131 -0.1781436 -0.983988 -0.005713105 -0.1781455 -0.9839876 -0.005722522 0.5872417 -0.1119819 0.8016279 0.5381236 -0.100064 0.8369053 0.2770221 -0.05881595 0.9590618 0.1388398 -0.02759152 0.9899305 -0.218818 0.03170073 0.9752507 -0.2039155 0.03014069 0.9785244 -0.5972509 0.1046596 0.7951968 -0.6379117 0.1092219 0.7623249 -0.8438311 0.1518746 0.5146679 -0.8911867 0.1560687 0.4259448 -0.9775693 0.1791455 0.1107485 -0.9843252 0.1760576 0.0103783 -0.943586 0.1739486 -0.2817576 -0.9229524 0.1676296 -0.3464956 -0.7687059 0.1451491 -0.622915 -0.7407241 0.1376288 -0.6575608 -0.480706 0.08901321 -0.8723523 -0.3363903 0.07247805 -0.9389295 -0.005226314 0.001783847 -0.9999848 0.2079923 -0.02741515 -0.9777462 0.4259307 -0.07605147 -0.9015538 0.6211386 -0.1041966 -0.7767433 0.8542163 -0.1494901 -0.4979632 0.7854136 -0.1414899 -0.6025829 0.9531719 -0.1743587 -0.2471083 0.9837989 -0.1728783 -0.04746329 0.972111 -0.1802747 0.1500049 0.8632172 -0.157716 0.4795641 0.8603861 -0.1567807 0.4849284 0.1781468 0.9839874 0.005717992 0.1781498 0.9839869 0.005713045 0.1781467 0.9839875 0.005705416 0.1781573 0.9839856 0.005706608 0.1781497 0.9839869 0.005711317 0.1781443 0.9839878 0.005722641 0.1781533 0.9839861 0.00573039 0.178146 0.9839874 0.005732774 0.1781563 0.9839857 0.00570935 0.1781468 0.9839873 0.005726456 0.1781446 0.9839878 0.005717396 0.1781467 0.9839874 0.005709886 0.1781456 0.9839876 0.005710124 0.1781505 0.9839867 0.005708694 0.1781488 0.9839871 0.005711078 0.1781433 0.9839881 0.005712509 0.1781537 0.983986 0.005726635 0.1781419 0.9839884 0.005704522 0.1781454 0.9839876 0.005728244 0.1781438 0.9839881 0.005702078 0.1781412 0.9839884 0.005715608 0.1781516 0.9839866 0.005716204 0.178142 0.9839882 0.005717635 0.1781446 0.9839879 0.005706608 0.1781407 0.9839885 0.005717217 0.1781438 0.983988 0.005706489 0.1781477 0.9839872 0.005717039 0.1781474 0.9839873 0.005712628 0.1781409 0.9839884 0.005720078 0.1781423 0.9839881 0.005718171 0.1781418 0.9839883 0.005708217 0.1781427 0.9839881 0.005718708 -0.1781302 -0.9839904 -0.005711615 -0.1781505 -0.9839866 -0.005729615 -0.1781446 -0.9839878 -0.005715012 -0.178147 -0.9839874 -0.00570327 -0.1780297 -0.9840104 -0.005391418 -0.1779961 -0.9840164 -0.005407214 -0.1779966 -0.9840163 -0.005406916 -0.1781519 -0.9839863 -0.005734741 -0.1786091 -0.9839016 -0.00604701 -0.1786229 -0.9838992 -0.006025433 -0.1786152 -0.9839006 -0.006037831 -0.1781392 -0.9839888 -0.005705177 -0.1781402 -0.9839885 -0.005723893 -0.1781611 -0.983985 -0.005696117 -0.1781476 -0.9839872 -0.005718588 -0.1781468 -0.9839874 -0.005707323 -0.1781604 -0.9839849 -0.005717456 0.7684649 -0.1417226 0.6240003 0.8365762 -0.155338 0.525367 0.95091 -0.1732502 0.2564265 0.9531737 -0.1733884 0.2477829 0.9765375 -0.1768622 -0.1228587 0.9650681 -0.1726049 -0.1971067 0.8409509 -0.1501151 -0.5198723 0.7907214 -0.1387295 -0.5962498 0.5893859 -0.1030992 -0.8012458 0.5148621 -0.08760648 -0.852785 0.252268 -0.04004013 -0.9668287 0.2053125 -0.03250914 -0.9781565 -0.06333744 0.01826965 -0.997825 -0.2082632 0.04241365 -0.9771528 -0.350208 0.06944638 -0.934094 -0.5108641 0.09680336 -0.8541938 -0.5862172 0.1114106 -0.8024569 -0.762609 0.1410253 -0.6312999 -0.807211 0.1500257 -0.5708791 -0.9207709 0.1683806 -0.3518937 -0.9420599 0.1727865 -0.2875204 -0.9780696 0.1770057 -0.1097686 -0.9817464 0.1785026 0.06565731 -0.9601142 0.1713475 0.2209544 -0.8609378 0.1543997 0.4847133 -0.8193617 0.1447263 0.5547079 -0.622073 0.1075463 0.7755379 -0.5627735 0.09805911 0.8207743 -0.3004691 0.04820746 0.9525725 -0.2443276 0.03913277 0.9689029 0.06223195 -0.01771438 0.9979045 0.1609089 -0.03381544 0.9863899 0.3390403 -0.06768852 0.9383336 0.5184954 -0.09794741 0.8494521 0.6159005 -0.1168509 0.7791101 0.1781469 0.9839873 0.005716204 0.1781505 0.9839867 0.005707621 0.1781464 0.9839874 0.005714714 0.178146 0.9839875 0.005703985 0.1781457 0.9839876 0.005712985 0.1781476 0.9839872 0.005714535 0.1781475 0.9839872 0.005717933 0.1781494 0.9839869 0.005719661 0.1781477 0.9839872 0.005713939 0.1781415 0.9839884 0.005710601 0.1781489 0.983987 0.005715489 0.1781474 0.9839873 0.005713701 -0.718847 0.1430907 -0.6802824 -0.8737593 0.160115 -0.4592471 -0.8204102 -0.06557893 -0.5680024 -0.9771001 -0.1846481 -0.1057381 -0.4425433 -0.02784115 -0.8963149 -0.7434229 -0.2389646 -0.6246746 -0.5297126 -0.2287372 -0.816752 -0.4981352 -0.4127753 -0.762547 -0.473612 -0.3774945 -0.7957322 -0.7148006 -0.4368211 -0.5461204 -0.6141969 -0.2601158 -0.7450517 -0.4506562 -0.169653 -0.8764286 -0.8680288 -0.3063815 -0.3907128 -0.9070895 -0.1669322 -0.3864225 -0.7569374 -0.08675968 -0.6477027 -0.5474445 -0.06841874 -0.8340405 -0.8534857 -0.02470135 -0.5205306 -0.1898832 0.004405677 -0.9817969 -0.7834811 0.05095767 -0.6193229 -0.6084228 0.07437616 -0.7901202 -0.6219398 0.1539112 -0.7677904 -0.5227605 0.1681937 -0.8357227 -0.7195955 0.3292855 -0.6113537 -0.6683296 0.2992307 -0.6810262 -0.7693575 0.5443686 -0.3342933 -0.3090355 0.2141984 -0.9266155 -0.1290957 0.097934 -0.9867843 -0.5971184 0.4718294 -0.6487115 -0.579348 0.6319525 -0.5147737 -0.4533206 0.5696665 -0.6855514 -0.4544104 0.5707167 -0.6839544 -0.2725952 0.4823477 -0.8324859 -0.2832815 0.5512037 -0.7848097 -0.2260927 0.7459988 -0.6263928 -0.2231253 0.6084161 -0.7616068 -0.09355634 0.7745166 -0.6255967 -0.08883398 0.8034705 -0.5886796 0.04155313 0.8829651 -0.4675961 -0.01421207 0.134746 -0.9907783 0.08632904 0.7037884 -0.7051449 0.05104666 0.4045794 -0.9130771 0.2527079 0.924977 -0.2838245 0.2761505 0.6941315 -0.6647725 0.2602481 0.6474183 -0.7163243 0.2291643 0.4425187 -0.8669838 0.3121366 0.5129139 -0.7996813 0.4187153 0.4762467 -0.7732185 0.5683435 0.5746685 -0.5888479 0.6340059 0.4715833 -0.6128996 0.7177975 0.502019 -0.4824353 0.1035444 0.107648 -0.9887824 0.338099 0.23834 -0.9104302 0.8002539 0.3500576 -0.4868814 0.4756988 0.2141088 -0.853152 0.7131508 0.285494 -0.6402414 0.8112195 0.2215828 -0.5411322 0.110942 0.0374335 -0.9931216 0.7038164 0.1295741 -0.6984648 0.4838551 0.06443369 -0.8727729 0.6472784 0.002942442 -0.762248 0.9870591 -0.05200999 -0.1516882 0.631287 -0.1200801 -0.7661969 0.7251196 -0.1473606 -0.6726712 0.7980552 -0.1993061 -0.5686695 0.7700542 -0.3238621 -0.5496634 0.1331731 -0.04258465 -0.9901775 0.6393266 -0.3177937 -0.7001919 0.6817318 -0.4349994 -0.5882323 0.5728952 -0.4361455 -0.6939512 0.6290483 -0.5858446 -0.5109641 0.09051394 -0.1018727 -0.9906711 0.4276524 -0.533108 -0.7300064 0.3620007 -0.4725694 -0.8035134 0.2745041 -0.4976103 -0.8228192 0.3386036 -0.6719973 -0.6586102 0.1636317 -0.3318566 -0.9290295 0.5902278 -0.5827599 -0.5585894 0.6136913 -0.5922154 -0.5221725 0.1167151 -0.1222038 -0.9856186 0.6358808 -0.390304 -0.6658216 0.5663617 -0.3222041 -0.7585637 0.4674551 -0.2550079 -0.8464376 0.8766177 -0.3262826 -0.3536679 0.6198979 -0.09417051 -0.7790113 0.8813416 -0.2147701 -0.4208453 0.9857171 -0.1664726 -0.02547079 0.9733237 -0.2211421 0.06113284 0.9838139 -0.1778942 -0.02154105 0.9855235 -0.1675161 -0.02611511 0.4931373 -0.8698195 -0.0151605 0.6209546 -0.783235 -0.03095918 0.7165735 -0.6972782 -0.01804602 0.7893851 -0.6130409 -0.03243589 0.8556466 -0.5172263 -0.01859998 0.9280303 -0.3714036 -0.02862536 0.9233437 -0.3827466 -0.03068411 0.480024 -0.8770381 -0.01952201 0.5783439 -0.8155965 -0.01790904 0.5768039 -0.8166738 -0.01847523 0.6488429 -0.7607942 -0.01396727 0.7365617 -0.6756662 -0.0308569 0.7775642 -0.6285756 -0.01693183 0.8421062 -0.5388917 -0.02128297 0.8357858 -0.5485141 -0.02438378 0.9168695 -0.3986037 -0.02157801 0.9228579 -0.3842696 -0.02589005 0.9642957 -0.2634659 -0.02682667 0.9753541 -0.2201585 -0.01465016 0.9985752 -0.04481184 -0.02897441 0.9966258 -0.08011209 -0.01786661 0.996744 0.07833725 -0.01910096 0.9975492 0.0661655 -0.02275222 0.9700671 0.2423192 -0.0158568 0.9685611 0.2481477 -0.01766598 0.9172757 0.3977608 -0.01979231 0.9014423 0.4328182 -0.008380889 0.8416349 0.5399634 -0.00950247 0.827305 0.5614944 -0.01704859 0.6883661 0.7252379 -0.01349318 0.7268071 0.6868134 -0.006236493 0.6515992 0.7585604 -0.002131044 0.5483276 0.8362349 -0.006936788 0.5190993 0.8547128 0.00141263 0.450953 0.8925173 -0.007385551 0.3156276 0.9488297 0.01006978 0.2682295 0.9633551 1.97564e-4 0.2101951 0.9776024 0.01056134 0.07316011 0.9973182 0.002066969 0.02707469 0.999522 0.01492989 -0.1066864 0.9941509 0.01679462 -0.1160883 0.9931337 0.01445758 -0.2195338 0.9753348 0.0229572 -0.3112443 0.9503048 0.006915092 -0.3816639 0.9241327 0.01765149 -0.4351886 0.9003106 0.00720793 -0.5563008 0.8307804 0.01825946 -0.5515949 0.8338839 0.01951658 -0.6744129 0.7381615 0.01688331 -0.7107248 0.702713 0.03263056 -0.8124524 0.5825614 0.02330732 -0.8101842 0.5857648 0.02193558 -0.9084324 0.4168428 0.03150784 -0.9265102 0.3756319 0.02189666 -0.9380991 0.345409 0.02574288 -0.9717304 0.2356794 0.01397222 -0.9865245 0.1615937 0.02562767 -0.9934912 0.1126025 0.0172013 -0.9994323 -0.02275329 0.02484661 -0.9984839 -0.04504948 0.03162837 -0.9819864 -0.1885542 0.01226115 -0.9602562 -0.2777904 0.02721714 -0.9381338 -0.3461087 0.01066887 -0.8933132 -0.4488475 0.02296566 -0.8335306 -0.5524145 0.008069574 -0.8285245 -0.5599364 0.004292607 -0.9997862 -0.01200228 0.01683664 -0.9956399 -0.08876603 0.02866542 -0.9635965 -0.267053 0.01282674 -0.986882 -0.1613951 -0.00393629 -0.894046 -0.4476621 0.01675528 -0.8633412 -0.5045997 0.004625082 -0.7456666 -0.666243 0.01007908 -0.7553206 -0.6553307 0.005696415 -0.9888736 0.1251165 -0.0804668 -0.9846742 0.1729825 0.02222418 -0.9833608 0.1798195 0.02582174 -0.9827977 0.1831341 0.02389085 0.4907885 -0.09455758 0.8661326 0.8358492 -0.1365956 0.5316933 0.7050628 -0.3240253 0.6307884 0.8207399 -0.3281812 0.4676356 0.1980487 -0.08652341 0.976366 0.602643 -0.4672275 0.6469311 0.6557698 -0.6265144 0.4212429 0.27508 -0.269747 0.9228042 0.4835554 -0.5944497 0.642498 0.5493595 -0.5036958 0.6667045 0.4334352 -0.8313577 0.3478194 0.2987883 -0.5339307 0.7909765 0.2767413 -0.4343733 0.8571664 0.3847424 -0.5397831 0.7487373 0.3532783 -0.4009057 0.8452628 0.5382188 -0.4976018 0.6802302 0.5260387 -0.4858168 0.698044 0.4421507 -0.3183628 0.8385391 0.7392909 -0.4300904 0.5181421 0.143199 -0.07803398 0.9866129 0.8155019 -0.3580525 0.4547033 0.6561346 -0.2023818 0.7270001 0.7243356 -0.2326804 0.6489977 0.5206774 -0.06788003 0.8510509 0.6310337 -0.04691779 0.7743353 0.7741496 0.07780939 0.6282023 0.665705 0.04109275 0.7450827 0.8242669 0.2128291 0.524679 0.804303 0.196196 0.5608956 0.2778954 0.03204077 0.9600769 0.7236938 0.2851387 0.6284611 0.4564613 0.2236175 0.8611842 0.5682586 0.4106255 0.71307 0.6130434 0.4462631 0.651941 0.3769103 0.3408814 0.8612424 0.4146808 0.4615107 0.7842497 0.3162518 0.4530783 0.8334897 0.4087233 0.7074353 0.5766115 0.0967288 0.1402199 0.9853842 0.3077253 0.7737017 0.553797 0.190141 0.5618659 0.8050796 0.08991962 0.6181669 0.7808867 0.0839349 0.5955421 0.7989272 0.08550745 0.5727272 0.8152742 -0.05472797 0.6412343 0.7653911 -0.08598917 0.5087834 0.8565894 -0.2022973 0.7471596 0.6331101 -0.02531445 0.1398057 0.9898554 -0.3311641 0.7817173 0.5284397 -0.3314675 0.6680667 0.6661953 -0.2419998 0.500633 0.8311454 -0.4631174 0.7386129 0.4898707 -0.4888518 0.54291 0.6828417 -0.1120207 0.1302253 0.9851359 -0.3237857 0.3229758 0.8892973 -0.6677761 0.4312297 0.6067258 -0.6641098 0.3646051 0.6527031 -0.4722607 0.208064 0.8565509 -0.7448338 0.1909242 0.6393518 -0.6356344 0.1697487 0.7530965 -0.9022477 0.1581915 0.4011543 -0.3677265 0.0549637 0.9283083 -0.6973465 -0.005485296 0.7167133 -0.8185846 -0.004707634 0.5743668 -0.9089567 -0.04861319 0.4140467 -0.3145492 -0.08060777 0.9458125 -0.7977792 -0.2435908 0.5515542 -0.7651402 -0.2237313 0.6037423 -0.086281 -0.04386639 0.9953047 -0.7260787 -0.3657095 0.582294 -0.5627797 -0.3280535 0.7587227 -0.6245632 -0.3561276 0.6950497 -0.7513594 -0.5213659 0.4045202 -0.6062496 -0.5576475 0.5670016 -0.688453 -0.5952866 0.4143264 -0.3528184 -0.3281778 0.8762527 -0.3498041 -0.3249005 0.878679 -0.6325967 -0.3882424 0.6701414 -0.593085 -0.2394661 0.7687042 -0.2303771 -0.1269372 0.9647867 -0.8433525 -0.3592706 0.3996012 -0.7107009 -0.2019871 0.6738734 -0.8469303 -0.05927562 0.5283895 -0.7790966 -0.0194087 0.6266034 -0.1659376 -0.0208171 0.9859166 -0.5372344 0.09169167 0.8384342 -0.7955682 0.1247057 0.5928911 -0.8881704 0.1066834 0.446959 -0.5725194 -0.7633442 -0.2992112 -0.4648138 -0.7831891 -0.4129928 -0.6566894 -0.7467787 -0.105265 -0.3530841 -0.8025764 -0.4808357 -0.1719124 -0.833806 -0.5246081 0.01085042 -0.8685023 -0.4955666 0.1323519 -0.8907123 -0.4348732 0.2512854 -0.9129686 -0.3214718 0.3141749 -0.9255639 -0.2112478 0.3527854 -0.9328717 -0.07275247 0.3495173 -0.9322066 0.09396058 0.2005521 -0.90765 0.3687147 0.06132817 -0.883125 0.4651119 0.2875913 -0.922719 0.2566731 -0.06893515 -0.8597954 0.5059643 -0.441383 -0.79075 0.4241412 -0.2596736 -0.8233686 0.5046125 -0.578489 -0.7651247 0.2827278 -0.6503543 -0.7509976 0.114202 -0.9815109 0.1899144 0.02385759 -0.9661939 0.1656917 -0.1975238 -0.8737723 0.1706698 -0.4554054 -0.8113779 0.1450603 -0.5662362 -0.6026548 0.1137581 -0.7898522 -0.5734346 0.1127821 -0.8114511 -0.3873459 0.07181358 -0.9191333 -0.260535 0.05983489 -0.9636086 -0.03922188 0.003421008 -0.9992247 0.1790127 -0.01848417 -0.9836731 0.3133208 -0.05505836 -0.9480499 0.5114246 -0.08500534 -0.8551135 0.5469913 -0.09582185 -0.8316362 0.7841787 -0.1346555 -0.6057488 0.7818042 -0.1335383 -0.6090566 0.9031165 -0.1688212 -0.3948163 0.9757983 -0.1710813 -0.1361944 0.9809147 -0.166517 -0.1003924 0.9648644 -0.1852375 0.1863431 0.8822406 -0.1535993 0.445038 0.8459557 -0.1565099 0.5097683 0.6807827 -0.1304856 0.7207694 0.5928323 -0.1021828 0.7988171 0.4104196 -0.08745056 0.9076939 0.1605009 -0.03416311 0.9864443 0.1364678 -0.026115 0.9903003 -0.2036068 0.02873182 0.9786311 -0.2002327 0.02860879 0.9793305 -0.5378273 0.0948534 0.8377021 -0.55916 0.09528613 0.8235658 -0.8325306 0.148961 0.5335761 -0.8175107 0.1509492 0.5557793 -0.9586524 0.1632471 0.233101 0.01887375 0.5109125 -0.8594255 0.02403372 0.7104941 -0.7032927 0.101481 0.923015 -0.3711401 -0.6084761 0.6975701 -0.3783554 -0.5792304 0.7118843 -0.397131 -0.5726351 0.7173019 -0.3969472 -0.4316413 0.8436927 -0.3191683 -0.6137982 0.6836578 0.3947961 -0.5308859 0.7195209 0.4477164 -0.5087352 0.7351391 0.4480615 -0.5178858 0.7305958 0.444999 0.7683777 0.4941757 0.406677 0.7886683 0.459254 0.4087643 0.81158 0.4536522 0.3681544 0.6980007 0.6325005 0.3357651 0.8191198 0.4344373 -0.3745761 0.7459884 0.4979133 -0.4422486 0.7415075 0.5123749 -0.4331728 0.707368 0.4715533 -0.5265626 0.1192948 0.4927713 -0.8619427 0.2037871 0.6950957 -0.6894294 0.1913858 0.8529294 -0.4856778 -0.2442845 0.1981728 -0.949238 -0.1195597 0.2846062 -0.9511598 -0.1093024 0.4254058 -0.898378 -0.1027271 0.3143014 -0.9437489 -0.4045754 0.2751215 -0.8721393 -0.211189 0.5003976 -0.8396437 -0.2223166 0.5537636 -0.802447 -0.3261401 0.6047015 -0.7266147 -0.696415 0.3179308 -0.6433711 -0.04077589 0.7401108 -0.6712476 -0.06721955 0.7354704 -0.6742143 -0.1779096 0.7609964 -0.6238852 -0.3321785 0.6891182 -0.6440292 -0.5489947 0.5081145 -0.6636449 -0.3571314 0.6974647 -0.6212891 0.00580132 0.8785414 -0.4776312 -0.8989835 0.3490308 -0.2645869 -0.899002 0.3489753 -0.2645974 -0.8990196 0.3489274 -0.2646006 -0.1881437 0.8682827 -0.4590064 -0.3590478 0.7692412 -0.5285384 -0.2315626 0.8830513 -0.4081657 -0.7471296 0.6226871 -0.2325042 -0.7306905 0.6801501 -0.05905318 -0.8893766 0.408299 0.2056726 -0.8966167 0.3951182 0.1999003 -0.7529908 0.6570762 -0.03543776 -0.8351457 0.5491688 -0.03074938 -0.550543 0.8269523 -0.1142467 -0.8791817 0.4335255 0.1977254 -0.8176644 0.33876 0.4654747 -0.4302068 0.8977527 -0.09466993 -0.6200028 0.7827602 -0.05369472 -0.361673 0.9234705 -0.1280432 -0.8082127 0.5367783 0.2422013 -0.7338292 0.6438503 0.2166832 -0.6736154 0.278434 0.684629 -0.5246146 0.8368623 0.156336 -0.7387001 0.5013154 0.4505609 -0.6621375 0.7045754 0.2552402 -0.503371 0.3390077 0.7947903 -0.4887707 0.8573015 0.1616708 -0.4007805 0.8874788 0.2275003 -0.3294013 0.2311645 0.915455 -0.106017 0.2683296 0.9574757 -0.2907144 0.6814296 0.6716688 -0.2933555 0.4642385 0.8357183 -0.2604767 0.5409181 0.7997246 -0.1043376 0.2621094 0.9593814 -0.2969139 0.7576784 0.5811761 -0.3211113 0.6944755 0.6438877 0.1437641 0.1295234 0.9810992 -0.1004092 0.2924968 0.9509804 -0.1957084 0.8773745 0.4380778 -0.01493924 0.3831829 0.9235517 0.004257917 0.7931519 0.609009 -0.06877207 0.7332118 0.6765138 -0.07421797 0.6118719 0.7874673 0.3418239 -0.1022866 0.9341809 0.3976216 0.1016768 0.9118986 -0.06498038 0.8564672 0.5120954 0.1913567 0.3353847 0.9224423 0.228989 0.4642668 0.855582 0.01309305 0.5471374 0.8369404 -0.003106474 0.7174485 0.6966047 0.08848011 0.9237768 0.3725691 0.1853404 0.6840412 0.7055045 0.1504629 0.5798068 0.8007404 0.7164849 0.03191763 0.6968721 0.1292175 0.8782508 0.4604111 0.4660927 0.3138557 0.8271955 0.278051 0.7144463 0.6420702 0.3539842 0.6718386 0.6506367 0.922734 0.01857501 0.3849896 0.2834547 0.8120863 0.5100679 0.5718512 0.5064556 0.6453596 0.7726931 0.2259759 0.593195 0.9572317 0.07679373 0.2789452 0.3615886 0.8300581 0.4245672 0.4779257 0.7138444 0.5118724 0.5574461 0.6655564 0.4962747 0.5747518 0.6331377 0.5184564 0.8445312 0.3979929 0.358286 0.9998242 0.009002983 0.01644766 0.9338719 0.1875872 0.3044578 0.9952206 0.07476621 -0.06281846 0.9216096 0.3095123 0.2341749 0.9642488 0.2587035 0.0574184 0.9410142 0.3302052 0.07387077 0.9329684 0.3548211 0.0605964 0.8105309 0.5729224 0.1216545 0.9492514 0.08503544 -0.302805 0.9892669 0.1306822 -0.06536865 0.7174366 0.6888335 0.10389 0.8550266 0.5145856 0.06427663 0.888626 0.01681441 -0.4583245 0.9064649 0.3614814 -0.2182944 0.6622216 0.7365519 0.1376736 0.938795 0.1889021 -0.2880627 0.9403479 0.2371855 -0.2439036 0.7638355 0.06846916 -0.641769 0.6548248 0.08439445 -0.751054 0.7845345 0.6021424 -0.1480889 0.8690377 0.4286002 -0.2471348 0.7586383 0.6332859 -0.1530256 0.7537886 0.2588633 -0.6039806 0.6869684 0.6931166 -0.2183207 0.4381088 0.1243782 -0.8902757 0.2546968 0.1096193 -0.9607878 0.6471182 0.5013447 -0.574362 0.1718322 0.2316831 -0.957495 0.3622472 0.4479004 -0.8174119 0.3324356 0.4014472 -0.8534206 0.4343877 0.6450052 -0.6287096 0.2076724 0.3665086 -0.9069419 0.1647718 0.2747313 -0.9472978 0.476468 0.7894455 -0.3869807 0.4970017 0.7175229 -0.4880064 0.3191227 0.7940554 -0.5173363 0.3113552 0.6637043 -0.6801137 0.1732232 0.6876505 -0.7050749 0.2974653 0.6567572 -0.6929534 -0.5841731 0.3266524 -0.742994 -0.5064532 0.4109539 -0.7580383 -0.5054602 0.4249209 -0.7509676 -0.419743 0.3533565 -0.8360354 -0.8190911 0.3841243 -0.4260732 -0.496571 0.6253948 -0.6019125 -0.7621972 0.4653617 -0.4499933 -0.6963517 0.4505956 -0.5586214 -0.734627 0.484774 -0.474676 -0.9315111 0.3608878 -0.04524469 -0.5823447 0.7183221 -0.3806416 -0.879774 0.4341956 -0.1935762 -0.892805 0.4374405 -0.1074488 -0.8029634 0.5387005 -0.255052 -0.7490552 0.4291913 0.5046893 -0.6272195 0.4780952 0.6148339 -0.6952446 0.4234867 0.5807701 -0.5265981 0.611142 0.5909315 -0.5044089 0.4551956 0.7337362 -0.4764159 0.3723558 0.7964792 -0.3890612 0.3807577 0.8388414 -0.4577115 0.5990319 0.6570091 0.1457562 0.1547148 0.9771481 0.2131543 0.2586278 0.9421662 0.3179712 0.2264163 0.9206683 0.5805597 0.1965342 0.7901422 0.6544824 0.248823 0.7139608 0.5935643 0.1580112 0.7891223 0.559715 0.1785199 0.8092279 0.4362528 0.4622026 0.7720442 0.4543282 0.4963266 0.7397607 0.8250325 0.1202318 0.5521465 0.6584232 0.4020339 0.6362764 0.8274317 0.129303 0.5464774 0.8580827 0.1412955 0.49369 0.8802063 0.2202554 0.4203863 0.7218995 0.3903734 0.5713754 0.9843344 0.01698046 0.1754925 0.9901099 0.04245531 0.1337168 0.9755767 -0.05605202 -0.2123872 0.8352529 0.1502683 -0.5289348 0.8045898 0.1585291 -0.5722795 0.8720197 0.22763 -0.4333199 0.4753098 0.193944 -0.8581762 0.5895512 0.2507765 -0.7678155 0.5842667 0.2337396 -0.7771732 0.5721853 0.4754301 -0.6682592 0.5532339 0.4183772 -0.7203421 0.9833819 -0.1815288 -0.002701163 0.9827265 -0.1844518 0.0150386 0.9683586 -0.1666545 0.1857635 0.9050685 -0.1660932 0.3914897 0.8848202 -0.1702451 0.4337162 0.8155828 -0.1451959 0.5601276 0.696628 -0.1267432 0.7061485 0.6436043 -0.12715 0.7547228 0.5465919 -0.0968874 0.8317753 0.3392342 -0.06456649 0.9384835 0.3050588 -0.06586527 0.9500531 0.05335366 -0.009637475 0.9985293 -0.08161228 0.003715395 0.9966573 -0.1440261 0.02534979 0.9892492 -0.3781412 0.06843334 0.9232151 -0.4556941 0.07165354 0.8872479 -0.5501238 0.1013524 0.8289099 -0.7094606 0.128613 0.6929101 -0.7587398 0.1267532 0.6389427 -0.865116 0.1640981 0.4739686 -0.9428439 0.1630113 0.290642 -0.9613434 0.1803082 0.2081058 -0.9825414 0.1810949 -0.04262721 -0.9797384 0.1716662 -0.1031679 -0.9437543 0.181529 -0.2763604 -0.8657265 0.1574651 -0.4751024 -0.8590751 0.1538741 -0.4881731 -0.764831 0.1514804 -0.6261689 -0.6250531 0.1200006 -0.7713032 -0.5861808 0.1051853 -0.8033233 -0.4606125 0.09544444 -0.8824548 -0.2882776 0.05832415 -0.955769 -0.2800073 0.05535036 -0.9584009 -0.05921286 0.01966017 -0.9980518 0.001772344 0.003805398 -0.9999912 0.0240122 0.002276778 -0.9997091 0.2425431 -0.03160661 -0.9696257 0.3586171 -0.06558942 -0.9311777 0.4304276 -0.06801569 -0.9000589 0.6116827 -0.1012157 -0.7846017 0.6845899 -0.1267611 -0.7178219 0.7535821 -0.1274787 -0.6448746 0.8697041 -0.1493117 -0.4704476 0.9050198 -0.168897 -0.3904014 0.9639856 -0.1617198 -0.2111362 -0.1781459 -0.9839875 -0.005719661 -0.1781461 -0.9839876 -0.005712509 -0.1781484 -0.983987 -0.005713164 -0.178148 -0.9839872 -0.005710959 -0.1781487 -0.983987 -0.00571382 -0.1781479 -0.9839872 -0.005715012 -0.1781479 -0.9839872 -0.005711913 -0.1781443 -0.9839879 -0.005715429 -0.1781473 -0.9839872 -0.005712807 -0.178152 -0.9839864 -0.005717754 -0.1781468 -0.9839873 -0.005714237 -0.1781473 -0.9839872 -0.005718827 -0.1781437 -0.983988 -0.00571382 -0.1781469 -0.9839874 -0.00571525 -0.178147 -0.9839873 -0.005715787 -0.1781478 -0.9839872 -0.005716264 -0.1781456 -0.9839875 -0.005713403 -0.1781474 -0.9839872 -0.00571382 -0.1781457 -0.9839875 -0.005712926 -0.1781427 -0.9839881 -0.005711495 -0.1781468 -0.9839874 -0.005715131 -0.1781468 -0.9839874 -0.005715489 -0.1781457 -0.9839875 -0.005717515 -0.1781429 -0.9839881 -0.005716741 -0.1781483 -0.9839871 -0.005715429 -0.1781455 -0.9839876 -0.00571388 -0.1781461 -0.9839875 -0.005712985 -0.1781478 -0.9839872 -0.005712449 -0.1781473 -0.9839873 -0.005713284 -0.1781478 -0.9839872 -0.005711615 0.0102933 -0.01479738 0.9998376 0.02241051 -0.009695589 0.9997019 0.01939624 -0.0131551 0.9997254 0.01913821 -0.01311105 0.9997309 0.01684522 -0.009367704 0.9998142 0.0200777 -0.01060777 0.9997422 0.09370797 -0.05262041 0.9942082 0.01435941 -0.007629036 0.9998678 0.01782917 -0.01471149 0.9997329 0.02246791 -0.009779572 0.9996997 0.02227967 -0.009857952 0.9997033 0.02227181 -0.009849071 0.9997035 0.01818442 -0.009154081 0.9997928 0.0179665 -0.008830904 0.9997997 0.02250421 -0.009844899 0.9996983 0.02512794 -0.007788658 0.9996539 0.01863431 -0.009809255 0.9997783 0.01729357 -0.002988755 0.9998461 0.01830518 -0.007810235 0.9998019 0.03089743 -0.0102418 0.9994701 0.01583415 -0.005107164 0.9998616 0.02689296 -0.01505702 0.999525 0.02467107 -0.01480489 0.9995861 0.01570749 -0.006350934 0.9998565 0.01976621 -0.006111562 0.999786 0.02388095 -0.01686531 0.9995726 0.02676779 -0.006677687 0.9996194 0.02074503 -0.005365848 0.9997704 0.02011704 -0.006710827 0.9997752 0.02339088 -0.01275062 0.9996451 0.02530449 -0.01227301 0.9996045 0.02260565 -0.007553458 0.9997159 0.02504301 -0.01062166 0.99963 0.02250599 -0.007587194 0.999718 0.02433925 -0.006273031 0.9996841 0.02646297 -0.008621752 0.9996126 0.02386695 -0.006154775 0.9996962 0.02678561 -0.00955516 0.9995956 0.02415281 -0.006044209 0.99969 0.02941894 -0.00384289 0.9995598 0.02560281 -0.007882416 0.9996412 0.03008991 -0.005155622 0.9995339 0.0279783 -0.008228123 0.9995747 0.0288642 -0.009414315 0.999539 -0.1144981 -0.9036581 0.4126648 -0.01214736 -0.9600646 0.2795145 -0.1312734 -0.9776343 0.1643127 -0.01116341 -0.9624496 0.2712309 0.1740477 -0.8847262 0.4323967 0.07029795 -0.9738182 0.2161859 -0.09736204 -0.9947761 -0.0306797 -0.05871748 -0.9982638 -0.004657566 0.2441309 -0.9189293 0.3097888 0.2292456 -0.9431903 0.2404967 0.08563423 -0.9941632 0.0656228 0.4463998 -0.8043345 0.3921396 0.4322205 -0.8330867 0.3451838 0.0180065 -0.999799 -0.008820295 -0.1083238 -0.9735623 -0.201103 0.2493904 -0.9657627 0.07146143 0.271027 -0.9494484 0.1584051 0.1054543 -0.9840667 -0.143151 -0.1477585 -0.9204465 -0.3618642 0.2765241 -0.9609222 0.01276552 -0.03310024 -0.9601123 -0.2776487 0.4792944 -0.8626782 0.1614416 0.4813719 -0.8606632 0.1659514 -0.03438401 -0.9516334 -0.3053058 0.1709955 -0.9735223 -0.1517067 0.05238229 -0.9111775 -0.4086709 0.3683254 -0.9290834 -0.03377324 0.6568225 -0.6950117 0.2924774 0.4867542 -0.8709661 0.06699454 0.6678231 -0.6923598 0.2732222 0.6546184 -0.7284143 0.2022064 0.2542724 -0.9393579 -0.2301137 0.3915374 -0.910035 -0.1361426 0.3441285 -0.9164127 -0.2043613 0.7840694 -0.4400234 0.437738 0.7632579 -0.5845192 0.2752721 0.5709008 -0.8197659 -0.04534721 0.2317889 -0.9178405 -0.3222464 0.5302179 -0.8364795 -0.1384605 0.7068387 -0.7051236 0.05638897 0.320062 -0.8435352 -0.4312875 0.8499963 -0.4018622 0.3406072 0.669808 -0.7423667 -0.01578104 0.425562 -0.8410504 -0.3339632 0.8168014 -0.5466569 0.184396 0.7754215 -0.6294441 0.05021661 0.4226495 -0.8376131 -0.3460806 0.9250661 -0.2660729 0.2710311 0.5484991 -0.8047163 -0.2271132 0.885377 -0.4351009 0.1636916 0.8883985 -0.4198866 0.1855894 0.5120992 -0.7310052 -0.4509833 0.933412 -0.2655742 0.2412729 0.8167053 -0.5764921 -0.02548503 0.9021117 -0.1209539 0.4142036 0.7284765 -0.6608959 -0.1803848 0.6234179 -0.7269817 -0.2878331 0.9089699 -0.4131966 0.0551567 0.6193751 -0.7162292 -0.3215439 0.9623587 -0.2012187 0.182693 0.7986904 -0.5744008 -0.179325 0.8098161 -0.5632416 -0.1641853 0.9126148 -0.4060649 0.04739052 0.9244379 -0.3707443 -0.08923727 0.9574949 -0.04888278 0.2842782 0.9755927 -0.1919605 0.1066308 0.888652 -0.4309195 -0.1568632 0.7109405 -0.5639856 -0.4200999 0.9687142 0.02749907 0.2466509 0.983844 -0.1634416 0.07306027 0.9498822 0.10839 0.2932156 0.9447212 -0.3109834 -0.1038803 0.7743808 -0.5243876 -0.3540513 0.9641523 0.07458382 0.2546522 0.9855974 -0.167327 -0.02448588 0.8280792 -0.3925155 -0.4002704 0.8915732 0.2761543 0.3589375 0.9945256 -0.02824473 0.1006036 0.9057481 0.2594968 0.3350846 0.9716618 0.177125 0.1565259 0.9892701 -0.1106364 -0.09541666 0.9516201 -0.2035814 -0.2301608 0.8743664 -0.3461355 -0.3401085 0.9710716 -0.1255922 -0.2030928 0.8381109 0.4358603 0.3280182 0.8169639 0.459662 0.348254 0.9959865 0.08127373 -0.0374906 0.9437437 0.2842032 0.1690462 0.995937 0.07304728 -0.05266535 0.9685662 -0.07638239 -0.2367386 0.9132622 -0.24672 -0.3241626 0.9890908 0.1471993 -0.005634784 0.8864126 -0.1131469 -0.4488549 0.9299444 0.3477956 0.1193389 0.9778288 0.08046096 -0.1933317 0.8972892 0.418751 0.1397129 0.9516843 0.3053684 -0.03236126 0.9272932 -0.05163198 -0.3707582 0.6243277 0.6534401 0.4280551 0.9415392 0.3292073 -0.07159918 0.7415533 0.6114522 0.2760888 0.7114346 0.6371288 0.2965261 0.9412209 0.168504 -0.2927618 0.9300801 0.132982 -0.3424426 0.7770384 0.6144949 0.1364091 0.9309875 0.2340518 -0.2801464 0.8337702 0.5487911 0.06046295 0.8892005 0.4437626 -0.1113433 0.5348504 0.8012777 0.2681218 0.8346562 0.55075 0.004845976 0.6129057 0.765507 0.1958206 0.8645964 0.4592866 -0.203787 0.5357027 0.8029601 0.2613001 0.6675161 0.7392485 0.08907276 0.6370178 0.7619627 0.1167103 0.8729749 0.3577332 -0.3315749 0.3317446 0.8259686 0.4557647 0.7416251 0.6625655 -0.1048773 0.8245897 0.3925725 -0.407356 0.3016718 0.8844814 0.3559313 0.7933868 0.5488437 -0.2632644 0.4232138 0.8832769 0.2017726 0.686092 0.7238683 -0.07275032 0.7878689 0.5150741 -0.3375818 0.330204 0.9063547 0.2636031 0.5051269 0.8630419 0.002375364 0.7458417 0.6229119 -0.2360108 0.1059986 0.9332469 0.3432412 0.5826905 0.8002022 -0.1419451 0.6413702 0.6245415 -0.4456371 -0.002426862 0.8821426 0.4709765 0.4311208 0.9011412 0.04559981 0.544829 0.8288993 -0.1268364 0.6470587 0.6852661 -0.3342534 0.615651 0.7241595 -0.3107523 -0.0986275 0.937131 0.3347512 0.1802053 0.9765292 0.1179702 0.3287134 0.9443691 -0.01070916 0.06861907 0.9818128 0.1770169 0.07308995 0.9831466 0.1675734 0.2196953 0.9749891 0.03362017 0.4028314 0.888961 -0.2178884 -0.09233802 0.9605349 0.2623859 0.3295656 0.9275568 -0.1761388 0.396501 0.8274619 -0.3976101 0.2356973 0.9482387 -0.2128149 0.3985291 0.8237208 -0.4033099 0.1275348 0.9857332 -0.1098411 -0.3389996 0.8681497 0.362485 -0.04379636 0.9986537 0.02780044 -0.372425 0.8723378 0.3167437 -0.3677858 0.8690055 0.3310034 -0.2278347 0.9653418 0.1273053 -0.01615059 0.992427 -0.1217705 -0.221262 0.9695957 0.1045332 0.2046434 0.9285674 -0.3096512 -0.3047347 0.936985 0.1708688 -0.04460918 0.9869257 -0.1548799 0.1065585 0.9158628 -0.3870925 -0.5595905 0.7072203 0.4320856 -0.4860061 0.84077 0.2385457 -0.5446249 0.8024399 0.2438728 -0.04170119 0.9617506 -0.2707341 -0.6057992 0.7088244 0.3613522 -0.4473602 0.8893905 0.09409296 -0.2841758 0.9577067 -0.04518944 -0.2331237 0.9640459 -0.1275497 -0.6665155 0.6704162 0.3260359 -0.4705158 0.8820105 0.02593225 -0.3886132 0.9199653 -0.05141615 -0.1342975 0.9281639 -0.3470968 -0.7244443 0.489328 0.4855293 -0.693426 0.6634396 0.2810843 -0.6912324 0.6991117 0.1828679 -0.6503 0.7481052 0.1320929 -0.5529022 0.833233 -0.004691362 -0.3145791 0.9122315 -0.2624382 -0.8159718 0.4657059 0.3425027 -0.803009 0.5424434 0.2468438 -0.6393852 0.767829 0.04031544 -0.4121 0.8892713 -0.1984193 -0.3080788 0.9076368 -0.2851017 -0.8258823 0.4837328 0.2896917 -0.3781256 0.8130574 -0.4426723 -0.540605 0.8077027 -0.2352932 -0.8052539 0.5809312 0.1186811 -0.8963828 0.2648415 0.3554672 -0.5529376 0.7929594 -0.2558822 -0.7311406 0.6794896 -0.06105262 -0.5622156 0.7924531 -0.2364994 -0.8490837 0.1625348 0.5026324 -0.8218228 0.5668738 0.05710846 -0.7779836 0.6268869 -0.04188722 -0.9294549 0.2555668 0.2660812 -0.6772565 0.6961941 -0.2379865 -0.9308763 0.07031172 0.3585046 -0.9180913 0.3538025 0.1786962 -0.8935294 0.4486396 0.01810097 -0.6972767 0.6667907 -0.2630505 -0.9617296 0.1420431 0.2343078 -0.9298425 0.3655136 0.0423417 -0.8419956 0.5161734 -0.1568707 -0.9385957 0.3441013 0.02515345 -0.7117812 0.5325856 -0.4579522 -0.8402968 0.5030734 -0.2020357 -0.914623 -0.1470152 0.3766315 -0.9368547 -0.1012744 0.334734 -0.9821618 0.1879728 0.004937112 -0.8507251 0.4679399 -0.2393722 -0.9714061 -0.09646093 0.2169461 -0.9881245 0.08281052 0.1294312 -0.8394986 0.4657137 -0.2799158 -0.9110437 -0.2503828 0.3275787 -0.9922879 0.01170068 0.1234014 -0.9840818 0.1416048 -0.1073839 -0.9223772 0.3254874 -0.208034 -0.849936 -0.3808916 0.3640475 -0.9333661 0.2667197 -0.2401841 -0.8723881 0.2523149 -0.4186601 -0.7526708 -0.4295942 0.4989344 -0.9639627 -0.2293657 0.1347864 -0.9139292 0.2310352 -0.333701 -0.9388104 -0.2877693 0.1892724 -0.9941038 -0.1055481 -0.02484732 -0.9883815 0.02527391 -0.1498778 -0.7653332 -0.5471706 0.3389239 -0.8573358 -0.4511066 0.2479485 -0.9720299 -0.2267058 0.06133782 -0.9917542 -0.09606844 -0.08482104 -0.7956932 -0.5391844 0.2759577 -0.890761 -0.4202379 0.1730463 -0.9495552 0.02554619 -0.3125579 -0.6636216 -0.6594949 0.3530905 -0.9522035 -0.3053979 0.006370723 -0.9576054 -0.2162792 -0.1903032 -0.8863219 -0.45402 0.09110075 -0.9155328 -0.05869877 -0.3979374 -0.56024 -0.6822045 0.4698173 -0.9145499 -0.4044485 0.004485487 -0.9260469 -0.1040945 -0.3627693 -0.7742897 -0.6116747 0.1622638 -0.9639872 -0.2056369 -0.1686483 -0.8209543 -0.5668117 0.06898325 -0.5241773 -0.7822945 0.3365316 -0.6556857 -0.7222727 0.2199966 -0.8871648 -0.4495773 -0.1040136 -0.8914521 -0.4087448 -0.195553 -0.6867138 -0.7073544 0.1675524 -0.8036372 -0.5949519 -0.0141316 -0.9237785 -0.298588 -0.2397468 -0.9057833 -0.2919223 -0.3071448 -0.5449491 -0.7969916 0.2604514 -0.8269388 -0.5537411 -0.09768861 -0.81231 -0.3652278 -0.45471 -0.71465 -0.6987398 -0.03222137 -0.3330465 -0.8790053 0.3412182 -0.3529989 -0.8762619 0.3279585 -0.4759091 -0.8588733 0.1893343 -0.6517471 -0.7580883 0.02297669 -0.8200448 -0.4929233 -0.2907809 -0.4373024 -0.8772583 0.1979512 -0.5957165 -0.8031934 -0.001553773 -0.7704972 -0.5854744 -0.2520989 -0.2638267 -0.9139295 0.308429 -0.5538181 -0.8324944 0.01544988 -0.6932476 -0.6863752 -0.219766 -0.7225382 -0.6365889 -0.2696169 -0.1965154 -0.966233 0.1666599 -0.3107922 -0.9482403 0.06518203 -0.5915859 -0.7825492 -0.1940181 -0.6228041 -0.6521764 -0.4321818 -0.2795134 -0.9577625 0.06755274 -0.4163191 -0.9071404 -0.06144076 -0.1919216 -0.9809635 -0.0296092 -0.4939936 -0.8256232 -0.2726109 -0.3883621 -0.9065945 -0.1651107 -0.4917665 -0.8225404 -0.2856453 -0.2633662 -0.9440943 -0.1983034 -0.276816 -0.9382383 -0.2075617 -0.3710758 -0.8228805 -0.4303145 -0.2570438 -0.9156699 -0.3089937 -0.05658626 -0.001398444 -0.9983968 -0.0215311 0.01717203 -0.9996208 -0.02859276 0.003741741 -0.9995842 -0.02739959 0.00276637 -0.9996207 -0.02862054 0.008750021 -0.9995521 -0.02907544 0.005056858 -0.9995645 -0.0266332 0.009239792 -0.9996026 -0.01423507 0.004381 -0.9998891 -0.02778685 0.01177304 -0.9995446 -0.02798676 0.007917761 -0.999577 -0.02538806 0.008999228 -0.9996372 -0.02375513 0.006278157 -0.9996981 -0.02564644 0.008658826 -0.9996336 -0.02656769 0.009866774 -0.9995984 -0.01656621 0.009882271 -0.9998139 -0.0255835 0.005278885 -0.9996588 -0.02612292 0.01326799 -0.9995707 -0.02236139 0.009826123 -0.9997017 -0.02602183 0.01337194 -0.999572 -0.02581763 0.01077371 -0.9996086 -0.01850664 0.0114026 -0.9997637 -0.02612197 0.01073354 -0.9996011 -0.02059149 0.005859494 -0.9997709 -0.02305769 0.01252371 -0.9996557 -0.01981592 0.006517589 -0.9997825 -0.02414876 0.01276165 -0.999627 -0.01620984 0.006791412 -0.9998456 -0.01637279 0.005614459 -0.9998502 -0.02313786 0.01321673 -0.999645 -0.01723676 0.02208358 -0.9996075 -0.01658129 0.005450546 -0.9998478 -0.02414578 0.01733052 -0.9995583 -0.02157807 0.01335442 -0.999678 -0.01886457 0.009290039 -0.9997789 -0.0213111 0.0132063 -0.9996857 -0.01854246 0.01058655 -0.999772 -0.02106773 0.01321321 -0.9996908 -0.01872211 0.01038271 -0.9997709 -0.02051985 0.01224303 -0.9997145 -0.01954561 0.01121586 -0.9997461 -0.01951003 0.01196604 -0.9997381 -0.09308481 -0.8848315 -0.4565178 -0.01758641 -0.8604577 -0.5092185 0.1097967 -0.9072571 -0.4059916 0.1935749 -0.8825784 -0.4284675 0.2147318 -0.9454381 -0.2450248 0.3802757 -0.9023823 -0.2027233 0.3062469 -0.9502609 -0.05671954 0.3721668 -0.9274656 0.03604966 0.306586 -0.9479047 0.08649724 0.3130682 -0.9194593 0.2378719 0.2375472 -0.9383773 0.2510365 0.1843887 -0.8967298 0.4023388 0.1068967 -0.9159652 0.3867568 0.001263856 -0.8631491 0.5049475 0.001333653 -0.8631224 0.5049932 0.001450061 -0.8631018 0.505028 -0.07952123 -0.8892934 0.4503709 -0.252522 -0.7851547 0.5654777 -0.2911205 -0.8367599 0.463769 -0.4175544 -0.8266103 0.3773111 -0.5429071 -0.740446 0.3962216 -0.5397985 -0.8037791 0.2501136 -0.6627123 -0.7268714 0.1801953 -0.6102821 -0.79126 0.03825712 -0.678108 -0.7340788 -0.03602433 -0.5947975 -0.7887613 -0.1551508 -0.6318989 -0.727658 -0.2668665 -0.4901962 -0.8166363 -0.3046521 -0.4325493 -0.7672172 -0.473581 -0.3320595 -0.8419221 -0.425328 -0.2115995 -0.8013596 -0.5595074 0.01222574 -0.02621048 0.9995817 0.1751093 -0.02445763 0.9842453 0.4315392 -0.09441071 0.8971403 0.5572476 -0.0945217 0.824949 0.7566577 -0.1537126 0.6354854 0.8304778 -0.1436368 0.5382149 0.9509384 -0.1799693 0.2516492 0.966687 -0.1720538 0.1895094 0.9781928 -0.1700619 -0.1192389 0.9818102 -0.1814916 -0.05576431 0.8916891 -0.1688436 -0.4199792 0.8396143 -0.1359251 -0.5259013 0.6590563 -0.1261745 -0.7414344 0.5519751 -0.08404588 -0.8296144 0.3067079 -0.06247806 -0.9497509 0.1527069 -0.004151701 -0.9882629 -0.1212275 0.009957492 -0.9925748 -0.3839913 0.08753681 -0.919178 -0.4441488 0.08518022 -0.8918948 -0.7344416 0.1375711 -0.6645824 -0.7502146 0.134886 -0.6472895 -0.9309587 0.1766002 -0.3195754 -0.9553257 0.1642103 -0.2457396 -0.9772471 0.1867836 0.100499 -0.97016 0.1686009 0.1742505 -0.8241708 0.1482023 0.5466064 -0.8234255 0.1483989 0.5476754 -0.5650576 0.09724104 0.8193011 -0.5102881 0.0739023 0.8568223 -0.2779288 0.06249231 0.9585668 -0.1783553 -0.9839481 -0.005972146 -0.1780552 -0.984002 -0.006041646 -0.1781429 -0.983987 -0.005898594 -0.1784818 -0.9839267 -0.005713045 -0.1784245 -0.9839377 -0.005597114 -0.1781438 -0.9839869 -0.005878984 -0.178267 -0.9839651 -0.005800068 -0.1784088 -0.9839398 -0.00573647 -0.1785162 -0.9839211 -0.005594551 -0.1781622 -0.9839843 -0.005775153 -0.1780182 -0.98401 -0.005820512 -0.1785057 -0.983923 -0.005603432 -0.1776167 -0.9840811 -0.006071925 -0.1782569 -0.983966 -0.005951821 -0.1785028 -0.9839238 -0.00554502 -0.1787691 -0.9838751 -0.005603492 -0.1774384 -0.9841153 -0.005724549 -0.1780092 -0.9840108 -0.00597918 -0.1785307 -0.9839206 -0.005188763 -0.1778874 -0.9840363 -0.00536853 -0.1780064 -0.9840129 -0.005701124 -0.1780756 -0.9839998 -0.005800724 -0.1780923 -0.9839982 -0.00554043 -0.1780899 -0.9839982 -0.005622863 -0.1780903 -0.9839985 -0.005546033 -0.1780388 -0.9840072 -0.005666673 -0.178124 -0.9839924 -0.005554854 -0.1780515 -0.9840051 -0.005617558 -0.1780612 -0.9840036 -0.005606234 0.1627008 0.8721739 0.4613471 0.2172291 0.8242141 0.5229558 0.3654055 0.8210661 0.4385535 0.4315015 0.7691944 0.4713243 0.4973625 0.816243 0.2939013 0.6414296 0.7170233 0.2728476 0.6088556 0.7842221 0.1195431 0.6743051 0.7375842 0.03580898 0.6272866 0.7784659 -0.02241307 0.6434006 0.745912 -0.1721948 0.5817048 0.789732 -0.1947897 0.5378548 0.7657028 -0.3527203 0.4706591 0.811167 -0.3471142 0.3699441 0.7957957 -0.4794273 0.3025881 0.8460052 -0.4389941 0.1161857 0.8156677 -0.5667337 0.09278476 0.8654822 -0.4922719 -0.04234129 0.9129047 -0.405971 -0.1928898 0.8732402 -0.4474876 -0.189085 0.9350681 -0.2998242 -0.3359583 0.9085037 -0.248502 -0.285691 0.9526911 -0.1037327 -0.3794538 0.9244881 -0.03655916 -0.2961816 0.9511889 0.08669555 -0.3682621 0.9082201 0.198795 -0.211815 0.9441534 0.2524061 -0.1946156 0.8818384 0.4295182 -0.07073569 0.9155693 0.3958908 0.00995624 0.8379565 0.5456462 0.1777853 0.9840522 0.005816817 0.1777947 0.9840525 0.005467832 0.178033 0.9840107 0.005229592 0.1781789 0.9839834 0.005391061 0.1780676 0.9840039 0.005317866 0.1782108 0.9839774 0.005428135 0.1780431 0.9840068 0.005595207 0.1784477 0.9839351 0.005315184 0.1781339 0.9839904 0.005595564 0.1779748 0.9840182 0.005773901 0.1780266 0.9840093 0.005691468 0.1781525 0.9839868 0.005625009 0.1781927 0.9839797 0.005610883 0.1778212 0.9840459 0.005766868 0.1779308 0.9840275 0.005528867 0.1782404 0.9839707 0.005664408 0.1782329 0.9839723 0.005624413 0.1779791 0.9840157 0.006054103 0.1781758 0.9839801 0.006065487 0.17826 0.9839673 0.005652785 0.178259 0.9839671 0.005698621 0.1781594 0.9839832 0.006035208 0.1780924 0.983995 0.006085455 0.178348 0.9839503 0.005818545 0.1783912 0.983943 0.005726277 0.1781488 0.9839848 0.006082534 0.178377 0.9839462 0.005631089 0.1784396 0.983935 0.005587399 0.1781607 0.9839825 0.006098449 0.1781277 0.9839882 0.006140351 0.1783674 0.9839451 0.006089985 -0.6700286 -0.7370122 0.08874046 -0.5854426 -0.7997747 0.1327309 -0.6163204 -0.7330655 0.287688 -0.4638557 -0.8119214 0.3544315 -0.4633168 -0.8074848 0.3651108 -0.3411768 -0.8031435 0.488425 -0.288065 -0.8433459 0.4536368 -0.1268174 -0.835904 0.5340243 -0.1518384 -0.8539638 0.4976856 0.03901296 -0.8950415 0.4442731 0.01552331 -0.880536 0.4737251 0.1180322 -0.8967193 0.4265712 0.165076 -0.924193 0.3444086 0.2885237 -0.8998048 0.32727 0.2452322 -0.9501363 0.1926194 0.3574126 -0.9259294 0.1221106 0.299862 -0.953036 -0.04248708 0.3227224 -0.945936 -0.03248518 0.3314958 -0.9035367 -0.2715362 0.2110525 -0.9357016 -0.2827002 0.1814669 -0.8997417 -0.3969066 0.09176462 -0.895802 -0.4348771 0.04373764 -0.9022148 -0.4290636 -0.003046572 -0.8653354 -0.5011839 -0.1595568 -0.8625708 -0.4801178 -0.174684 -0.8434441 -0.5080233 -0.3071951 -0.8107652 -0.4982881 -0.3624757 -0.8213143 -0.4405158 -0.4871182 -0.766784 -0.4180412 -0.4888525 -0.8133043 -0.3155303 -0.5996589 -0.7797341 -0.1800665 -0.6122073 -0.7518908 -0.2446684 -0.6309524 -0.7744736 -0.04571485 -0.641848 -0.7577315 -0.117789 -0.3415257 0.9354443 -0.09112685 -0.2780154 0.9490555 -0.1483279 -0.3194556 0.9051422 -0.2804742 -0.1775735 0.9374108 -0.2995476 -0.1564731 0.8932512 -0.4214482 0.01122272 0.8939668 -0.4479928 0.03430539 0.8659303 -0.4989869 0.2902486 0.8542855 -0.4312215 0.2438924 0.8252319 -0.5094203 0.3727827 0.8095443 -0.4535098 0.484391 0.8122593 -0.324962 0.4744053 0.7944782 -0.3791363 0.6221779 0.7375005 -0.262655 0.5847891 0.7934684 -0.1686108 0.6677263 0.7428153 -0.04865247 0.6350613 0.7718952 0.02957999 0.6525463 0.747521 0.1240798 0.5609727 0.8029512 0.2014424 0.5908083 0.7330863 0.3369423 0.4480847 0.813857 0.3699422 0.3177426 0.8276134 0.4627049 0.425126 0.7991551 0.4249932 0.259881 0.8068112 0.5305823 0.1340729 0.8766926 0.4619897 0.06304967 0.8499772 0.523033 -0.04972368 0.8933679 0.4465664 -0.07183772 0.8890305 0.4521772 -0.1698765 0.915731 0.3641138 -0.1691895 0.9068287 0.386053 -0.3032947 0.9160691 0.2623546 -0.2875173 0.9277177 0.2380624 -0.3226079 0.9449135 0.05534291 -0.3353188 0.9408042 0.04948735 -0.8129577 0.1550601 -0.5612989 -0.8173049 0.1515368 -0.5559222 -0.8164333 0.1511015 -0.5573195 -0.816406 0.1511196 -0.5573545 -0.8195658 0.1515529 -0.5525791 -0.818031 0.1496109 -0.5553756 0.06731307 -0.006851494 -0.9977084 0.06651723 -0.006406784 -0.9977648 0.06715458 -0.006395459 -0.9977221 0.06719356 -0.006416022 -0.9977194 0.06739318 -0.006385266 -0.9977061 0.06887704 -0.007132768 -0.9975997 0.06046974 -0.009676694 -0.9981232 -0.8818264 0.1539188 0.4457479 -0.883855 0.157414 0.4404783 -0.8838572 0.1574143 0.4404739 -0.8838649 0.1574274 0.4404539 -0.8826007 0.1575523 0.4429373 -0.8833916 0.1594462 0.440677 -0.06728857 0.004082977 0.9977253 -0.07007229 0.006117522 0.9975233 -0.06735569 0.006422817 0.9977084 -0.0673201 0.006403923 0.997711 -0.0655868 0.006482362 0.9978259 -0.06742417 0.00788635 0.9976933 0.8837958 -0.1573831 -0.4406082 0.8837543 -0.1574261 -0.4406761 0.8838984 -0.157439 -0.4403822 0.8839039 -0.1574552 -0.4403657 0.882699 -0.1572617 -0.4428445 0.8843148 -0.1559677 -0.4400699 0.816576 -0.1511059 0.5571091 0.7976961 -0.1272931 0.5894721 0.8165647 -0.1511041 0.5571264 0.8165838 -0.1510856 0.5571033 0.8164194 -0.1511111 0.5573371 0.8163849 -0.1510505 0.5574043 0.2493852 0.8420652 0.4782605 0.2860965 0.8118569 0.5089569 0.4216132 0.8110638 0.4054847 0.4914515 0.7585849 0.4278135 0.5329942 0.8100717 0.244338 0.6728452 0.7117375 0.2017651 0.6200503 0.7825688 0.05589061 0.6736354 0.7381366 -0.03701108 0.6193017 0.7802806 -0.08733719 0.6151167 0.7514358 -0.2386958 0.5510138 0.7956161 -0.2517516 0.486358 0.7753103 -0.4029266 0.4205719 0.8204666 -0.387239 0.3030048 0.8080621 -0.5051967 0.2367679 0.8606906 -0.4507248 0.03749525 0.8245055 -0.5646104 0.01969379 0.8859373 -0.4633867 -0.1019156 0.9206544 -0.3768407 -0.2495607 0.8839049 -0.3955146 -0.2241885 0.9420894 -0.2494137 -0.3661108 0.913138 -0.1792819 -0.2942318 0.9550004 -0.0374425 -0.3776804 0.9251984 0.03695136 -0.2802481 0.9471845 0.1558927 -0.3362316 0.9029125 0.2677636 -0.1722598 0.9365582 0.3052631 -0.1352978 0.8700016 0.4741222 -0.05483651 0.8950845 0.442512 0.08230894 0.8583105 0.5064864 0.0915901 0.8455993 0.5259023 0.1469833 -0.02357691 -0.988858 0.1716433 -0.03393083 -0.9845747 0.4500404 -0.06784385 -0.8904274 0.5535723 -0.1065846 -0.8259525 0.76141 -0.1211174 -0.6368559 0.8271921 -0.1564698 -0.5396947 0.9532264 -0.1647624 -0.2534028 0.9653189 -0.1777226 -0.1912438 0.9759334 -0.1837186 0.11748 0.9832229 -0.1742557 0.05392438 0.8950353 -0.1546239 0.4183339 0.8349055 -0.1672328 0.524372 0.6627415 -0.1131284 0.7402539 0.5478658 -0.1150711 0.8286144 0.3419042 -0.05778956 0.9379563 0.1901841 -0.04973798 0.9804877 0.03287053 -0.003948509 0.9994518 -0.1371548 0.01223105 0.9904742 -0.3274148 0.06559985 0.9426009 -0.4360448 0.06463706 0.8976007 -0.7340659 0.132998 0.6659271 -0.7368158 0.1347621 0.6625268 -0.9332394 0.1609046 0.3212071 -0.9518224 0.1810557 0.2474934 -0.9808729 0.1677265 -0.09877371 -0.967996 0.1822834 -0.1725011 -0.8247783 0.1503263 -0.5451081 -0.8241518 0.1498818 -0.546177 -0.5647376 0.1073002 -0.8182653 -0.5391442 0.1085293 -0.8351916 -0.2822758 0.04805946 -0.9581288 -0.1880014 0.04926824 -0.9809324 0.1781201 0.9839898 0.006118476 0.1782003 0.9839755 0.006084918 0.1778823 0.984034 0.005918264 0.1779178 0.9840296 0.005569934 0.1779563 0.9840224 0.005619347 0.1781384 0.9839867 0.00607407 0.1779943 0.9840137 0.005926549 0.1778943 0.9840329 0.005735158 0.1781461 0.9839867 0.005856335 0.1783567 0.9839482 0.005901813 0.1779022 0.9840312 0.005785942 0.178057 0.9840038 0.005682766 0.1782261 0.9839701 0.006190657 0.1781116 0.9839949 0.005531311 0.1775113 0.984103 0.005590558 0.1784998 0.9839211 0.006098091 0.17843 0.9839369 0.005563437 0.1778293 0.9840478 0.005174696 0.178429 0.983937 0.005571246 0.1784032 0.9839429 0.005359351 0.1785035 0.9839229 0.005686819 0.1781606 0.9839859 0.005543291 0.1782012 0.9839784 0.005566835 0.1782566 0.9839678 0.005656182 0.178494 0.983924 0.005788385 0.1781554 0.9839866 0.005575954 0.1782497 0.9839692 0.005646169 0.1782114 0.9839761 0.005635976 -0.09146004 -0.8452099 -0.5265505 -0.07849407 -0.8627333 -0.4995299 0.06364774 -0.8941097 -0.4433024 0.133616 -0.8714815 -0.4718759 0.1791206 -0.9387111 -0.2945122 0.3488998 -0.8962889 -0.2737432 0.2950575 -0.9478665 -0.1203752 0.372836 -0.9271707 -0.03671205 0.3146189 -0.948974 0.02152878 0.3413148 -0.9242058 0.1713127 0.2682625 -0.9436045 0.1940253 0.2358862 -0.9057721 0.3520435 0.1570016 -0.9247981 0.3465533 0.05880898 -0.8684549 0.4922679 0.01489436 -0.8859972 0.4634513 -0.138146 -0.8741165 0.4656565 -0.2401509 -0.7758653 0.5834043 -0.3167125 -0.8443852 0.432096 -0.4885335 -0.765855 0.4180926 -0.49146 -0.8157662 0.3049473 -0.6327275 -0.7331103 0.2494102 -0.6013629 -0.7921092 0.1045269 -0.679384 -0.7328221 0.0375396 -0.6110102 -0.7869503 -0.08588266 -0.6636832 -0.7213699 -0.197864 -0.5298319 -0.8098853 -0.2517219 -0.4921662 -0.7575081 -0.4288988 -0.4177104 -0.8130695 -0.4055073 -0.2863559 -0.810779 -0.510527 -0.2465381 -0.8429901 -0.4781073 -0.1781045 -0.9839958 -0.005594789 -0.1783297 -0.983955 -0.005580902 -0.1782883 -0.9839617 -0.005734622 -0.1782298 -0.9839736 -0.005510687 -0.1782807 -0.9839636 -0.005643308 -0.1783233 -0.9839568 -0.005460023 -0.1782736 -0.9839649 -0.005634427 -0.1782512 -0.9839684 -0.005708456 -0.1779719 -0.9840213 -0.005305171 -0.1782599 -0.9839668 -0.00573492 -0.1778286 -0.9840462 -0.005500376 -0.1783847 -0.9839452 -0.00554943 -0.178493 -0.9839223 -0.006101965 -0.1780001 -0.9840152 -0.005475103 -0.1779922 -0.9840161 -0.005580246 -0.1782592 -0.9839639 -0.006232738 -0.1783279 -0.9839529 -0.005986094 -0.1779865 -0.9840172 -0.005584359 -0.1780266 -0.9840093 -0.005677402 -0.1781841 -0.9839789 -0.00599122 -0.177846 -0.9840416 -0.005729138 -0.1779996 -0.9840131 -0.005863785 -0.178329 -0.9839535 -0.00587362 -0.1781775 -0.9839814 -0.005798816 -0.178115 -0.9839926 -0.005820095 -0.1778122 -0.9840484 -0.005628764 -0.1777606 -0.9840568 -0.005774974 -0.1782764 -0.9839625 -0.005957722 -0.1779488 -0.9840216 -0.00598818 -0.2978542 0.9537052 -0.04158532 -0.3343486 0.9423626 -0.01280558 -0.35309 0.9110522 -0.2128647 -0.2088744 0.9484632 -0.2383048 -0.2119787 0.9026861 -0.3744633 -0.05220538 0.9012887 -0.4300621 -0.04297637 0.8891955 -0.4555046 0.1430698 0.8402733 -0.5229454 0.1626454 0.8525398 -0.4967116 0.3145167 0.8139635 -0.4884085 0.3975943 0.8252411 -0.4011183 0.487689 0.7741025 -0.4036397 0.5314522 0.8065724 -0.258843 0.6089868 0.755108 -0.2427902 0.6179274 0.7809126 -0.09133034 0.6333133 0.7695539 -0.08186149 0.6665434 0.7434296 0.05506712 0.5886504 0.7986479 0.1251102 0.6270545 0.7291638 0.2740854 0.5123797 0.8045558 0.3002618 0.483794 0.7846588 0.3876261 0.3478844 0.8198896 0.4547061 0.3327574 0.8094239 0.4838444 0.1425208 0.8643042 0.4823547 0.1309784 0.8569286 0.498516 -0.002643764 0.8674789 0.4974669 -0.0534867 0.8959379 0.4409475 -0.1843227 0.8897519 0.4175726 -0.171081 0.9285829 0.3293407 -0.278096 0.9433777 0.180835 -0.3019087 0.9224711 0.2406207 -0.3463889 0.9307129 0.117424 -0.6524436 -0.752286 0.09155958 -0.5851682 -0.7696117 0.2554919 -0.5958139 -0.7610782 0.2564485 -0.4378686 -0.8112818 0.3874183 -0.4357835 -0.8027245 0.4070949 -0.2931866 -0.828795 0.4765928 -0.2677412 -0.8174432 0.5100013 -0.1196741 -0.8819732 0.4558525 -0.05498421 -0.8539669 0.5174142 0.06606447 -0.8870514 0.4569195 0.09119242 -0.9097074 0.4051129 0.1848658 -0.904469 0.3843963 0.2812486 -0.9282243 0.2435139 0.2917682 -0.9213779 0.2567763 0.3195222 -0.9464244 0.04676067 0.3418503 -0.939135 0.03411471 0.2985652 -0.9463641 -0.123507 0.3331497 -0.9375072 -0.1004566 0.3119955 -0.8995056 -0.3058572 0.2569901 -0.9169196 -0.3053109 0.1331792 -0.9160302 -0.3783542 0.1257247 -0.8925224 -0.4331249 0.0313785 -0.8823866 -0.469478 -0.02532494 -0.8876845 -0.4597554 -0.07090622 -0.8535835 -0.5161081 -0.2449041 -0.8423492 -0.4800729 -0.2434912 -0.8439446 -0.477985 -0.3759078 -0.7940742 -0.4776394 -0.4628323 -0.8101931 -0.3596851 -0.4627088 -0.8011859 -0.3794756 -0.637469 -0.725465 -0.2594878 -0.5932859 -0.7864174 -0.1719295 -0.6338511 -0.7731291 0.02245545 -0.6570185 -0.7531023 -0.03411602 -0.8148077 0.1397483 0.5626357 -0.8175783 0.1444453 0.557406 -0.8166139 0.1445466 0.5587916 -0.816596 0.144521 0.5588244 -0.8162456 0.1444421 0.5593564 -0.8167296 0.144154 0.5587241 0.06635373 -0.01947683 0.9976061 0.06457656 -0.01817089 0.9977473 0.06690001 -0.01789873 0.9975992 0.06703066 -0.017955 0.9975894 0.0686894 -0.01776307 0.9974799 0.06179875 -0.01250404 0.9980103 -0.8811913 0.1652754 -0.4429288 -0.8837234 0.1626699 -0.4388296 -0.8837374 0.1626681 -0.4388022 -0.883669 0.1625148 -0.4389967 -0.8848745 0.1624974 -0.436568 -0.8831992 0.1640394 -0.439375 -0.02251178 0.03040313 -0.9992843 -0.06710666 0.01797384 -0.997584 -0.0671876 0.01797723 -0.9975785 -0.06699615 0.01787 -0.9975932 -0.06700927 0.01786774 -0.9975925 -0.06534969 0.01726937 -0.997713 -0.06771486 0.01655203 -0.9975675 0.8836474 -0.1625968 0.4390099 0.8836305 -0.162558 0.4390581 0.8837596 -0.1625819 0.4387896 0.8837445 -0.1625417 0.4388348 0.8825581 -0.1623815 0.4412748 0.869502 -0.1430423 0.4727635 0.8160637 -0.1468068 -0.5590063 0.8179933 -0.1454986 -0.5565224 0.8166674 -0.1445672 -0.558708 0.8166176 -0.1445995 -0.5587726 0.8167034 -0.1445459 -0.5586609 0.8166689 -0.1445675 -0.5587058</float_array>
          <technique_common>
            <accessor source="#ServoRod-mesh-normals-array" count="2582" stride="3">
              <param name="X" type="float"/>
              <param name="Y" type="float"/>
              <param name="Z" type="float"/>
            </accessor>
          </technique_common>
        </source>
        <vertices id="ServoRod-mesh-vertices">
          <input semantic="POSITION" source="#ServoRod-mesh-positions"/>
        </vertices>
        <triangles material="Part__Feature079_001-material" count="940">
          <input semantic="VERTEX" source="#ServoRod-mesh-vertices" offset="0"/>
          <input semantic="NORMAL" source="#ServoRod-mesh-normals" offset="1"/>
          <p>0 0 1 0 2 0 3 1 0 1 2 1 0 2 3 2 4 2 5 3 0 3 4 3 1 4 0 4 5 4 5 5 4 5 6 5 7 6 1 6 5 6 5 7 6 7 8 7 9 8 5 8 8 8 7 9 5 9 9 9 9 10 10 10 11 10 9 11 8 11 10 11 7 12 11 12 12 12 7 13 9 13 11 13 13 14 59 14 62 14 11 15 10 15 14 15 15 16 11 16 14 16 16 17 11 17 15 17 16 18 12 18 11 18 18 19 15 19 17 19 18 20 16 20 15 20 18 21 17 21 19 21 20 22 18 22 19 22 20 23 19 23 21 23 23 24 21 24 22 24 23 25 20 25 21 25 23 26 25 26 20 26 24 27 23 27 22 27 25 28 23 28 24 28 25 29 24 30 26 31 27 32 28 32 25 32 27 33 25 33 26 33 27 34 26 34 29 34 30 35 27 35 29 35 28 36 27 36 30 36 30 37 29 37 31 37 32 38 30 38 31 38 32 39 28 39 30 39 32 40 31 40 33 40 34 41 32 41 33 41 36 42 32 42 34 42 36 43 37 43 32 43 36 44 34 44 35 44 37 45 36 45 35 45 37 46 35 46 38 46 40 47 37 47 38 47 39 48 37 48 40 48 42 49 40 49 41 49 39 50 40 50 42 50 43 51 42 51 41 51 44 52 39 52 42 52 44 53 46 53 39 53 44 54 42 54 43 54 44 55 43 55 45 55 46 56 44 56 45 56 46 57 45 57 47 57 48 58 46 58 47 58 48 59 49 59 46 59 50 60 48 60 47 60 51 61 48 61 50 61 49 62 48 62 51 62 49 63 51 63 52 63 49 64 52 64 53 64 54 65 49 65 53 65 54 66 53 66 55 66 54 67 55 67 56 67 57 68 54 68 56 68 59 69 54 69 57 69 57 70 56 70 58 70 59 71 57 71 58 71 60 72 59 72 58 72 59 73 60 73 62 73 62 74 60 74 61 74 62 75 61 75 63 75 64 76 13 76 62 76 64 77 62 77 63 77 64 78 63 78 65 78 66 79 13 79 64 79 67 80 64 80 65 80 66 81 64 81 67 81 68 82 67 82 65 82 69 83 67 83 68 83 69 84 66 84 67 84 70 85 69 85 68 85 71 86 70 86 68 86 76 87 113 87 72 87 76 88 72 88 71 88 76 89 71 89 68 89 73 90 74 90 60 90 60 91 74 91 61 91 61 92 74 92 63 92 74 93 116 93 63 93 116 94 75 94 63 94 63 95 75 95 65 95 75 96 76 96 65 96 65 97 76 97 68 97 73 98 60 98 58 98 77 99 73 99 58 99 78 100 77 100 58 100 78 101 58 101 56 101 79 102 78 102 56 102 79 103 56 103 55 103 80 104 79 104 55 104 80 105 55 105 53 105 122 106 80 106 53 106 122 107 53 107 52 107 81 108 122 108 52 108 81 109 52 109 51 109 81 110 51 110 50 110 82 111 81 111 50 111 83 112 82 112 50 112 83 113 50 113 47 113 84 114 83 114 47 114 84 115 47 115 45 115 84 116 45 116 43 116 85 117 84 117 43 117 85 118 43 118 41 118 86 119 85 119 41 119 86 120 41 120 40 120 87 121 86 121 40 121 87 122 40 122 38 122 88 123 87 123 38 123 88 124 38 124 35 124 89 125 88 125 35 125 90 126 89 126 35 126 90 127 35 127 34 127 91 128 90 128 34 128 91 129 34 129 33 129 92 130 91 130 33 130 92 131 33 131 31 131 93 132 92 132 31 132 93 133 31 133 29 133 94 134 93 134 29 134 95 135 29 135 26 135 95 136 94 136 29 136 95 137 26 137 24 137 96 138 95 138 24 138 97 139 96 139 24 139 97 140 24 140 22 140 98 141 22 141 21 141 98 142 97 142 22 142 98 143 21 143 19 143 99 144 98 144 19 144 100 145 19 145 17 145 100 146 99 146 19 146 101 147 17 147 15 147 101 148 100 148 17 148 101 149 15 149 14 149 102 150 101 150 14 150 103 151 14 151 10 151 103 152 102 152 14 152 104 153 103 153 10 153 104 154 10 154 8 154 3 155 105 155 4 155 105 156 106 156 4 156 4 157 106 157 6 157 106 158 107 158 6 158 6 159 107 159 8 159 107 160 108 160 8 160 108 161 104 161 8 161 109 162 3 162 2 162 110 163 3 163 109 163 105 164 3 164 110 164 111 165 105 165 110 165 76 166 112 166 113 166 114 167 112 167 76 167 114 168 76 168 75 168 114 169 115 169 112 169 116 170 114 170 75 170 117 171 114 171 116 171 117 172 115 172 114 172 117 173 116 173 74 173 117 174 73 174 118 174 117 175 74 175 73 175 117 176 118 176 119 176 117 177 119 177 115 177 118 178 73 178 77 178 78 179 118 179 77 179 120 180 118 180 78 180 120 181 119 181 118 181 121 182 78 182 79 182 120 183 78 183 121 183 121 184 79 184 80 184 122 185 121 185 80 185 123 186 121 186 122 186 123 187 122 187 81 187 124 188 123 188 81 188 124 189 81 189 82 189 124 190 82 190 83 190 124 191 125 191 123 191 125 192 124 192 83 192 125 193 83 193 84 193 126 194 125 194 84 194 126 195 127 195 125 195 126 196 84 196 85 196 127 197 126 197 85 197 127 198 85 198 86 198 128 199 127 199 86 199 128 200 129 200 127 200 87 201 128 201 86 201 129 202 128 202 87 202 88 203 129 203 87 203 129 204 88 204 89 204 131 205 129 205 89 205 131 206 130 206 129 206 90 207 131 207 89 207 132 208 130 208 131 208 91 209 131 209 90 209 132 210 131 210 91 210 132 211 133 211 130 211 132 212 91 212 92 212 133 213 132 213 92 213 134 214 92 214 93 214 133 215 92 215 134 215 134 216 93 216 94 216 135 217 94 218 95 219 134 220 94 220 135 220 135 221 136 221 134 221 135 222 95 222 96 222 135 223 96 223 97 223 136 224 135 224 97 224 137 225 97 225 98 225 137 226 136 226 97 226 99 227 137 227 98 227 138 228 137 228 99 228 139 229 99 229 100 229 138 230 99 230 139 230 139 231 100 231 101 231 139 232 140 232 138 232 103 233 139 233 101 233 140 234 139 234 103 234 102 235 103 235 101 235 141 236 140 236 103 236 104 237 141 237 103 237 108 238 141 238 104 238 142 239 141 239 108 239 106 240 108 240 107 240 143 241 108 241 106 241 142 242 108 242 143 242 144 243 142 243 143 243 145 244 106 244 105 244 145 245 143 245 106 245 145 246 144 246 143 246 146 247 144 247 145 247 146 248 145 248 105 248 111 249 146 249 105 249 149 250 150 250 147 250 148 251 149 251 147 251 150 252 151 252 147 252 151 253 153 253 147 253 153 254 155 254 147 254 158 255 152 255 147 255 157 256 158 256 147 256 147 257 155 257 157 257 152 258 154 258 147 258 154 259 156 259 147 259 156 260 159 260 147 260 159 261 160 261 147 261 161 262 162 262 147 262 162 263 163 263 147 263 160 264 161 264 147 264 147 265 164 265 165 265 163 266 164 266 147 266 165 267 166 267 147 267 147 268 166 269 148 270 148 271 167 271 149 271 167 272 168 272 149 272 149 273 168 273 150 273 150 274 168 274 151 274 168 275 169 275 151 275 151 276 169 276 153 276 169 277 170 277 153 277 153 278 170 278 155 278 170 279 171 279 155 279 155 280 171 280 157 280 171 281 172 281 157 281 157 282 172 282 158 282 158 283 172 283 152 283 172 284 173 284 152 284 152 285 173 285 154 285 173 286 174 286 154 286 154 287 174 287 156 287 174 288 175 288 156 288 156 289 175 289 159 289 175 290 176 290 159 290 159 291 176 291 160 291 160 292 176 292 161 292 176 293 177 293 161 293 161 294 177 294 162 294 177 295 178 295 162 295 162 296 178 296 163 296 178 297 179 297 163 297 163 298 179 298 164 298 179 299 180 299 164 299 164 300 180 300 165 300 180 301 181 301 165 301 165 302 181 302 166 302 181 303 167 303 166 303 166 304 167 304 148 304 184 305 185 305 186 305 186 306 185 306 187 306 182 307 187 307 188 307 190 308 191 308 219 308 189 309 191 309 2 309 219 310 191 310 189 310 2 311 191 311 109 311 193 312 192 312 194 312 193 313 195 313 192 313 111 314 195 314 146 314 192 315 195 315 111 315 197 316 198 316 196 316 196 317 198 317 113 317 199 318 198 318 197 318 113 319 198 319 72 319 201 320 200 320 202 320 201 321 69 321 200 321 200 322 69 322 70 322 284 323 69 323 201 323 184 324 203 324 183 324 186 325 204 325 184 325 187 326 204 326 186 326 182 327 205 327 187 327 206 328 207 328 183 328 208 329 207 329 206 329 183 330 207 330 184 330 184 331 207 331 185 331 206 332 209 332 208 332 208 333 211 333 207 333 212 334 185 334 211 334 211 335 185 335 207 335 212 336 211 336 215 336 210 337 214 337 213 337 216 338 187 338 185 338 185 339 212 339 216 339 216 340 212 340 218 340 218 341 212 341 215 341 213 342 219 342 215 342 217 343 221 343 220 343 215 344 189 344 218 344 187 345 216 345 188 345 221 346 222 346 220 346 216 347 218 347 188 347 2 348 218 348 189 348 188 349 218 349 2 349 223 350 226 350 190 350 190 351 226 351 227 351 224 352 228 352 225 352 225 353 228 353 229 353 225 354 230 354 226 354 226 355 230 355 227 355 191 356 190 356 231 356 228 357 232 357 229 357 229 358 230 358 225 358 109 359 191 359 110 359 190 360 227 360 231 360 191 361 231 361 110 361 229 362 194 362 230 362 230 363 194 363 227 363 233 364 235 364 234 364 231 365 227 365 192 365 229 366 193 366 194 366 194 367 192 367 227 367 192 368 110 368 231 368 111 369 110 369 192 369 236 370 239 370 238 370 238 371 239 371 243 371 244 372 195 372 240 372 238 373 245 373 240 373 240 374 245 374 241 374 239 375 242 375 243 375 195 376 244 376 146 376 240 377 241 377 244 377 243 378 245 378 238 378 146 379 244 379 248 379 243 380 247 380 245 380 246 381 252 381 249 381 244 382 250 382 251 382 241 383 250 383 244 383 245 384 250 384 241 384 244 385 253 385 248 385 243 386 254 386 247 386 247 387 254 387 255 387 247 388 250 388 245 388 251 389 253 389 244 389 248 390 253 390 257 390 250 391 255 391 251 391 247 392 255 392 250 392 256 393 259 393 258 393 253 394 251 394 257 394 249 395 260 395 254 395 251 396 255 396 261 396 255 397 262 397 261 397 259 398 263 398 265 398 263 399 266 399 265 399 251 400 261 400 257 400 260 401 196 401 262 401 258 402 197 402 264 402 265 403 266 403 267 403 257 404 261 404 268 404 261 405 262 405 268 405 268 406 262 406 113 406 113 407 262 407 196 407 197 408 270 408 199 408 267 409 270 409 265 409 269 410 272 410 271 410 270 411 267 411 199 411 271 412 274 412 267 412 267 413 274 413 199 413 199 414 274 414 275 414 198 415 199 415 276 415 273 416 278 417 277 418 72 419 198 419 71 419 278 420 279 420 277 420 199 421 275 421 276 421 275 422 274 422 202 422 273 423 274 423 271 423 198 424 276 424 71 424 277 425 202 425 273 425 273 426 202 426 274 426 280 427 282 427 281 427 276 428 275 428 200 428 283 429 282 429 280 429 202 430 200 430 275 430 200 431 71 431 276 431 281 432 284 432 201 432 70 433 71 433 200 433 283 434 286 434 285 434 203 435 285 435 286 435 284 436 287 436 69 436 203 437 184 437 285 437 288 438 204 438 289 438 285 439 204 439 288 439 287 440 289 440 290 440 285 441 184 441 204 441 69 442 290 442 182 442 287 443 290 443 69 443 182 444 290 444 205 444 204 445 205 445 289 445 289 446 205 446 290 446 187 447 205 447 204 447 209 448 210 448 208 448 215 449 211 449 213 449 213 450 211 450 210 450 210 451 211 451 208 451 220 452 291 452 217 452 214 453 291 453 213 453 217 454 291 454 214 454 189 455 215 455 219 455 223 456 291 456 220 456 213 457 291 457 219 457 219 458 291 458 223 458 225 459 222 459 224 459 219 460 223 460 190 460 222 461 226 461 220 461 225 462 226 462 222 462 220 463 226 463 223 463 233 464 229 464 232 464 234 465 229 465 233 465 234 466 193 466 229 466 237 467 193 467 234 467 195 468 193 468 237 468 235 469 238 469 234 469 236 470 238 470 235 470 234 471 240 471 237 471 238 472 240 472 234 472 237 473 240 473 195 473 242 474 246 474 243 474 246 475 254 475 243 475 249 476 254 476 246 476 258 477 252 477 256 477 264 478 260 478 258 478 258 479 260 479 252 479 252 480 260 480 249 480 255 481 260 481 262 481 254 482 260 482 255 482 196 483 260 483 264 483 259 484 197 484 258 484 265 485 197 485 259 485 270 486 197 486 265 486 264 487 197 487 196 487 269 488 267 488 266 488 271 489 267 489 269 489 272 490 273 490 271 490 281 491 279 491 280 491 281 492 201 492 279 492 279 493 201 493 277 493 277 494 201 494 202 494 285 495 282 495 283 495 285 496 288 496 282 496 282 497 288 497 281 497 281 498 288 498 284 498 287 499 284 499 289 499 288 500 289 500 284 500 308 501 272 501 269 501 292 502 269 502 266 502 292 503 308 503 269 503 293 504 266 504 263 504 293 505 292 505 266 505 293 506 263 506 259 506 294 507 293 507 259 507 294 508 259 508 256 508 294 509 256 509 252 509 295 510 294 510 252 510 295 511 252 511 246 511 296 512 295 512 246 512 296 513 246 513 242 513 296 514 242 514 239 514 297 515 296 515 239 515 297 516 239 516 236 516 297 517 236 517 235 517 298 518 297 518 235 518 298 519 235 519 233 519 298 520 233 520 232 520 298 521 232 521 228 521 299 522 298 522 228 522 299 523 228 523 224 523 300 524 299 524 224 524 300 525 224 525 222 525 300 526 222 526 221 526 301 527 300 527 221 527 301 528 221 528 217 528 301 529 217 529 214 529 302 530 301 530 214 530 302 531 214 531 210 531 302 532 210 532 209 532 303 533 302 533 209 533 303 534 209 534 206 534 304 535 303 535 206 535 304 536 206 536 183 536 305 537 304 537 183 537 305 538 183 538 203 538 305 539 203 539 286 539 306 540 286 540 283 540 306 541 305 541 286 541 306 542 283 542 280 542 307 543 306 543 280 543 307 544 280 544 279 544 307 545 279 545 278 545 307 546 278 546 273 546 308 547 307 547 273 547 308 548 273 548 272 548 302 549 176 549 301 549 302 550 177 550 176 550 176 551 175 551 301 551 303 552 177 552 302 552 301 553 175 553 300 553 304 554 177 554 303 554 304 555 178 555 177 555 175 556 174 556 300 556 300 557 174 557 299 557 305 558 178 558 304 558 174 559 173 559 299 559 305 560 179 560 178 560 299 561 173 561 298 561 306 562 179 562 305 562 173 563 172 563 298 563 306 564 180 564 179 564 172 565 297 565 298 565 306 566 307 566 180 566 171 567 297 567 172 567 180 568 307 568 181 568 171 569 296 569 297 569 307 570 308 570 181 570 170 571 296 571 171 571 181 572 308 572 167 572 170 573 295 573 296 573 308 574 292 574 167 574 169 575 295 575 170 575 292 576 293 576 167 576 167 577 293 577 168 577 169 578 294 578 295 578 168 579 294 579 169 579 293 580 294 580 168 580 144 581 146 581 248 581 257 582 144 582 248 582 310 583 309 583 141 583 309 584 140 584 141 584 311 585 140 585 309 585 310 586 141 586 142 586 312 587 310 587 142 587 311 588 138 588 140 588 112 589 268 589 113 589 112 590 257 590 268 590 313 591 138 591 311 591 312 592 142 592 144 592 314 593 312 593 144 593 313 594 137 594 138 594 314 595 144 595 257 595 314 596 257 596 112 596 314 597 112 597 115 597 315 598 137 598 313 598 315 599 136 599 137 599 316 600 314 600 115 600 317 601 136 601 315 601 317 602 134 602 136 602 318 603 316 603 115 603 318 604 115 604 119 604 319 605 134 605 317 605 133 606 134 606 319 606 119 607 320 607 318 607 133 608 319 608 321 608 120 609 320 609 119 609 121 610 320 610 120 610 121 611 322 611 320 611 133 612 321 612 323 612 130 613 133 613 323 613 130 614 323 614 324 614 123 615 322 615 121 615 123 616 325 616 322 616 129 617 130 617 324 617 129 618 324 618 326 618 125 619 325 619 123 619 125 620 327 620 325 620 127 621 129 621 326 621 127 622 326 622 328 622 125 623 328 623 327 623 127 624 328 624 125 624 464 625 331 625 329 625 331 626 330 626 329 626 331 627 332 627 330 627 333 628 332 628 331 628 330 629 334 629 329 629 329 630 334 630 335 630 333 631 336 631 332 631 330 632 332 632 334 632 334 633 337 633 335 633 332 634 338 634 334 634 339 635 336 635 333 635 335 636 337 636 340 636 334 637 338 637 337 637 335 638 340 638 341 638 332 639 336 639 338 639 339 640 342 640 336 640 324 641 342 641 339 641 340 642 343 642 341 642 337 643 344 643 340 643 336 644 345 644 338 644 323 645 342 645 324 645 340 646 344 646 343 646 342 647 346 647 336 647 336 648 346 648 345 648 338 649 344 649 337 649 344 650 347 650 343 650 338 651 348 651 344 651 345 652 348 652 338 652 343 653 349 653 341 653 342 654 323 654 346 654 347 655 350 655 343 655 348 656 351 656 344 656 346 657 352 657 345 657 321 658 346 658 323 658 343 659 350 659 349 659 352 660 348 660 345 660 349 661 353 661 354 661 344 662 351 662 347 662 346 663 321 663 352 663 349 664 350 664 353 664 347 665 355 665 350 665 348 666 356 666 351 666 319 667 352 667 321 667 353 668 357 668 354 668 347 669 351 669 355 669 352 670 356 670 348 670 350 671 358 671 353 671 355 672 359 672 350 672 350 673 359 673 358 673 356 674 360 674 351 674 319 675 356 675 352 675 353 676 358 676 357 676 317 677 356 677 319 677 354 678 357 678 361 678 355 679 362 679 359 679 351 680 363 680 355 680 355 681 363 681 362 681 360 682 363 682 351 682 317 683 360 683 356 683 358 684 364 684 357 684 359 685 365 685 358 685 357 686 366 686 361 686 358 687 365 687 364 687 359 688 367 688 365 688 362 689 367 689 359 689 364 690 366 690 357 690 317 691 363 691 360 691 363 692 368 692 362 692 366 693 369 693 361 693 315 694 363 694 317 694 364 695 371 695 366 695 365 696 371 696 364 696 315 697 368 697 363 697 362 698 368 698 367 698 361 699 369 699 370 699 371 700 373 700 366 700 366 701 373 701 369 701 367 702 374 702 365 702 369 703 372 703 370 703 365 704 374 704 371 704 368 705 374 705 367 705 315 706 374 706 368 706 370 707 372 707 375 707 369 708 376 708 372 708 371 709 377 709 373 709 374 710 378 710 371 710 313 711 374 711 315 711 372 712 379 712 375 712 369 713 373 713 376 713 371 714 378 714 377 714 374 715 313 715 378 715 373 716 380 716 376 716 377 717 380 717 373 717 372 718 382 718 379 718 376 719 383 719 372 719 378 720 381 720 377 720 313 721 381 721 378 721 379 722 384 722 375 722 372 723 383 723 382 723 376 724 380 724 383 724 375 725 384 725 385 725 379 726 382 726 384 726 380 727 386 727 383 727 381 728 387 728 377 728 311 729 381 729 313 729 382 730 388 730 384 730 377 731 387 731 380 731 311 732 387 732 381 732 388 733 389 733 384 733 383 734 386 734 382 734 380 735 390 735 386 735 384 736 389 736 385 736 386 737 392 737 382 737 387 738 309 738 380 738 380 739 309 739 390 739 382 740 391 740 388 740 311 741 309 741 387 741 385 742 393 742 394 742 388 743 391 743 389 743 382 744 392 744 391 744 390 745 392 745 386 745 389 746 395 746 385 746 385 747 395 747 393 747 391 748 396 748 389 748 390 749 397 749 392 749 394 750 393 750 398 750 389 751 396 751 395 751 391 752 399 752 396 752 392 753 399 753 391 753 309 754 310 754 390 754 390 755 310 755 397 755 395 756 400 756 393 756 392 757 401 757 399 757 397 758 401 758 392 758 393 759 402 759 398 759 395 760 396 760 400 760 397 761 310 761 401 761 400 762 402 762 393 762 312 763 401 763 310 763 399 764 404 764 396 764 402 765 403 765 398 765 400 766 405 766 402 766 401 767 404 767 399 767 396 768 406 768 400 768 401 769 312 769 404 769 402 770 405 770 403 770 400 771 406 771 405 771 404 772 406 772 396 772 398 773 403 773 407 773 312 774 408 774 404 774 403 775 409 775 407 775 404 776 410 776 406 776 314 777 408 777 312 777 405 778 412 778 403 778 406 779 413 779 405 779 404 780 408 780 410 780 409 781 411 781 407 781 410 782 413 782 406 782 403 783 412 783 409 783 405 784 413 784 412 784 408 785 314 785 410 785 410 786 414 786 413 786 409 787 415 787 411 787 407 788 411 788 416 788 412 789 415 789 409 789 413 790 417 790 412 790 410 791 314 791 414 791 411 792 418 792 416 792 413 793 419 793 417 793 414 794 419 794 413 794 316 795 414 795 314 795 411 796 420 796 418 796 417 797 421 797 412 797 412 798 421 798 415 798 316 799 419 799 414 799 418 800 422 800 416 800 420 801 423 801 418 801 415 802 420 802 411 802 421 803 424 803 415 803 419 804 421 804 417 804 415 805 424 805 420 805 419 806 425 806 421 806 418 807 426 807 422 807 423 808 426 808 418 808 421 809 425 809 424 809 316 810 425 810 419 810 420 811 424 811 423 811 426 812 427 812 422 812 318 813 425 813 316 813 422 814 427 814 428 814 424 815 429 815 423 815 423 816 430 816 426 816 425 817 431 817 424 817 429 818 430 818 423 818 427 819 432 819 428 819 426 820 430 820 427 820 431 821 429 821 424 821 318 822 431 822 425 822 430 823 434 823 427 823 320 824 431 824 318 824 428 825 432 825 435 825 427 826 433 826 432 826 427 827 434 827 433 827 429 828 436 828 430 828 436 829 437 829 430 829 431 830 436 830 429 830 434 831 439 831 433 831 430 832 437 832 434 832 431 833 320 833 436 833 432 834 438 834 435 834 433 835 438 835 432 835 433 836 440 836 438 836 439 837 440 837 433 837 434 838 441 838 439 838 435 839 442 839 443 839 437 840 441 840 434 840 436 841 322 841 437 841 438 842 442 842 435 842 440 843 444 843 438 843 320 844 322 844 436 844 438 845 444 845 442 845 439 846 445 846 440 846 437 847 322 847 441 847 441 848 445 848 439 848 322 849 446 849 441 849 443 850 442 850 447 850 440 851 448 851 444 851 441 852 446 852 445 852 444 853 450 853 442 853 445 854 448 854 440 854 325 855 446 855 322 855 442 856 450 856 447 856 446 857 451 857 445 857 444 858 452 858 450 858 445 859 451 859 448 859 446 860 325 860 451 860 447 861 449 861 453 861 447 862 454 862 449 862 450 863 454 863 447 863 448 864 452 864 444 864 452 865 455 865 450 865 451 866 456 866 448 866 449 867 457 867 453 867 450 868 455 868 454 868 456 869 452 869 448 869 452 870 458 870 455 870 327 871 451 871 325 871 449 872 454 872 457 872 455 873 459 873 454 873 454 874 460 874 457 874 455 875 458 875 461 875 327 876 456 876 451 876 457 877 462 877 453 877 455 878 461 878 459 878 452 879 463 879 458 879 453 880 462 880 464 880 460 881 462 881 457 881 454 882 459 882 460 882 452 883 456 883 463 883 328 884 456 884 327 884 462 885 331 885 464 885 458 886 463 886 461 886 456 887 328 887 463 887 461 888 465 888 459 888 459 889 465 889 460 889 460 890 465 890 462 890 463 891 466 891 461 891 463 892 328 892 466 892 462 893 333 893 331 893 465 894 333 894 462 894 461 895 466 895 465 895 466 896 467 896 465 896 326 897 466 897 328 897 465 898 468 898 333 898 467 899 468 899 465 899 326 900 467 900 466 900 333 901 468 901 339 901 467 902 469 902 468 902 326 903 469 903 467 903 469 904 339 904 468 904 324 905 469 905 326 905 469 906 324 906 339 906 2 907 1 907 188 907 1 908 182 908 188 908 12 909 375 909 7 909 12 910 370 910 375 910 16 911 370 911 12 911 375 912 385 912 7 912 182 913 66 913 69 913 18 914 361 914 16 914 16 915 361 915 370 915 7 916 394 916 1 916 385 917 394 917 7 917 20 918 361 918 18 918 1 919 394 919 182 919 20 920 354 920 361 920 182 921 398 921 66 921 394 922 398 922 182 922 66 923 398 923 13 923 25 924 354 924 20 924 25 925 349 925 354 925 398 926 407 926 13 926 25 927 341 927 349 927 28 928 341 928 25 928 13 929 407 929 59 929 28 930 335 930 341 930 416 931 59 931 407 931 416 932 54 932 59 932 28 933 32 933 335 933 422 934 54 934 416 934 335 935 32 935 329 935 422 936 49 936 54 936 428 937 49 937 422 937 32 938 37 938 329 938 329 939 37 939 464 939 435 940 49 940 428 940 464 941 37 941 453 941 37 942 39 942 453 942 435 943 46 943 49 943 443 944 46 944 435 944 453 945 39 945 447 945 447 946 46 946 443 946 39 947 46 947 447 947</p>
        </triangles>
        <triangles material="Part__Feature078_001-material" count="182">
          <input semantic="VERTEX" source="#ServoRod-mesh-vertices" offset="0"/>
          <input semantic="NORMAL" source="#ServoRod-mesh-normals" offset="1"/>
          <p>470 948 498 948 471 948 472 949 470 949 471 949 472 950 471 950 473 950 474 951 472 951 473 951 475 952 474 952 473 952 475 953 473 953 476 953 477 954 475 954 476 954 477 955 476 955 478 955 479 956 477 956 478 956 479 957 478 957 480 957 481 958 479 958 480 958 481 959 480 959 482 959 483 960 481 960 482 960 483 961 482 961 484 961 485 962 483 962 484 962 486 963 485 963 484 963 486 964 484 964 487 964 488 965 486 965 487 965 488 966 487 966 489 966 490 967 488 967 489 967 490 968 489 968 491 968 492 969 490 969 491 969 492 970 491 970 493 970 494 971 492 971 493 971 494 972 493 972 495 972 494 973 495 973 496 973 497 974 494 974 496 974 497 975 496 975 498 975 470 976 497 976 498 976 500 977 480 977 499 977 500 978 482 978 480 978 499 979 480 979 501 979 502 980 482 980 500 980 480 981 478 981 501 981 478 982 476 982 501 982 501 983 476 983 503 983 502 984 484 984 482 984 504 985 484 985 502 985 503 986 476 986 505 986 506 987 484 987 504 987 476 988 473 988 505 988 506 989 487 989 484 989 507 990 487 990 506 990 505 991 473 991 508 991 473 992 471 992 508 992 471 993 509 993 508 993 487 994 507 994 489 994 507 995 510 995 489 995 471 996 511 996 509 996 498 997 511 997 471 997 489 998 510 998 491 998 510 999 512 999 491 999 498 1000 513 1000 511 1000 491 1001 514 1001 493 1001 512 1002 514 1002 491 1002 496 1003 513 1003 498 1003 496 1004 515 1005 513 1006 496 1007 516 1007 515 1007 493 1008 514 1008 495 1008 495 1009 516 1009 496 1009 514 1010 516 1010 495 1010 518 1011 545 1011 517 1011 518 1012 517 1012 519 1012 520 1013 518 1013 519 1013 520 1014 519 1014 521 1014 520 1015 521 1015 522 1015 523 1016 520 1016 522 1016 523 1017 522 1017 524 1017 525 1018 523 1018 524 1018 525 1019 524 1019 526 1019 527 1020 525 1020 526 1020 527 1021 526 1021 528 1021 529 1022 527 1022 528 1022 529 1023 528 1023 530 1023 531 1024 529 1024 530 1024 531 1025 530 1025 532 1025 533 1026 531 1026 532 1026 534 1027 533 1027 532 1027 534 1028 532 1028 535 1028 536 1029 534 1029 535 1029 536 1030 535 1030 537 1030 538 1031 536 1031 537 1031 538 1032 537 1032 539 1032 540 1033 539 1033 541 1033 540 1034 538 1034 539 1034 542 1035 540 1035 541 1035 542 1036 541 1036 543 1036 544 1037 542 1037 543 1037 545 1038 544 1038 543 1038 545 1039 543 1039 517 1039 527 1040 529 1040 546 1040 527 1041 546 1041 547 1041 529 1042 548 1042 546 1042 531 1043 548 1043 529 1043 525 1044 527 1044 547 1044 525 1045 547 1045 549 1045 531 1046 550 1046 548 1046 533 1047 550 1047 531 1047 533 1048 551 1048 550 1048 523 1049 525 1049 549 1049 534 1050 551 1050 533 1050 523 1051 549 1051 552 1051 534 1052 553 1052 551 1052 523 1053 552 1053 554 1053 520 1054 523 1054 554 1054 534 1055 555 1055 553 1055 536 1056 555 1056 534 1056 556 1057 520 1057 554 1057 557 1058 555 1058 536 1058 556 1059 518 1059 520 1059 557 1060 536 1060 538 1060 558 1061 557 1061 538 1061 559 1062 545 1062 518 1062 559 1063 518 1063 556 1063 560 1064 538 1064 540 1064 560 1065 558 1065 538 1065 561 1066 545 1066 559 1066 561 1067 544 1067 545 1067 560 1068 540 1068 542 1068 562 1069 560 1069 542 1069 562 1070 544 1070 561 1070 562 1071 542 1071 544 1071 477 1072 474 1072 475 1072 481 1073 488 1073 479 1073 483 1074 488 1074 481 1074 479 1075 488 1075 477 1075 485 1076 488 1077 483 1078 486 1079 488 1079 485 1079 470 1080 494 1081 497 1082 474 1083 494 1083 472 1083 490 1084 494 1084 488 1084 492 1085 494 1085 490 1085 488 1086 494 1086 477 1086 477 1087 494 1087 474 1087 472 1088 494 1088 470 1088 561 1089 559 1089 513 1089 561 1090 513 1090 515 1090 561 1091 515 1091 516 1091 562 1092 561 1092 516 1092 562 1093 516 1093 514 1093 560 1094 562 1094 514 1094 560 1095 514 1095 512 1095 558 1096 560 1096 512 1096 558 1097 512 1097 510 1097 557 1098 558 1098 510 1098 555 1099 557 1099 510 1099 555 1100 510 1100 507 1100 553 1101 555 1101 507 1101 553 1102 507 1102 506 1102 551 1103 553 1103 506 1103 551 1104 506 1104 504 1104 550 1105 551 1105 504 1105 550 1106 504 1106 502 1106 548 1107 550 1107 502 1107 548 1108 502 1108 500 1108 546 1109 548 1109 500 1109 546 1110 500 1110 499 1110 547 1111 546 1111 499 1111 547 1112 499 1112 501 1112 549 1113 547 1113 501 1113 549 1114 501 1114 503 1114 549 1115 503 1115 505 1115 552 1116 549 1116 505 1116 552 1117 505 1117 508 1117 554 1118 552 1118 508 1118 554 1119 508 1119 509 1119 556 1120 554 1120 509 1120 556 1121 509 1121 511 1121 559 1122 556 1122 511 1122 559 1123 511 1123 513 1123 521 1124 524 1124 522 1124 521 1125 526 1125 524 1125 537 1126 532 1126 530 1126 537 1127 535 1127 532 1127 537 1128 530 1128 528 1128 543 1129 537 1129 528 1129 543 1130 528 1130 526 1130 543 1131 521 1131 519 1131 543 1132 541 1132 539 1132 543 1133 519 1133 517 1133 543 1134 539 1134 537 1134 543 1135 526 1135 521 1135</p>
        </triangles>
        <triangles material="Part__Feature080_001-material" count="938">
          <input semantic="VERTEX" source="#ServoRod-mesh-vertices" offset="0"/>
          <input semantic="NORMAL" source="#ServoRod-mesh-normals" offset="1"/>
          <p>565 1136 563 1136 564 1136 566 1137 565 1137 564 1137 565 1138 566 1138 568 1138 569 1139 565 1139 568 1139 563 1140 565 1140 569 1140 570 1141 563 1141 569 1141 570 1142 569 1142 571 1142 567 1143 570 1143 571 1143 570 1144 567 1144 572 1144 572 1145 567 1145 573 1145 574 1146 572 1146 573 1146 575 1147 572 1147 574 1147 574 1148 573 1148 576 1148 574 1149 576 1149 577 1149 578 1150 574 1150 577 1150 578 1151 575 1151 574 1151 578 1152 577 1152 579 1152 578 1153 580 1153 575 1153 581 1154 578 1154 579 1154 580 1155 578 1155 581 1155 580 1156 581 1156 582 1156 583 1157 580 1157 582 1157 585 1158 582 1158 584 1158 585 1159 583 1159 582 1159 586 1160 585 1160 584 1160 588 1161 583 1161 585 1161 588 1162 587 1162 583 1162 588 1163 585 1163 586 1163 588 1164 586 1164 589 1164 590 1165 588 1165 589 1165 587 1166 588 1166 590 1166 591 1167 587 1167 590 1167 591 1168 590 1168 592 1168 594 1169 592 1169 593 1169 591 1170 592 1170 594 1170 596 1171 594 1171 593 1171 596 1172 593 1172 595 1172 596 1173 595 1173 597 1173 596 1174 598 1174 594 1174 599 1175 596 1175 597 1175 598 1176 596 1176 599 1176 599 1177 597 1177 600 1177 601 1178 599 1178 600 1178 601 1179 598 1179 599 1179 602 1180 598 1180 601 1180 602 1181 601 1181 603 1181 605 1182 602 1182 603 1182 605 1183 603 1183 604 1183 607 1184 605 1184 604 1184 606 1185 607 1185 604 1185 605 1186 608 1186 602 1186 608 1187 605 1187 607 1187 607 1188 606 1188 609 1188 610 1189 608 1189 607 1189 610 1190 607 1190 609 1190 610 1191 609 1191 611 1191 610 1192 612 1192 608 1192 613 1193 610 1193 611 1193 612 1194 610 1194 613 1194 612 1195 613 1195 614 1195 614 1196 613 1196 615 1196 616 1197 612 1197 614 1197 616 1198 614 1198 615 1198 617 1199 616 1199 615 1199 616 1200 617 1200 618 1200 616 1201 619 1201 612 1201 619 1202 616 1202 618 1202 620 1203 619 1203 618 1203 621 1204 619 1204 620 1204 621 1205 620 1205 622 1205 621 1206 623 1206 619 1206 624 1207 621 1207 622 1207 623 1208 621 1208 624 1208 623 1209 624 1209 625 1209 625 1210 624 1210 626 1210 625 1211 627 1211 623 1211 625 1212 626 1212 628 1212 629 1213 625 1213 628 1213 629 1214 627 1214 625 1214 629 1215 628 1215 630 1215 629 1216 631 1216 627 1216 632 1217 631 1217 629 1217 632 1218 629 1218 630 1218 633 1219 631 1219 632 1219 634 1220 633 1220 632 1220 635 1221 634 1221 632 1221 640 1222 678 1222 636 1222 640 1223 636 1223 635 1223 640 1224 635 1224 632 1224 624 1225 637 1225 626 1225 637 1226 638 1226 626 1226 626 1227 638 1227 628 1227 638 1228 639 1228 628 1228 628 1229 639 1229 630 1229 639 1230 640 1230 630 1230 630 1231 640 1231 632 1231 641 1232 637 1232 624 1232 641 1233 624 1233 622 1233 642 1234 641 1234 622 1234 643 1235 642 1235 622 1235 643 1236 622 1236 620 1236 685 1237 643 1237 620 1237 685 1238 620 1238 618 1238 644 1239 685 1239 618 1239 645 1240 644 1240 618 1240 645 1241 618 1241 617 1241 645 1242 617 1242 615 1242 646 1243 645 1243 615 1243 647 1244 615 1244 613 1244 647 1245 646 1245 615 1245 647 1246 613 1246 611 1246 648 1247 647 1247 611 1247 649 1248 648 1248 611 1248 649 1249 611 1249 609 1249 649 1250 609 1250 606 1250 650 1251 649 1251 606 1251 651 1252 650 1252 606 1252 651 1253 606 1253 604 1253 652 1254 604 1254 603 1254 652 1255 651 1255 604 1255 653 1256 652 1256 603 1256 653 1257 603 1257 601 1257 654 1258 653 1258 601 1258 654 1259 601 1259 600 1259 655 1260 654 1260 600 1260 655 1261 600 1261 597 1261 656 1262 655 1262 597 1262 656 1263 597 1263 595 1263 696 1264 656 1264 595 1264 697 1265 696 1265 595 1265 697 1266 595 1266 593 1266 657 1267 697 1267 593 1267 657 1268 593 1268 592 1268 658 1269 657 1269 592 1269 658 1270 592 1270 590 1270 659 1271 590 1271 589 1271 659 1272 658 1272 590 1272 659 1273 589 1273 586 1273 660 1274 659 1274 586 1274 660 1275 586 1275 584 1275 661 1276 660 1276 584 1276 662 1277 661 1277 584 1277 662 1278 584 1278 582 1278 663 1279 662 1279 582 1279 663 1280 582 1280 581 1280 664 1281 663 1281 581 1281 664 1282 581 1282 579 1282 664 1283 579 1283 577 1283 665 1284 664 1284 577 1284 665 1285 577 1285 576 1285 666 1286 665 1286 576 1286 666 1287 576 1287 573 1287 667 1288 666 1288 573 1288 668 1289 573 1289 567 1289 668 1290 667 1290 573 1290 669 1291 670 1291 566 1291 566 1292 670 1292 568 1292 670 1293 671 1293 568 1293 568 1294 671 1294 569 1294 569 1295 671 1295 571 1295 671 1296 672 1296 571 1296 672 1297 668 1297 571 1297 571 1298 668 1298 567 1298 673 1299 566 1299 564 1299 674 1300 566 1300 673 1300 669 1301 566 1301 674 1301 675 1302 669 1302 674 1302 676 1303 677 1303 678 1303 640 1304 676 1304 678 1304 679 1305 676 1305 640 1305 679 1306 640 1306 639 1306 679 1307 677 1307 676 1307 638 1308 679 1308 639 1308 680 1309 679 1309 638 1309 679 1310 681 1310 677 1310 637 1311 680 1311 638 1311 681 1312 679 1312 680 1312 680 1313 637 1313 641 1313 681 1314 641 1314 682 1314 681 1315 680 1315 641 1315 682 1316 641 1316 642 1316 684 1317 682 1317 642 1317 685 1318 642 1318 643 1318 684 1319 642 1319 685 1319 686 1320 684 1320 685 1320 644 1321 686 1321 685 1321 686 1322 687 1322 684 1322 686 1323 644 1323 645 1323 646 1324 686 1324 645 1324 687 1325 686 1325 646 1325 688 1326 687 1326 646 1326 647 1327 688 1327 646 1327 689 1328 647 1328 648 1328 689 1329 688 1329 647 1329 690 1330 689 1330 648 1330 690 1331 648 1331 649 1331 689 1332 690 1332 688 1332 650 1333 690 1333 649 1333 691 1334 690 1334 650 1334 652 1335 650 1335 651 1335 652 1336 691 1336 650 1336 692 1337 691 1337 652 1337 692 1338 652 1338 653 1338 693 1339 692 1339 653 1339 693 1340 653 1340 654 1340 693 1341 694 1341 692 1341 693 1342 654 1342 655 1342 655 1343 694 1343 693 1343 696 1344 655 1344 656 1344 695 1345 694 1345 655 1345 695 1346 655 1346 696 1346 697 1347 695 1347 696 1347 698 1348 695 1348 697 1348 698 1349 697 1349 657 1349 698 1350 699 1350 695 1350 698 1351 657 1351 658 1351 700 1352 698 1352 658 1352 700 1353 699 1353 698 1353 700 1354 658 1354 659 1354 660 1355 700 1355 659 1355 700 1356 701 1356 699 1356 701 1357 700 1357 660 1357 701 1358 660 1358 661 1358 662 1359 701 1359 661 1359 702 1360 701 1360 662 1360 703 1361 662 1361 663 1361 702 1362 662 1362 703 1362 664 1363 703 1363 663 1363 704 1364 702 1364 703 1364 705 1365 703 1365 664 1365 705 1366 704 1366 703 1366 705 1367 664 1367 665 1367 706 1368 704 1368 705 1368 706 1369 665 1369 666 1369 706 1370 705 1370 665 1370 706 1371 707 1371 704 1371 706 1372 666 1372 667 1372 708 1373 707 1373 706 1373 708 1374 706 1374 667 1374 668 1375 708 1375 667 1375 672 1376 708 1376 668 1376 709 1377 708 1377 672 1377 683 1378 707 1378 708 1378 683 1379 708 1379 709 1379 709 1380 672 1380 671 1380 710 1381 683 1381 709 1381 710 1382 711 1382 683 1382 710 1383 709 1383 671 1383 710 1384 671 1384 670 1384 712 1385 710 1385 670 1385 669 1386 712 1386 670 1386 712 1387 711 1387 710 1387 713 1388 711 1388 712 1388 713 1389 712 1389 669 1389 675 1390 713 1390 669 1390 715 1391 716 1391 717 1391 717 1392 720 1392 715 1392 714 1393 716 1393 715 1393 720 1394 722 1394 715 1394 722 1395 718 1395 715 1395 718 1396 724 1396 715 1396 724 1397 723 1397 715 1397 715 1398 723 1398 719 1398 715 1399 719 1399 721 1399 721 1400 726 1400 715 1400 726 1401 727 1401 715 1401 715 1402 728 1402 725 1402 715 1403 725 1403 729 1403 727 1404 728 1404 715 1404 729 1405 730 1405 715 1405 715 1406 731 1406 732 1406 730 1407 731 1407 715 1407 732 1408 733 1408 715 1408 733 1409 714 1409 715 1409 747 1410 734 1410 714 1410 714 1411 734 1411 716 1411 734 1412 735 1412 716 1412 716 1413 735 1413 717 1413 717 1414 735 1414 720 1414 735 1415 736 1415 720 1415 720 1416 736 1416 722 1416 736 1417 737 1417 722 1417 722 1418 737 1418 718 1418 737 1419 738 1419 718 1419 718 1420 738 1420 724 1420 738 1421 739 1421 724 1421 724 1422 739 1422 723 1422 739 1423 740 1423 723 1423 723 1424 740 1424 719 1424 719 1425 740 1425 721 1425 721 1426 740 1426 726 1426 740 1427 741 1427 726 1427 726 1428 741 1428 727 1428 741 1429 742 1429 727 1429 727 1430 742 1430 728 1430 728 1431 742 1431 725 1431 742 1432 743 1432 725 1432 725 1433 743 1433 729 1433 729 1434 743 1434 730 1434 743 1435 744 1435 730 1435 730 1436 745 1436 731 1436 744 1437 745 1437 730 1437 745 1438 746 1438 731 1438 731 1439 746 1439 732 1439 746 1440 747 1440 732 1440 732 1441 747 1441 733 1441 733 1442 747 1442 714 1442 751 1443 752 1443 753 1443 753 1444 752 1444 754 1444 748 1445 754 1445 755 1445 757 1446 758 1446 785 1446 756 1447 758 1447 564 1447 785 1448 758 1448 756 1448 564 1449 758 1449 673 1449 760 1450 759 1450 761 1450 760 1451 762 1451 759 1451 675 1452 762 1452 713 1452 759 1453 762 1453 675 1453 764 1454 765 1454 763 1454 763 1455 765 1455 678 1455 766 1456 765 1456 764 1456 678 1457 765 1457 636 1457 768 1458 767 1458 769 1458 768 1459 633 1459 767 1459 767 1460 633 1460 634 1460 848 1461 633 1461 768 1461 753 1462 771 1462 751 1462 754 1463 771 1463 753 1463 748 1464 772 1464 754 1464 773 1465 774 1465 750 1465 750 1466 774 1466 749 1466 752 1467 751 1467 774 1467 774 1468 751 1468 749 1468 773 1469 775 1469 774 1469 777 1470 752 1470 774 1470 778 1471 752 1471 777 1471 778 1472 777 1472 780 1472 776 1473 781 1473 779 1473 782 1474 754 1474 752 1474 752 1475 778 1475 782 1475 782 1476 778 1476 783 1476 783 1477 778 1477 780 1477 779 1478 785 1478 780 1478 780 1479 756 1479 783 1479 754 1480 782 1480 755 1480 784 1481 787 1482 786 1483 782 1484 783 1484 755 1484 564 1485 783 1485 756 1485 755 1486 783 1486 564 1486 788 1487 791 1487 757 1487 757 1488 791 1488 792 1488 789 1489 793 1489 790 1489 790 1490 793 1490 794 1490 791 1491 795 1491 792 1491 790 1492 795 1492 791 1492 758 1493 757 1493 796 1493 794 1494 795 1494 790 1494 793 1495 797 1495 794 1495 673 1496 758 1496 674 1496 757 1497 792 1497 796 1497 758 1498 796 1498 674 1498 794 1499 761 1499 795 1499 795 1500 761 1500 792 1500 797 1501 799 1501 798 1501 796 1502 792 1502 759 1502 794 1503 760 1503 761 1503 761 1504 759 1504 792 1504 799 1505 800 1505 798 1505 759 1506 674 1506 796 1506 675 1507 674 1507 759 1507 800 1508 803 1508 802 1508 802 1509 803 1509 807 1509 808 1510 762 1510 804 1510 802 1511 809 1511 804 1511 804 1512 809 1512 805 1512 803 1513 806 1513 807 1513 762 1514 808 1514 713 1514 804 1515 805 1515 808 1515 810 1516 811 1516 806 1516 807 1517 809 1517 802 1517 713 1518 808 1518 813 1518 807 1519 812 1519 809 1519 808 1520 815 1520 816 1520 805 1521 815 1521 808 1521 809 1522 815 1522 805 1522 817 1523 811 1523 810 1523 811 1524 817 1524 814 1524 808 1525 818 1525 813 1525 807 1526 819 1526 812 1526 812 1527 819 1527 820 1527 812 1528 815 1528 809 1528 816 1529 818 1529 808 1529 813 1530 818 1530 822 1530 815 1531 820 1531 816 1531 812 1532 820 1532 815 1532 821 1533 824 1533 823 1533 818 1534 816 1534 822 1534 814 1535 825 1535 819 1535 816 1536 820 1536 826 1536 820 1537 828 1537 826 1537 827 1538 831 1538 830 1538 816 1539 826 1539 822 1539 825 1540 763 1540 828 1540 823 1541 764 1541 829 1541 830 1542 831 1542 832 1542 822 1543 826 1543 833 1543 826 1544 828 1544 833 1544 833 1545 828 1545 678 1545 678 1546 828 1546 763 1546 764 1547 835 1547 766 1547 834 1548 837 1548 836 1548 832 1549 835 1549 830 1549 836 1550 837 1550 838 1550 835 1551 832 1551 766 1551 836 1552 840 1552 832 1552 832 1553 840 1553 766 1553 766 1554 840 1554 841 1554 765 1555 766 1555 842 1555 838 1556 839 1556 843 1556 838 1557 840 1557 836 1557 636 1558 765 1558 635 1558 766 1559 841 1559 842 1559 839 1560 844 1560 843 1560 841 1561 840 1561 769 1561 765 1562 842 1562 635 1562 843 1563 769 1563 838 1563 838 1564 769 1564 840 1564 844 1565 845 1565 846 1565 845 1566 847 1566 846 1566 842 1567 841 1567 767 1567 769 1568 767 1568 841 1568 767 1569 635 1569 842 1569 846 1570 848 1570 768 1570 634 1571 635 1571 767 1571 847 1572 850 1572 849 1572 770 1573 849 1573 850 1573 848 1574 851 1574 633 1574 770 1575 749 1575 849 1575 852 1576 771 1576 853 1576 849 1577 771 1577 852 1577 851 1578 853 1578 854 1578 849 1579 751 1579 771 1579 749 1580 751 1580 849 1580 633 1581 854 1581 748 1581 851 1582 854 1582 633 1582 748 1583 854 1583 772 1583 771 1584 772 1584 853 1584 754 1585 772 1585 771 1585 853 1586 772 1586 854 1586 779 1587 775 1587 776 1587 779 1588 777 1588 775 1588 780 1589 777 1589 779 1589 775 1590 777 1590 774 1590 786 1591 781 1591 784 1591 756 1592 780 1592 785 1592 788 1593 781 1593 786 1593 779 1594 781 1594 785 1594 785 1595 781 1595 788 1595 790 1596 787 1596 789 1596 785 1597 788 1597 757 1597 787 1598 791 1598 786 1598 790 1599 791 1599 787 1599 786 1600 791 1600 788 1600 797 1601 760 1601 794 1601 801 1602 760 1602 798 1602 798 1603 760 1603 797 1603 762 1604 760 1604 801 1604 798 1605 804 1605 801 1605 800 1606 804 1606 798 1606 802 1607 804 1607 800 1607 801 1608 804 1608 762 1608 806 1609 811 1609 807 1609 811 1610 819 1610 807 1610 814 1611 819 1611 811 1611 823 1612 817 1612 821 1612 829 1613 825 1613 823 1613 823 1614 825 1614 817 1614 817 1615 825 1615 814 1615 819 1616 825 1616 820 1616 820 1617 825 1617 828 1617 824 1618 827 1618 823 1618 763 1619 825 1619 829 1619 827 1620 764 1620 823 1620 830 1621 764 1621 827 1621 835 1622 764 1622 830 1622 829 1623 764 1623 763 1623 834 1624 832 1624 831 1624 836 1625 832 1625 834 1625 839 1626 838 1626 837 1626 844 1627 768 1627 843 1627 846 1628 768 1628 844 1628 843 1629 768 1629 769 1629 849 1630 852 1630 847 1630 846 1631 852 1631 848 1631 847 1632 852 1632 846 1632 851 1633 848 1633 853 1633 852 1634 853 1634 848 1634 870 1635 837 1635 834 1635 855 1636 870 1636 834 1636 855 1637 834 1637 831 1637 855 1638 831 1638 827 1638 856 1639 855 1639 827 1639 856 1640 827 1640 824 1640 856 1641 824 1641 821 1641 857 1642 856 1642 821 1642 857 1643 821 1643 817 1643 857 1644 817 1644 810 1644 858 1645 857 1645 810 1645 858 1646 810 1646 806 1646 859 1647 858 1647 806 1647 859 1648 806 1648 803 1648 859 1649 803 1649 800 1649 860 1650 859 1650 800 1650 860 1651 800 1651 799 1651 860 1652 799 1652 797 1652 861 1653 860 1653 797 1653 861 1654 797 1654 793 1654 862 1655 861 1655 793 1655 862 1656 793 1656 789 1656 862 1657 789 1657 787 1657 863 1658 862 1658 787 1658 863 1659 787 1659 784 1659 863 1660 784 1660 781 1660 864 1661 863 1661 781 1661 864 1662 781 1662 776 1662 864 1663 776 1663 775 1663 865 1664 864 1664 775 1664 865 1665 775 1665 773 1665 865 1666 773 1666 750 1666 866 1667 865 1667 750 1667 866 1668 750 1668 749 1668 867 1669 866 1669 749 1669 867 1670 749 1670 770 1670 867 1671 770 1671 850 1671 868 1672 867 1672 850 1672 868 1673 850 1673 847 1673 868 1674 847 1674 845 1674 869 1675 868 1675 845 1675 869 1676 845 1676 844 1676 869 1677 844 1677 839 1677 870 1678 869 1678 839 1678 870 1679 839 1679 837 1679 864 1680 743 1680 742 1680 865 1681 743 1681 864 1681 742 1682 741 1682 864 1682 864 1683 741 1683 863 1683 866 1684 743 1684 865 1684 863 1685 741 1685 862 1685 866 1686 744 1686 743 1686 867 1687 744 1687 866 1687 741 1688 740 1688 862 1688 867 1689 745 1689 744 1689 862 1690 740 1690 861 1690 868 1691 745 1691 867 1691 868 1692 746 1692 745 1692 740 1693 739 1693 861 1693 861 1694 739 1694 860 1694 868 1695 869 1695 746 1695 738 1696 860 1696 739 1696 746 1697 869 1697 747 1697 738 1698 859 1698 860 1698 869 1699 870 1699 747 1699 737 1700 859 1700 738 1700 737 1701 858 1701 859 1701 747 1702 855 1702 734 1702 870 1703 855 1703 747 1703 736 1704 858 1704 737 1704 736 1705 857 1705 858 1705 855 1706 856 1706 734 1706 734 1707 856 1707 735 1707 735 1708 857 1708 736 1708 735 1709 856 1709 857 1709 711 1710 713 1710 813 1710 822 1711 711 1711 813 1711 871 1712 707 1712 683 1712 872 1713 871 1713 683 1713 873 1714 707 1714 871 1714 873 1715 704 1715 707 1715 677 1716 833 1716 678 1716 872 1717 683 1717 711 1717 874 1718 704 1718 873 1718 677 1719 822 1719 833 1719 875 1720 872 1720 711 1720 875 1721 711 1721 822 1721 876 1722 704 1722 874 1722 876 1723 702 1723 704 1723 875 1724 822 1724 677 1724 978 1725 875 1725 677 1725 877 1726 978 1726 677 1726 878 1727 701 1727 702 1727 878 1728 702 1728 876 1728 877 1729 677 1729 681 1729 879 1730 701 1730 878 1730 880 1731 681 1731 682 1731 880 1732 877 1732 681 1732 879 1733 699 1733 701 1733 881 1734 699 1734 879 1734 684 1735 880 1735 682 1735 684 1736 882 1736 880 1736 699 1737 881 1737 883 1737 695 1738 699 1738 883 1738 684 1739 884 1739 882 1739 687 1740 884 1740 684 1740 695 1741 883 1741 885 1741 687 1742 886 1742 884 1742 695 1743 885 1743 887 1743 694 1744 695 1744 887 1744 688 1745 886 1745 687 1745 694 1746 887 1746 888 1746 688 1747 889 1747 886 1747 692 1748 694 1748 888 1748 690 1749 889 1749 688 1749 692 1750 888 1750 890 1750 690 1751 890 1751 889 1751 691 1752 692 1752 890 1752 691 1753 890 1753 690 1753 1024 1754 891 1754 892 1754 891 1755 893 1755 892 1755 895 1756 894 1756 891 1756 891 1757 894 1757 893 1757 892 1758 893 1758 896 1758 894 1759 897 1759 893 1759 898 1760 900 1760 895 1760 895 1761 900 1761 894 1761 893 1762 899 1762 896 1762 897 1763 899 1763 893 1763 894 1764 903 1764 897 1764 896 1765 901 1765 902 1765 899 1766 901 1766 896 1766 900 1767 903 1767 894 1767 898 1768 904 1768 900 1768 903 1769 905 1769 897 1769 897 1770 905 1770 899 1770 900 1771 907 1771 903 1771 887 1772 885 1772 904 1772 903 1773 906 1773 905 1773 904 1774 907 1774 900 1774 905 1775 908 1775 899 1775 899 1776 908 1776 901 1776 904 1777 885 1777 907 1777 903 1778 907 1778 906 1778 883 1779 907 1779 885 1779 906 1780 910 1780 905 1780 901 1781 909 1781 902 1781 905 1782 910 1782 908 1782 901 1783 911 1783 909 1783 901 1784 908 1784 911 1784 907 1785 912 1785 906 1785 906 1786 914 1786 910 1786 912 1787 914 1787 906 1787 909 1788 913 1788 915 1788 909 1789 911 1789 913 1789 910 1790 916 1790 908 1790 907 1791 883 1791 912 1791 910 1792 914 1792 916 1792 908 1793 917 1793 911 1793 881 1794 912 1794 883 1794 913 1795 918 1795 915 1795 916 1796 917 1796 908 1796 912 1797 919 1797 914 1797 911 1798 920 1798 913 1798 911 1799 917 1799 920 1799 881 1800 919 1800 912 1800 918 1801 921 1801 915 1801 914 1802 919 1802 916 1802 920 1803 922 1803 913 1803 913 1804 922 1804 918 1804 879 1805 919 1805 881 1805 918 1806 922 1806 921 1806 917 1807 923 1807 920 1807 915 1808 921 1808 925 1808 916 1809 924 1809 917 1809 919 1810 924 1810 916 1810 920 1811 923 1811 922 1811 879 1812 924 1812 919 1812 922 1813 926 1813 921 1813 924 1814 927 1814 917 1814 917 1815 927 1815 923 1815 923 1816 928 1816 922 1816 923 1817 929 1817 928 1817 921 1818 926 1818 925 1818 922 1819 928 1819 926 1819 923 1820 927 1820 929 1820 878 1821 924 1821 879 1821 926 1822 931 1822 925 1822 928 1823 932 1823 926 1823 925 1824 934 1824 930 1824 929 1825 933 1825 928 1825 924 1826 878 1826 927 1826 925 1827 931 1827 934 1827 928 1828 933 1828 932 1828 876 1829 927 1829 878 1829 930 1830 935 1830 936 1830 932 1831 931 1831 926 1831 930 1832 934 1832 935 1832 931 1833 937 1833 934 1833 933 1834 938 1834 932 1834 929 1835 939 1835 933 1835 927 1836 876 1836 929 1836 933 1837 939 1837 938 1837 935 1838 940 1838 936 1838 936 1839 940 1839 941 1839 932 1840 942 1840 931 1840 937 1841 935 1841 934 1841 932 1842 938 1842 942 1842 939 1843 943 1843 938 1843 929 1844 876 1844 939 1844 931 1845 942 1845 937 1845 874 1846 939 1846 876 1846 937 1847 944 1847 935 1847 943 1848 942 1848 938 1848 935 1849 944 1849 940 1849 937 1850 942 1850 944 1850 874 1851 943 1851 939 1851 941 1852 945 1852 946 1852 942 1853 947 1853 944 1853 940 1854 948 1854 941 1854 941 1855 948 1855 945 1855 943 1856 873 1856 942 1856 874 1857 873 1857 943 1857 940 1858 949 1858 948 1858 942 1859 873 1859 947 1859 944 1860 949 1860 940 1860 947 1861 950 1861 944 1861 945 1862 951 1862 946 1862 944 1863 950 1863 949 1863 948 1864 952 1864 945 1864 947 1865 953 1865 950 1865 945 1866 952 1866 951 1866 949 1867 954 1867 948 1867 948 1868 954 1868 952 1868 947 1869 873 1869 953 1869 946 1870 951 1870 955 1870 950 1871 956 1871 949 1871 871 1872 953 1872 873 1872 951 1873 957 1873 955 1873 953 1874 959 1874 950 1874 951 1875 952 1875 958 1875 949 1876 956 1876 954 1876 871 1877 959 1877 953 1877 951 1878 958 1878 957 1878 954 1879 960 1879 952 1879 950 1880 959 1880 956 1880 957 1881 961 1881 955 1881 956 1882 962 1882 954 1882 872 1883 959 1883 871 1883 955 1884 961 1884 963 1884 952 1885 960 1885 958 1885 954 1886 962 1886 960 1886 959 1887 872 1887 956 1887 956 1888 872 1888 962 1888 961 1889 964 1889 963 1889 958 1890 965 1890 957 1890 960 1891 966 1891 958 1891 957 1892 967 1892 961 1892 957 1893 965 1893 967 1893 958 1894 966 1894 965 1894 962 1895 968 1895 960 1895 961 1896 967 1896 964 1896 960 1897 968 1897 966 1897 875 1898 962 1898 872 1898 968 1899 970 1899 966 1899 875 1900 968 1900 962 1900 966 1901 970 1901 965 1901 963 1902 964 1902 969 1902 965 1903 971 1903 967 1903 964 1904 972 1904 969 1904 964 1905 973 1905 972 1905 967 1906 974 1906 964 1906 965 1907 970 1907 971 1907 967 1908 971 1908 974 1908 875 1909 970 1909 968 1909 964 1910 974 1910 973 1910 970 1911 975 1911 971 1911 978 1912 970 1912 875 1912 969 1913 972 1913 976 1913 973 1914 977 1914 972 1914 977 1915 979 1915 972 1915 970 1916 978 1916 975 1916 972 1917 979 1917 976 1917 973 1918 974 1918 977 1918 971 1919 980 1919 974 1919 975 1920 980 1920 971 1920 979 1921 981 1921 976 1921 974 1922 982 1922 977 1922 980 1923 982 1923 974 1923 877 1924 975 1924 978 1924 976 1925 981 1925 983 1925 979 1926 984 1926 981 1926 979 1927 985 1927 984 1927 977 1928 985 1928 979 1928 982 1929 986 1929 977 1929 975 1930 987 1930 980 1930 981 1931 988 1931 983 1931 984 1932 989 1932 981 1932 977 1933 986 1933 985 1933 980 1934 987 1934 982 1934 877 1935 987 1935 975 1935 981 1936 989 1936 988 1936 880 1937 987 1937 877 1937 982 1938 987 1938 986 1938 984 1939 985 1939 989 1939 988 1940 990 1940 983 1940 987 1941 882 1941 986 1941 986 1942 991 1942 985 1942 880 1943 882 1943 987 1943 983 1944 990 1944 992 1944 985 1945 993 1945 989 1945 991 1946 993 1946 985 1946 988 1947 994 1947 990 1947 986 1948 882 1948 991 1948 990 1949 995 1949 992 1949 989 1950 994 1950 988 1950 993 1951 996 1951 989 1951 882 1952 997 1952 991 1952 994 1953 995 1953 990 1953 989 1954 996 1954 994 1954 991 1955 996 1955 993 1955 996 1956 998 1956 994 1956 884 1957 997 1957 882 1957 991 1958 997 1958 996 1958 992 1959 1000 1959 999 1959 995 1960 1000 1960 992 1960 998 1961 1001 1961 994 1961 997 1962 1002 1962 996 1962 995 1963 1003 1963 1000 1963 994 1964 1001 1964 995 1964 884 1965 1002 1965 997 1965 1000 1966 1004 1966 999 1966 995 1967 1001 1967 1003 1967 998 1968 1005 1968 1001 1968 996 1969 1002 1969 998 1969 1004 1970 1006 1970 999 1970 1002 1971 1005 1971 998 1971 886 1972 1002 1972 884 1972 999 1973 1006 1973 1007 1973 1003 1974 1008 1974 1000 1974 886 1975 1005 1975 1002 1975 1000 1976 1008 1976 1004 1976 1001 1977 1009 1977 1003 1977 1005 1978 1010 1978 1001 1978 1006 1979 1011 1979 1007 1979 1004 1980 1012 1980 1006 1980 1003 1981 1009 1981 1008 1981 1001 1982 1010 1982 1009 1982 1006 1983 1012 1983 1011 1983 1004 1984 1008 1984 1012 1984 886 1985 1010 1985 1005 1985 1011 1986 1013 1986 1007 1986 1009 1987 1014 1987 1008 1987 1010 1988 1014 1988 1009 1988 1008 1989 1016 1989 1012 1989 889 1990 1010 1990 886 1990 1007 1991 1013 1991 1017 1991 1008 1992 1014 1992 1016 1992 889 1993 1015 1993 1010 1993 1012 1994 1018 1994 1011 1994 1010 1995 1015 1995 1014 1995 1016 1996 1018 1996 1012 1996 1013 1997 1019 1997 1017 1997 1011 1998 1020 1998 1013 1998 1014 1999 1021 1999 1016 1999 1014 2000 1022 2000 1021 2000 1011 2001 1018 2001 1020 2001 1016 2002 1023 2002 1018 2002 1015 2003 1022 2003 1014 2003 889 2004 1022 2004 1015 2004 1013 2005 1020 2005 1019 2005 1016 2006 1021 2006 1023 2006 890 2007 1022 2007 889 2007 1023 2008 1025 2008 1018 2008 1019 2009 1026 2009 1017 2009 1017 2010 1026 2010 1024 2010 1020 2011 1027 2011 1019 2011 1018 2012 1025 2012 1020 2012 1022 2013 890 2013 1021 2013 1019 2014 1027 2014 1026 2014 1025 2015 1028 2015 1020 2015 1021 2016 890 2016 1023 2016 1026 2017 891 2017 1024 2017 1020 2018 1028 2018 1027 2018 1023 2019 1029 2019 1025 2019 890 2020 1029 2020 1023 2020 891 2021 1026 2021 895 2021 1027 2022 1030 2022 1026 2022 1025 2023 1029 2023 1028 2023 888 2024 1029 2024 890 2024 1026 2025 1030 2025 895 2025 1028 2026 1030 2026 1027 2026 895 2027 1030 2027 898 2027 1029 2028 1031 2028 1028 2028 1028 2029 1031 2029 1030 2029 1029 2030 888 2030 1031 2030 1030 2031 904 2031 898 2031 1031 2032 904 2032 1030 2032 887 2033 1031 2033 888 2033 1031 2034 887 2034 904 2034 564 2035 563 2035 755 2035 563 2036 748 2036 755 2036 572 2037 936 2037 941 2037 575 2038 936 2038 572 2038 572 2039 946 2039 570 2039 941 2040 946 2040 572 2040 575 2041 930 2041 936 2041 748 2042 631 2042 633 2042 575 2043 925 2043 930 2043 570 2044 946 2044 563 2044 580 2045 925 2045 575 2045 946 2046 955 2046 563 2046 580 2047 915 2047 925 2047 563 2048 955 2048 748 2048 748 2049 955 2049 631 2049 631 2050 955 2050 627 2050 583 2051 915 2051 580 2051 955 2052 963 2052 627 2052 583 2053 909 2053 915 2053 587 2054 909 2054 583 2054 627 2055 963 2055 623 2055 587 2056 902 2056 909 2056 963 2057 969 2057 623 2057 587 2058 591 2058 902 2058 976 2059 623 2059 969 2059 902 2060 591 2060 896 2060 976 2061 619 2061 623 2061 983 2062 619 2062 976 2062 896 2063 591 2063 892 2063 591 2064 594 2064 892 2064 983 2065 612 2065 619 2065 594 2066 598 2066 892 2066 892 2067 598 2067 1024 2067 992 2068 612 2068 983 2068 1024 2069 598 2069 1017 2069 999 2070 612 2070 992 2070 598 2071 602 2071 1017 2071 999 2072 608 2072 612 2072 1017 2073 602 2073 1007 2073 1007 2074 608 2074 999 2074 1007 2075 602 2075 608 2075</p>
        </triangles>
        <triangles material="Part__Feature095_001-material" count="250">
          <input semantic="VERTEX" source="#ServoRod-mesh-vertices" offset="0"/>
          <input semantic="NORMAL" source="#ServoRod-mesh-normals" offset="1"/>
          <p>1060 2076 1032 2076 1033 2076 1034 2077 1033 2077 1032 2077 1033 2078 1034 2078 1035 2078 1036 2079 1035 2079 1034 2079 1035 2080 1036 2080 1037 2080 1038 2081 1037 2081 1036 2081 1037 2082 1038 2082 1039 2082 1040 2083 1039 2083 1038 2083 1039 2084 1040 2084 1041 2084 1042 2085 1041 2085 1040 2085 1041 2086 1042 2086 1043 2086 1044 2087 1043 2087 1042 2087 1043 2088 1044 2088 1045 2088 1046 2089 1045 2090 1044 2091 1045 2092 1046 2092 1047 2092 1048 2093 1047 2093 1046 2093 1047 2094 1048 2094 1049 2094 1048 2095 1050 2095 1049 2095 1051 2096 1050 2096 1048 2096 1051 2097 1052 2097 1050 2097 1053 2098 1052 2098 1051 2098 1052 2099 1053 2099 1054 2099 1055 2100 1054 2100 1053 2100 1054 2101 1055 2101 1056 2101 1057 2102 1056 2102 1055 2102 1056 2103 1057 2103 1058 2103 1059 2104 1058 2104 1057 2104 1058 2105 1059 2105 1060 2105 1032 2106 1060 2106 1059 2106 1075 2107 1061 2107 1047 2107 1047 2108 1061 2108 1045 2108 1061 2109 1062 2109 1045 2109 1045 2110 1062 2110 1043 2110 1062 2111 1063 2111 1043 2111 1043 2112 1063 2112 1041 2112 1063 2113 1064 2113 1041 2113 1041 2114 1064 2114 1039 2114 1039 2115 1065 2115 1037 2115 1064 2116 1065 2116 1039 2116 1065 2117 1066 2117 1037 2117 1037 2118 1066 2118 1035 2118 1066 2119 1067 2119 1035 2119 1035 2120 1067 2120 1033 2120 1067 2121 1068 2121 1033 2121 1033 2122 1068 2122 1060 2122 1068 2123 1069 2123 1060 2123 1060 2124 1069 2124 1058 2124 1069 2125 1070 2125 1058 2125 1058 2126 1070 2126 1056 2126 1070 2127 1071 2127 1056 2127 1056 2128 1071 2128 1054 2128 1071 2129 1072 2129 1054 2129 1054 2130 1072 2130 1052 2130 1072 2131 1073 2131 1052 2131 1073 2132 1074 2132 1052 2132 1052 2133 1074 2133 1050 2133 1050 2134 1074 2134 1049 2134 1074 2135 1075 2135 1049 2135 1049 2136 1075 2136 1047 2136 1076 2137 1057 2137 1077 2137 1076 2138 1059 2138 1057 2138 1078 2139 1059 2139 1076 2139 1077 2140 1057 2140 1079 2140 1057 2141 1055 2141 1079 2141 1078 2142 1032 2142 1059 2142 1080 2143 1032 2143 1078 2143 1055 2144 1053 2144 1079 2144 1079 2145 1053 2145 1081 2145 1080 2146 1034 2146 1032 2146 1082 2147 1034 2147 1080 2147 1053 2148 1051 2148 1081 2148 1083 2149 1036 2149 1082 2149 1082 2150 1036 2150 1034 2150 1081 2151 1051 2151 1084 2151 1051 2152 1048 2152 1084 2152 1036 2153 1083 2153 1038 2153 1083 2154 1085 2154 1038 2154 1048 2155 1086 2155 1084 2155 1046 2156 1086 2156 1048 2156 1038 2157 1085 2157 1040 2157 1085 2158 1087 2158 1040 2158 1046 2159 1088 2159 1086 2159 1087 2160 1089 2160 1040 2160 1044 2161 1088 2161 1046 2161 1040 2162 1089 2162 1042 2162 1044 2163 1090 2163 1088 2163 1089 2164 1090 2164 1042 2164 1042 2165 1090 2165 1044 2165 1075 2166 1091 2166 1061 2166 1092 2167 1061 2167 1091 2167 1061 2168 1092 2168 1062 2168 1093 2169 1062 2169 1092 2169 1062 2170 1093 2170 1063 2170 1094 2171 1063 2171 1093 2171 1063 2172 1094 2172 1064 2172 1095 2173 1064 2173 1094 2173 1064 2174 1095 2174 1065 2174 1096 2175 1065 2175 1095 2175 1065 2176 1096 2176 1066 2176 1097 2177 1066 2177 1096 2177 1066 2178 1097 2178 1067 2178 1098 2179 1067 2179 1097 2179 1067 2180 1098 2180 1068 2180 1099 2181 1068 2181 1098 2181 1068 2182 1099 2182 1069 2182 1099 2183 1070 2183 1069 2183 1100 2184 1070 2184 1099 2184 1100 2185 1071 2185 1070 2185 1101 2186 1071 2186 1100 2186 1071 2187 1101 2187 1072 2187 1102 2188 1072 2188 1101 2188 1072 2189 1102 2189 1073 2189 1103 2190 1073 2190 1102 2190 1073 2191 1103 2191 1074 2191 1104 2192 1074 2192 1103 2192 1074 2193 1104 2193 1075 2193 1091 2194 1075 2194 1104 2194 1100 2195 1099 2195 1105 2195 1099 2196 1106 2196 1105 2196 1099 2197 1108 2197 1106 2197 1101 2198 1100 2199 1105 2200 1101 2201 1105 2201 1107 2201 1098 2202 1108 2202 1099 2202 1098 2203 1109 2203 1108 2203 1102 2204 1107 2204 1110 2204 1102 2205 1101 2205 1107 2205 1097 2206 1111 2206 1109 2206 1097 2207 1109 2207 1098 2207 1103 2208 1110 2208 1112 2208 1103 2209 1102 2209 1110 2209 1097 2210 1113 2210 1111 2210 1096 2211 1113 2211 1097 2211 1114 2212 1103 2212 1112 2212 1114 2213 1104 2213 1103 2213 1115 2214 1113 2214 1096 2214 1115 2215 1096 2215 1095 2215 1116 2216 1104 2216 1114 2216 1116 2217 1091 2217 1104 2217 1117 2218 1115 2218 1095 2218 1117 2219 1095 2219 1094 2219 1116 2220 1092 2220 1091 2220 1118 2221 1117 2221 1094 2221 1118 2222 1094 2222 1093 2222 1119 2223 1092 2223 1116 2223 1119 2224 1093 2224 1092 2224 1119 2225 1118 2225 1093 2225 1121 2226 1120 2226 1085 2226 1083 2227 1121 2227 1085 2227 1122 2228 1121 2228 1083 2228 1082 2229 1122 2229 1083 2229 1123 2230 1122 2230 1082 2230 1124 2231 1123 2231 1082 2231 1124 2232 1082 2232 1080 2232 1078 2233 1124 2233 1080 2233 1078 2234 1125 2234 1124 2234 1126 2235 1078 2235 1076 2235 1126 2236 1125 2236 1078 2236 1127 2237 1126 2237 1076 2237 1127 2238 1076 2238 1077 2238 1128 2239 1127 2239 1077 2239 1128 2240 1077 2240 1079 2240 1129 2241 1128 2241 1079 2241 1130 2242 1079 2242 1081 2242 1130 2243 1129 2243 1079 2243 1081 2244 1131 2244 1130 2244 1131 2245 1081 2245 1084 2245 1132 2246 1131 2246 1084 2246 1133 2247 1132 2247 1084 2247 1133 2248 1084 2248 1086 2248 1134 2249 1133 2249 1086 2249 1134 2250 1086 2250 1088 2250 1135 2251 1134 2251 1088 2251 1136 2252 1135 2252 1088 2252 1090 2253 1136 2253 1088 2253 1137 2254 1136 2254 1090 2254 1137 2255 1090 2255 1089 2255 1138 2256 1089 2256 1087 2256 1138 2257 1137 2257 1089 2257 1087 2258 1085 2258 1120 2258 1087 2259 1120 2259 1138 2259 1139 2260 1140 2260 1117 2260 1139 2261 1117 2261 1118 2261 1141 2262 1139 2262 1118 2262 1141 2263 1118 2263 1119 2263 1142 2264 1141 2264 1119 2264 1142 2265 1119 2265 1116 2265 1143 2266 1142 2266 1116 2266 1144 2267 1116 2267 1114 2267 1144 2268 1143 2268 1116 2268 1114 2269 1145 2269 1144 2269 1146 2270 1114 2270 1112 2270 1146 2271 1145 2271 1114 2271 1147 2272 1146 2272 1112 2272 1147 2273 1112 2273 1110 2273 1148 2274 1147 2274 1110 2274 1148 2275 1110 2275 1107 2275 1149 2276 1148 2276 1107 2276 1149 2277 1107 2277 1105 2277 1105 2278 1150 2278 1149 2278 1150 2279 1105 2279 1106 2279 1151 2280 1106 2280 1108 2280 1151 2281 1150 2281 1106 2281 1152 2282 1151 2282 1108 2282 1152 2283 1108 2283 1109 2283 1153 2284 1152 2284 1109 2284 1153 2285 1109 2285 1111 2285 1154 2286 1153 2286 1111 2286 1155 2287 1111 2287 1113 2287 1155 2288 1154 2288 1111 2288 1113 2289 1156 2289 1155 2289 1156 2290 1113 2290 1115 2290 1156 2291 1115 2291 1117 2291 1117 2292 1140 2292 1156 2292 1141 2293 1142 2293 1136 2293 1141 2294 1136 2294 1137 2294 1139 2295 1141 2295 1137 2295 1139 2296 1137 2296 1138 2296 1139 2297 1138 2297 1120 2297 1140 2298 1139 2298 1120 2298 1133 2299 1145 2299 1132 2299 1133 2300 1144 2300 1145 2300 1134 2301 1143 2301 1144 2301 1134 2302 1144 2302 1133 2302 1135 2303 1143 2303 1134 2303 1135 2304 1142 2304 1143 2304 1136 2305 1142 2305 1135 2305 1154 2306 1122 2306 1123 2306 1155 2307 1122 2307 1154 2307 1155 2308 1121 2308 1122 2308 1156 2309 1121 2309 1155 2309 1156 2310 1120 2310 1121 2310 1140 2311 1120 2311 1156 2311 1151 2312 1125 2312 1126 2312 1152 2313 1125 2313 1151 2313 1152 2314 1124 2314 1125 2314 1153 2315 1124 2315 1152 2315 1153 2316 1123 2316 1124 2316 1154 2317 1123 2317 1153 2317 1129 2318 1147 2318 1148 2318 1130 2319 1147 2319 1129 2319 1131 2320 1146 2320 1147 2320 1131 2321 1147 2321 1130 2321 1131 2322 1145 2322 1146 2322 1132 2323 1145 2323 1131 2323 1150 2324 1126 2324 1127 2324 1150 2325 1151 2325 1126 2325 1150 2326 1127 2326 1128 2326 1149 2327 1150 2327 1128 2327 1148 2328 1128 2328 1129 2328 1148 2329 1149 2329 1128 2329</p>
        </triangles>
        <triangles material="Part__Feature096_001-material" count="252">
          <input semantic="VERTEX" source="#ServoRod-mesh-vertices" offset="0"/>
          <input semantic="NORMAL" source="#ServoRod-mesh-normals" offset="1"/>
          <p>1157 2330 1158 2330 1159 2330 1160 2331 1159 2331 1158 2331 1159 2332 1160 2332 1161 2332 1162 2333 1161 2333 1160 2333 1161 2334 1162 2334 1163 2334 1164 2335 1163 2335 1162 2335 1163 2336 1164 2336 1165 2336 1166 2337 1165 2337 1164 2337 1165 2338 1166 2338 1167 2338 1168 2339 1167 2339 1166 2339 1167 2340 1168 2340 1169 2340 1170 2341 1169 2341 1168 2341 1169 2342 1170 2342 1171 2342 1172 2343 1171 2343 1170 2343 1171 2344 1172 2344 1173 2344 1174 2345 1173 2345 1172 2345 1173 2346 1174 2346 1175 2346 1174 2347 1176 2347 1175 2347 1177 2348 1176 2348 1174 2348 1177 2349 1178 2349 1176 2349 1179 2350 1178 2350 1177 2350 1178 2351 1179 2351 1180 2351 1181 2352 1180 2352 1179 2352 1180 2353 1181 2353 1182 2353 1183 2354 1182 2354 1181 2354 1182 2355 1183 2355 1184 2355 1185 2356 1184 2356 1183 2356 1184 2357 1185 2357 1186 2357 1185 2358 1157 2358 1186 2358 1158 2359 1157 2359 1185 2359 1187 2360 1188 2360 1173 2360 1173 2361 1188 2361 1171 2361 1188 2362 1189 2362 1171 2362 1171 2363 1189 2363 1169 2363 1189 2364 1190 2364 1169 2364 1169 2365 1190 2365 1167 2365 1190 2366 1191 2366 1167 2366 1167 2367 1191 2367 1165 2367 1165 2368 1192 2368 1163 2368 1191 2369 1192 2369 1165 2369 1192 2370 1193 2370 1163 2370 1163 2371 1193 2371 1161 2371 1193 2372 1194 2372 1161 2372 1161 2373 1194 2373 1159 2373 1194 2374 1195 2374 1159 2374 1159 2375 1195 2375 1157 2375 1195 2376 1196 2376 1157 2376 1157 2377 1196 2377 1186 2377 1196 2378 1197 2378 1186 2378 1186 2379 1197 2379 1184 2379 1184 2380 1197 2380 1182 2380 1197 2381 1198 2381 1182 2381 1182 2382 1198 2382 1180 2382 1198 2383 1199 2383 1180 2383 1180 2384 1199 2384 1178 2384 1199 2385 1200 2385 1178 2385 1200 2386 1201 2386 1178 2386 1178 2387 1201 2387 1176 2387 1176 2388 1201 2388 1175 2388 1201 2389 1202 2389 1175 2389 1175 2390 1202 2390 1173 2390 1202 2391 1187 2391 1173 2391 1204 2392 1183 2392 1203 2392 1204 2393 1185 2393 1183 2393 1203 2394 1183 2394 1205 2394 1183 2395 1181 2395 1205 2395 1205 2396 1181 2396 1206 2396 1204 2397 1158 2397 1185 2397 1207 2398 1158 2398 1204 2398 1181 2399 1179 2399 1206 2399 1207 2400 1160 2400 1158 2400 1208 2401 1160 2401 1207 2401 1206 2402 1179 2402 1209 2402 1179 2403 1177 2403 1209 2403 1208 2404 1162 2404 1160 2404 1209 2405 1177 2405 1210 2405 1177 2406 1174 2406 1210 2406 1208 2407 1211 2407 1162 2407 1162 2408 1211 2408 1164 2408 1174 2409 1212 2409 1210 2409 1211 2410 1213 2410 1164 2410 1172 2411 1212 2411 1174 2411 1164 2412 1213 2412 1166 2412 1172 2413 1214 2413 1212 2413 1170 2414 1214 2414 1172 2414 1166 2415 1215 2415 1168 2415 1213 2416 1215 2416 1166 2416 1170 2417 1216 2417 1214 2417 1215 2418 1216 2418 1168 2418 1168 2419 1216 2419 1170 2419 1218 2420 1187 2420 1217 2420 1187 2421 1218 2421 1188 2421 1188 2422 1218 2422 1189 2422 1219 2423 1189 2423 1218 2423 1189 2424 1219 2424 1190 2424 1220 2425 1190 2425 1219 2425 1190 2426 1220 2426 1191 2426 1221 2427 1191 2427 1220 2427 1191 2428 1221 2428 1192 2428 1222 2429 1192 2429 1221 2429 1192 2430 1222 2430 1193 2430 1223 2431 1193 2431 1222 2431 1193 2432 1223 2432 1194 2432 1224 2433 1194 2433 1223 2433 1194 2434 1224 2434 1195 2434 1224 2435 1196 2435 1195 2435 1225 2436 1196 2436 1224 2436 1196 2437 1225 2437 1197 2437 1226 2438 1197 2438 1225 2438 1226 2439 1198 2439 1197 2439 1227 2440 1198 2440 1226 2440 1198 2441 1227 2441 1199 2441 1228 2442 1199 2442 1227 2442 1199 2443 1228 2443 1200 2443 1229 2444 1200 2444 1228 2444 1200 2445 1229 2445 1201 2445 1230 2446 1201 2446 1229 2446 1201 2447 1230 2447 1202 2447 1217 2448 1202 2448 1230 2448 1202 2449 1217 2449 1187 2449 1226 2450 1231 2450 1232 2450 1226 2451 1225 2451 1231 2451 1226 2452 1232 2452 1233 2452 1225 2453 1234 2453 1231 2453 1227 2454 1226 2454 1233 2454 1224 2455 1234 2455 1225 2455 1227 2456 1233 2456 1235 2456 1228 2457 1227 2457 1235 2457 1224 2458 1237 2458 1234 2458 1228 2459 1235 2459 1236 2459 1223 2460 1237 2460 1224 2460 1229 2461 1228 2461 1236 2461 1229 2462 1236 2462 1238 2462 1223 2463 1239 2463 1237 2463 1222 2464 1239 2464 1223 2464 1238 2465 1230 2465 1229 2465 1240 2466 1230 2466 1238 2466 1241 2467 1239 2467 1222 2467 1241 2468 1222 2468 1221 2468 1240 2469 1217 2469 1230 2469 1242 2470 1221 2470 1220 2470 1242 2471 1241 2471 1221 2471 1243 2472 1217 2472 1240 2472 1243 2473 1218 2473 1217 2473 1244 2474 1218 2474 1243 2474 1242 2475 1220 2475 1219 2475 1245 2476 1242 2476 1219 2476 1244 2477 1219 2477 1218 2477 1245 2478 1219 2478 1244 2478 1246 2479 1213 2479 1211 2479 1246 2480 1247 2480 1213 2480 1248 2481 1246 2481 1211 2481 1248 2482 1211 2482 1208 2482 1249 2483 1248 2483 1208 2483 1249 2484 1208 2484 1207 2484 1250 2485 1249 2485 1207 2485 1207 2486 1251 2486 1250 2486 1204 2487 1251 2487 1207 2487 1252 2488 1251 2488 1204 2488 1252 2489 1204 2489 1203 2489 1253 2490 1252 2490 1203 2490 1253 2491 1203 2491 1205 2491 1254 2492 1253 2492 1205 2492 1254 2493 1205 2493 1206 2493 1255 2494 1254 2494 1206 2494 1256 2495 1255 2495 1206 2495 1256 2496 1206 2496 1209 2496 1257 2497 1256 2497 1209 2497 1257 2498 1209 2498 1210 2498 1258 2499 1257 2499 1210 2499 1258 2500 1210 2500 1212 2500 1259 2501 1258 2501 1212 2501 1259 2502 1212 2502 1214 2502 1260 2503 1259 2503 1214 2503 1261 2504 1260 2504 1214 2504 1261 2505 1214 2505 1216 2505 1262 2506 1261 2506 1216 2506 1262 2507 1216 2507 1215 2507 1263 2508 1215 2508 1213 2508 1263 2509 1262 2509 1215 2509 1213 2510 1247 2510 1263 2510 1264 2511 1265 2511 1242 2511 1266 2512 1264 2512 1242 2512 1266 2513 1242 2513 1245 2513 1266 2514 1245 2514 1244 2514 1267 2515 1266 2515 1244 2515 1267 2516 1244 2516 1243 2516 1268 2517 1267 2517 1243 2517 1240 2518 1268 2518 1243 2518 1269 2519 1268 2519 1240 2519 1240 2520 1270 2520 1269 2520 1270 2521 1240 2521 1238 2521 1271 2522 1270 2522 1238 2522 1272 2523 1271 2523 1238 2523 1272 2524 1238 2524 1236 2524 1272 2525 1236 2525 1235 2525 1273 2526 1272 2526 1235 2526 1274 2527 1235 2527 1233 2527 1274 2528 1273 2528 1235 2528 1233 2529 1275 2529 1274 2529 1275 2530 1233 2530 1232 2530 1275 2531 1232 2531 1231 2531 1276 2532 1275 2532 1231 2532 1277 2533 1276 2533 1231 2533 1277 2534 1231 2534 1234 2534 1278 2535 1277 2535 1234 2535 1278 2536 1234 2536 1237 2536 1279 2537 1278 2537 1237 2537 1280 2538 1279 2538 1237 2538 1281 2539 1237 2539 1239 2539 1281 2540 1280 2540 1237 2540 1239 2541 1282 2541 1281 2541 1282 2542 1239 2542 1241 2542 1241 2543 1242 2543 1265 2543 1282 2544 1241 2544 1265 2544 1266 2545 1267 2545 1261 2545 1266 2546 1261 2546 1262 2546 1264 2547 1266 2547 1262 2547 1264 2548 1262 2548 1263 2548 1264 2549 1263 2549 1247 2549 1265 2550 1264 2550 1247 2550 1258 2551 1269 2551 1270 2551 1259 2552 1269 2552 1258 2552 1259 2553 1268 2553 1269 2553 1260 2554 1268 2554 1259 2554 1260 2555 1267 2555 1268 2555 1261 2556 1267 2556 1260 2556 1280 2557 1248 2557 1249 2557 1281 2558 1248 2558 1280 2558 1282 2559 1248 2559 1281 2559 1282 2560 1246 2560 1248 2560 1282 2561 1247 2561 1246 2561 1265 2562 1247 2562 1282 2562 1276 2563 1251 2563 1252 2563 1277 2564 1251 2564 1276 2564 1278 2565 1251 2565 1277 2565 1278 2566 1250 2566 1251 2566 1279 2567 1250 2567 1278 2567 1279 2568 1249 2568 1250 2568 1280 2569 1249 2569 1279 2569 1255 2570 1272 2570 1273 2570 1256 2571 1272 2571 1255 2571 1256 2572 1271 2572 1272 2572 1257 2573 1271 2573 1256 2573 1257 2574 1270 2574 1271 2574 1258 2575 1270 2575 1257 2575 1275 2576 1276 2576 1252 2576 1275 2577 1252 2577 1253 2577 1274 2578 1253 2578 1254 2578 1274 2579 1275 2579 1253 2579 1273 2580 1254 2580 1255 2580 1273 2581 1274 2581 1254 2581</p>
        </triangles>
      </mesh>
    </geometry>
  </library_geometries>
  <library_visual_scenes>
    <visual_scene id="Scene" name="Scene">
      <node id="servo_rod" name="servo_rod" type="NODE">
        <matrix sid="transform">-4.30473e-8 5.13018e-8 1 -7.27596e-12 0.9848077 -0.1736482 5.13018e-8 3.72529e-9 0.1736482 0.9848077 -4.30473e-8 0 0 0 0 1</matrix>
        <instance_geometry url="#ServoRod-mesh" name="servo_rod">
          <bind_material>
            <technique_common>
              <instance_material symbol="Part__Feature079_001-material" target="#Part__Feature079_001-material"/>
              <instance_material symbol="Part__Feature078_001-material" target="#Part__Feature078_001-material"/>
              <instance_material symbol="Part__Feature080_001-material" target="#Part__Feature080_001-material"/>
              <instance_material symbol="Part__Feature095_001-material" target="#Part__Feature095_001-material"/>
              <instance_material symbol="Part__Feature096_001-material" target="#Part__Feature096_001-material"/>
            </technique_common>
          </bind_material>
        </instance_geometry>
      </node>
      <node id="Camera" name="Camera" type="NODE">
        <matrix sid="transform">0.6859207 -0.3240135 0.6515582 7.358891 0.7276763 0.3054208 -0.6141704 -6.925791 0 0.8953956 0.4452714 4.958309 0 0 0 1</matrix>
        <instance_camera url="#Camera-camera"/>
      </node>
      <node id="Light" name="Light" type="NODE">
        <matrix sid="transform">-0.2908646 -0.7711008 0.5663932 4.076245 0.9551712 -0.1998834 0.2183912 1.005454 -0.05518906 0.6045247 0.7946723 5.903862 0 0 0 1</matrix>
        <instance_light url="#Light-light"/>
      </node>
    </visual_scene>
  </library_visual_scenes>
  <scene>
    <instance_visual_scene url="#Scene"/>
  </scene>
</COLLADA>